,member_id,attendance_date,facility,check_in_time
0,M00115,2026-01-07,badminton,13:15
1,M00143,2026-07-08,gym,08:45
2,M00033,2026-01-08,gym,12:15
3,M00518,2026-06-04,gym,12:45
4,M00226,2026-04-25,football,14:00
5,M00164,2026-06-28,basketball,16:30
6,M00160,2026-02-25,badminton,09:00
7,M00390,2026-01-25,badminton,17:30
8,M00045,2026-07-06,basketball,09:45
9,M00081,2026-05-22,badminton,17:15
10,M00072,2026-01-12,gym,15:00
11,M00239,2026-08-10,gym,18:30
12,M00465,2026-06-12,badminton,11:30
13,M00364,2026-02-23,badminton,08:15
14,M00547,2026-07-06,swimming pool,11:45
15,M00389,2026-03-11,football,13:30
16,M00058,2026-02-28,gym,16:45
17,M00275,2026-01-17,swimming pool,16:15
18,M00512,2026-04-12,basketball,10:30
19,M00143,2026-03-05,football,14:45
20,M00598,2026-04-13,badminton,13:15
21,M00522,2026-05-07,gym,07:00
22,M00157,2026-06-10,swimming pool,19:00
23,M00395,2026-04-08,football,20:30
24,M00567,2026-08-09,gym,09:30
25,M00349,2026-01-29,swimming pool ,19:15
26,M00465,2026-01-01,badminton,11:00
27,M00306,2026-08-04,football,12:15
28,M00383,2026-07-15,swimming pool,06:30
29,M00501,2026-01-05,gym,17:30
30,M00246,2026-01-15,swimming pool,08:00
31,M00498,2026-07-28,gym,10:15
32,M00487,2026-08-31,football,11:30
33,M00541,2026-08-12,football,19:15
34,M00553,2026-07-13,swimming pool,15:45
35,M00383,2026-04-23,football,20:00
36,M00254,2026-02-27,gym,16:00
37,M00568,2026-02-28,football,13:00
38,M00073,2026-07-01,gym,13:00
39,M00033,2026-08-09,badminton,08:15
40,M00286,2026-06-21,basketball,12:15
41,M00585,2026-05-28,basketball,13:45
42,M00417,2026-02-18,gym,09:45
43,M00363,2026-04-19,basketball,20:00
44,M00101,2026-01-16,basketball,16:00
45,M00255,2026-02-19,swimming pool,20:15
46,M00433,2026-02-16,badminton,20:15
47,M00078,2026-04-24,football,09:00
48,M00554,2026-08-03,gym,08:15
49,M00171,2026-04-15,basketball,21:15
50,M00411,2026-08-20,gym,11:45
51,M00003,2026-04-10,badminton,20:30
52,M00434,2026-06-28,football,21:15
53,M00195,2026-03-17,swimming pool,07:00
54,M00322,2026-01-15,gym,21:15
55,M00059,2026-05-11,gym,11:00
56,M00070,2026-06-22,swimming pool,18:00
57,M00584,2026-03-05,football,07:00
58,M00430,2026-06-18,football,16:30
59,M00210,2026-06-21,badminton,13:30
60,M00406,2026-02-03,badminton,20:30
61,M00075,2026-01-03,basketball,09:00
62,M00551,2026-02-24,football,14:15
63,M00358,2026-08-14,gym,13:30
64,M00292,2026-02-10,basketball,15:00
65,M00568,2026-03-18,gym,10:30
66,M00119,2026-08-16,gym,10:30
67,M00289,2026-06-04,swimming pool,16:15
68,M00271,2026-05-10,basketball,14:00
69,M00095,2026-06-12,basketball,14:00
70,M00004,2026-03-27,swimming pool,14:15
71,M00453,2026-05-22,basketball,06:00
72,M00078,2026-08-30,swimming pool,07:30
73,M00597,2026-05-22,swimming pool,19:15
74,M00043,2026-03-20,badminton,07:30
75,M00216,2026-06-24,swimming pool,09:30
76,M00574,2026-08-15,basketball,10:15
77,M00167,2026-07-24,swimming pool,19:00
78,M00184,2026-07-08,badminton,19:15
79,M00274,2026-02-10,gym,18:00
80,M00482,2026-02-26,swimming pool,20:30
81,M00313,2026-07-30,swimming pool,13:00
82,M00198,2026-04-13,badminton,14:00
83,M00286,2026-03-31,football,18:30
84,M00029,2026-01-30,badminton,11:30
85,M00040,2026-01-28,football,19:30
86,M00322,2026-04-22,football,09:45
87,M00591,2026-02-18,badminton,07:45
88,M00002,2026-05-14,football,12:30
89,M00442,2026-01-18,badminton,16:00
90,M00308,2026-05-10,badminton,19:30
91,M00413,2026-06-28,badminton,10:15
92,M00431,2026-06-20,basketball,11:30
93,M00416,2026-05-21,gym,15:30
94,M00216,2026-04-21,football,16:45
95,M00453,2026-04-24,swimming pool,21:15
96,M00087,2026-03-14,football,16:00
97,M00241,2026-06-22,badminton,13:15
98,M00151,2026-01-07,gym,13:45
99,M00075,2026-04-27,basketball,12:45
100,M00507,2026-04-13,swimming pool,10:00
101,M00110,2026-07-19,basketball,13:15
102,M00531,2026-04-29,gym,13:00
103,M00468,2026-02-04,basketball,16:45
104,M00517,2026-04-20,football,20:15
105,M00487,2026-04-26,badminton,13:30
106,M00534,2026-05-05,swimming pool,14:45
107,M00080,2026-07-02,badminton,13:30
108,M00344,2026-03-23,football,08:15
109,M00155,2026-03-01,basketball,10:15
110,M00066,2026-04-17,basketball,16:45
111,M00426,2026-01-16,swimming pool,19:45
112,M00599,2026-08-31,gym,18:45
113,M00007,2026-08-30,badminton,15:45
114,M00430,2026-05-18,football,13:45
115,M00225,2026-03-11,basketball,21:00
116,M00399,2026-03-28,basketball,11:45
117,M00131,2026-06-09,football,06:45
118,M00578,2026-06-19,gym,08:45
119,M00139,2026-08-10,basketball,11:00
120,M00267,2026-04-08,badminton,12:45
121,M00335,2026-03-28,basketball,14:45
122,M00259,2026-08-02,gym,21:00
123,M00553,2026-01-14,badminton,13:00
124,M00042,2026-07-13,gym,13:15
125,M00021,2026-06-09,swimming pool,13:15
126,M00485,2026-06-21,gym,12:45
127,M00263,2026-07-16,badminton,11:00
128,M00168,2026-03-21,gym,06:30
129,M00590,2026-06-23,basketball,18:15
130,M00078,2026-06-01,swimming pool,09:30
131,M00124,2026-07-23,football,07:30
132,M00546,2026-04-20,badminton,08:30
133,M00013,2026-08-06,basketball,21:00
134,M00444,2026-04-03,basketball,10:45
135,M00181,2026-07-07,football,14:45
136,M00477,2026-04-22,football,14:30
137,M00252,2026-08-01,gym,14:45
138,M00250,2026-07-12,basketball,18:30
139,M00030,2026-05-07,badminton,11:45
140,M00218,2026-04-01,badminton,16:30
141,M00283,2026-05-23,gym,12:00
142,M00248,2026-07-04,basketball,21:15
143,M00488,2026-06-15,basketball,20:00
144,M00096,2026-03-17,swimming pool,18:15
145,M00314,2026-06-19,football,17:45
146,M00567,2026-05-16,badminton,19:30
147,M00361,2026-06-29,basketball,14:30
148,M00258,2026-03-01,gym,12:30
149,M00123,2026-07-10,football,11:15
150,M00222,2026-07-09,basketball,14:30
151,M00103,2026-08-02,swimming pool,15:15
152,M00370,2026-02-15,badminton,06:15
153,M00281,2026-01-12,gym,15:15
154,M00503,2026-01-27,gym,15:45
155,M00491,2026-04-23,badminton,11:00
156,M00259,2026-08-29,basketball,09:00
157,M00411,2026-05-06,gym,07:15
158,M00153,2026-07-27,football,15:00
159,M00255,2026-01-31,football,19:15
160,M00536,2026-04-08,basketball,20:30
161,M00440,2026-03-20,football,07:00
162,M00213,2026-06-10,swimming pool,14:00
163,M00161,2026-03-03,swimming pool,08:15
164,M00003,2026-04-15,basketball,21:30
165,M00034,2026-03-01,badminton,15:45
166,M00073,2026-06-25,swimming pool,14:15
167,M00436,2026-01-30,football,13:15
168,M00273,2026-07-31,swimming pool,08:00
169,M00170,2026-07-22,badminton,15:45
170,M00128,2026-04-30,badminton,18:30
171,M00513,2026-05-19,basketball,20:00
172,M00041,2026-08-16,basketball,16:30
173,M00027,2026-01-24,swimming pool,06:30
174,M00591,2026-01-11,swimming pool,21:45
175,M00285,2026-02-16,football,19:45
176,M00094,2026-05-01,badminton,19:30
177,M00329,2026-06-21,gym,11:30
178,M00422,2026-06-27,basketball,15:45
179,M00564,2026-01-10,basketball,08:30
180,M00259,2026-03-24,gym,18:00
181,M00556,2026-04-29,basketball,07:15
182,M00531,2026-04-03,football,21:45
183,M00053,2026-02-22,badminton,10:30
184,M00449,2026-08-14,basketball,09:00
185,M00246,2026-07-01,swimming pool,15:00
186,M00566,2026-04-15,gym,13:00
187,M00473,2026-08-31,gym,10:45
188,M00299,2026-05-11,badminton,19:45
189,M00484,2026-03-04,basketball,10:45
190,M00196,2026-08-24,football,10:00
191,M00283,2026-07-17,basketball,16:30
192,M00003,2026-03-14,badminton,21:15
193,M00458,2026-05-18,basketball,17:30
194,M00566,2026-07-15,football,18:45
195,M00330,2026-08-11,swimming pool,13:45
196,M00240,2026-08-08,basketball,07:30
197,M00485,2026-06-30,basketball,18:15
198,M00508,2026-01-10,swimming pool,16:00
199,M00451,2026-01-26,football,20:00
200,M00148,2026-04-15,swimming pool,08:45
201,M00272,2026-03-28,football,18:00
202,M00337,2026-08-07,football,18:30
203,M00500,2026-08-12,football,07:00
204,M00241,2026-06-11,badminton,13:00
205,M00445,2026-01-26,gym,20:15
206,M00307,2026-08-20,gym,07:30
207,M00058,2026-03-17,badminton,17:45
208,M00150,2026-03-04,football,19:15
209,M00175,2026-02-14,gym,18:15
210,M00510,2026-08-22,football,10:15
211,M00473,2026-06-13,badminton,20:30
212,M00010,2026-08-19,basketball,15:15
213,M00076,2026-04-24,badminton,15:45
214,M00257,2026-04-27,badminton,12:45
215,M00495,2026-01-28,swimming pool,18:30
216,M00589,2026-03-17,badminton,06:45
217,M00282,2026-01-03,football,07:45
218,M00294,2026-07-18,swimming pool,17:15
219,M00195,2026-06-08,badminton,10:00
220,M00041,2026-03-21,basketball,07:30
221,M00135,2026-01-24,badminton,16:45
222,M00180,2026-02-21,swimming pool,17:30
223,M00169,2026-03-07,basketball,15:30
224,M00118,2026-04-30,gym,10:15
225,M00407,2026-08-05,football,17:00
226,M00405,2026-01-04,badminton,09:45
227,M00378,2026-06-22,badminton,18:30
228,M00111,2026-06-22,swimming pool,21:00
229,M00575,2026-03-25,football,13:00
230,M00476,2026-08-21,badminton,19:00
231,M00144,2026-01-12,gym,15:45
232,M00119,2026-01-25,swimming pool,10:45
233,M00465,2026-04-05,football,19:15
234,M00425,2026-06-17,gym,21:45
235,M00287,2026-01-09,badminton,12:45
236,M00456,2026-03-02,badminton,09:30
237,M00558,2026-08-19,badminton,07:45
238,M00283,2026-02-18,gym,20:00
239,M00218,2026-06-14,football,06:00
240,M00342,2026-03-04,swimming pool,12:00
241,M00568,2026-02-23,football,12:15
242,M00337,2026-07-18,swimming pool,06:30
243,M00149,2026-02-03,football,14:15
244,M00113,2026-06-19,gym,10:00
245,M00367,2026-07-22,swimming pool,16:00
246,M00179,2026-03-09,gym,10:45
247,M00539,2026-01-30,gym,21:45
248,M00371,2026-05-12,football,09:45
249,M00516,2026-02-26,football,07:30
250,M00470,2026-06-14,gym,07:45
251,M00412,2026-04-20,gym,21:45
252,M00076,2026-08-19,gym,16:15
253,M00068,2026-02-02,badminton,16:45
254,M00544,2026-03-17,basketball,19:00
255,M00118,2026-08-07,football,12:45
256,M00463,2026-08-16,swimming pool,19:30
257,M00465,2026-04-13,basketball,09:30
258,M00438,2026-03-22,badminton,17:15
259,M00486,2026-01-18,gym,08:00
260,M00443,2026-01-25,badminton,10:00
261,M00576,2026-05-24,badminton,09:45
262,M00363,2026-08-12,basketball,07:30
263,M00320,2026-04-01,gym,12:15
264,M00494,2026-02-27,gym,17:30
265,M00118,2026-07-15,badminton,13:45
266,M00575,2026-07-16,football,06:30
267,M00030,2026-02-16,badminton,15:30
268,M00360,2026-01-02,swimming pool,10:45
269,M00072,2026-02-06,gym,08:15
270,M00386,2026-04-18,basketball,16:15
271,M00379,2026-03-21,badminton,08:00
272,M00160,2026-02-10,football,07:00
273,M00279,2026-04-24,basketball,21:45
274,M00425,2026-03-11,swimming pool,09:30
275,M00441,2026-01-29,badminton,21:30
276,M00047,2026-02-26,basketball,07:00
277,M00210,2026-03-19,swimming pool,10:30
278,M00297,2026-03-25,gym,06:45
279,M00441,2026-02-14,swimming pool,18:15
280,M00513,2026-05-24,badminton,08:45
281,M00044,2026-04-22,gym,20:00
282,M00321,2026-05-28,basketball,18:45
283,M00297,2026-01-30,basketball,06:30
284,M00176,2026-07-25,football,20:30
285,M00091,2026-04-22,gym,13:45
286,M00411,2026-05-15,gym,18:30
287,M00348,2026-02-26,badminton,11:00
288,M00523,2026-06-12,gym,12:30
289,M00360,2026-07-06,swimming pool,13:00
290,M00150,2026-03-07,swimming pool,11:15
291,M00078,2026-02-15,basketball,20:45
292,M00579,2026-06-14,football,16:30
293,M00155,2026-04-23,gym,21:45
294,M00311,2026-07-23,badminton,07:30
295,M00520,2026-01-19,badminton,20:45
296,M00039,2026-01-15,badminton,15:00
297,M00093,2026-06-07,football,18:45
298,M00595,2026-05-22,gym,20:15
299,M00330,2026-06-04,basketball,10:00
300,M00462,2026-01-27,badminton,08:15
301,M00041,2026-03-05,basketball,20:15
302,M00373,2026-04-06,badminton,18:45
303,M00347,2026-06-23,football,07:30
304,M00068,2026-03-26,gym,18:30
305,M00259,2026-07-05,football,10:30
306,M00084,2026-05-30,swimming pool,17:30
307,M00402,2026-02-03,football,08:30
308,M00573,2026-04-07,badminton,10:00
309,M00434,2026-05-11,badminton,06:30
310,M00317,2026-02-16,swimming pool,16:45
311,M00197,2026-02-27,swimming pool,10:00
312,M00303,2026-08-05,gym,07:30
313,M00135,2026-06-02,basketball,10:15
314,M00186,2026-08-01,football,11:45
315,M00045,2026-04-16,badminton,13:45
316,M00292,2026-07-12,basketball,13:15
317,M00317,2026-07-27,basketball,12:30
318,M00585,2026-04-23,basketball,15:45
319,M00515,2026-05-16,basketball,11:15
320,M00142,2026-08-12,badminton,07:45
321,M00381,2026-05-22,gym,09:30
322,M00086,2026-07-15,swimming pool,14:45
323,M00526,2026-02-07,basketball,08:15
324,M00462,2026-08-15,badminton,06:45
325,M00055,2026-04-12,football,17:15
326,M00396,2026-01-21,badminton,13:00
327,M00327,2026-08-27,gym,16:15
328,M00141,2026-01-10,badminton,21:15
329,M00481,2026-04-25,football,06:00
330,M00020,2026-03-07,swimming pool,10:45
331,M00114,2026-07-18,badminton,13:30
332,M00125,2026-01-13,swimming pool,19:45
333,M00065,2026-01-29,basketball,06:15
334,M00148,2026-03-16,basketball,06:30
335,M00247,2026-05-27,basketball,11:00
336,M00537,2026-04-03,gym,06:45
337,M00482,2026-01-12,basketball,17:30
338,M00017,2026-04-02,gym,17:15
339,M00107,2026-07-17,football,16:15
340,M00046,2026-04-01,football,16:15
341,M00476,2026-06-28,basketball,11:15
342,M00065,2026-07-03,basketball,07:30
343,M00207,2026-01-12,swimming pool,07:30
344,M00318,2026-05-12,basketball,21:30
345,M00038,2026-07-12,swimming pool,15:30
346,M00049,2026-08-10,badminton,14:00
347,M00377,2026-04-22,basketball,20:45
348,M00348,2026-02-17,basketball,21:30
349,M00532,2026-03-10,gym,19:00
350,M00441,2026-06-04,swimming pool,15:30
351,M00106,2026-01-21,badminton,15:30
352,M00457,2026-06-04,basketball,11:45
353,M00360,2026-04-25,gym,17:45
354,M00282,2026-06-13,gym,08:45
355,M00373,2026-05-12,swimming pool,06:15
356,M00449,2026-01-09,swimming pool,08:15
357,M00376,2026-04-03,basketball,07:15
358,M00461,2026-08-31,badminton,17:45
359,M00079,2026-05-27,swimming pool,17:45
360,M00322,2026-06-16,badminton,13:00
361,M00027,2026-07-08,swimming pool,21:45
362,M00576,2026-01-31,badminton,14:45
363,M00220,2026-06-06,badminton,21:15
364,M00126,2026-02-04,gym,20:15
365,M00456,2026-01-23,badminton,17:00
366,M00564,2026-05-19,badminton,15:15
367,M00179,2026-07-23,badminton,13:00
368,M00206,2026-07-22,swimming pool,13:45
369,M00027,2026-04-03,football,17:45
370,M00565,2026-02-03,football,08:00
371,M00317,2026-04-12,basketball,19:45
372,M00589,2026-01-19,swimming pool,16:00
373,M00461,2026-04-30,football,17:15
374,M00565,2026-06-13,football,11:15
375,M00444,2026-05-09,gym,09:15
376,M00312,2026-02-12,swimming pool,16:15
377,M00355,2026-08-31,football,15:00
378,M00257,2026-02-20,football,14:15
379,M00311,2026-06-07,football,08:15
380,M00595,2026-02-09,swimming pool,16:00
381,M00030,2026-01-21,gym,14:15
382,M00586,2026-04-17,football,06:45
383,M00559,2026-03-16,badminton,21:15
384,M00416,2026-03-18,basketball,08:00
385,M00162,2026-04-23,basketball,21:45
386,M00209,2026-03-29,football,10:30
387,M00327,2026-07-07,badminton,18:15
388,M00380,2026-05-12,football,09:30
389,M00248,2026-04-30,gym,14:45
390,M00254,2026-02-06,gym,07:30
391,M00394,2026-08-10,football,19:15
392,M00164,2026-07-28,badminton,16:15
393,M00164,2026-05-08,football,20:45
394,M00316,2026-05-08,gym,08:45
395,M00518,2026-04-28,swimming pool,12:30
396,M00050,2026-01-13,badminton,21:45
397,M00293,2026-05-18,gym,09:45
398,M00138,2026-08-14,badminton,17:45
399,M00375,2026-01-12,basketball,07:15
400,M00372,2026-05-22,badminton,08:45
401,M00517,2026-04-26,football,14:00
402,M00132,2026-01-25,basketball,17:30
403,M00572,2026-08-29,badminton,10:15
404,M00522,2026-04-13,football,07:00
405,M00040,2026-02-05,badminton,21:45
406,M00153,2026-06-05,football,10:30
407,M00327,2026-02-11,basketball,15:30
408,M00520,2026-08-01,football,21:30
409,M00487,2026-07-28,gym,17:30
410,M00113,2026-04-17,football,15:00
411,M00486,2026-03-09,football,13:00
412,M00598,2026-05-03,swimming pool,18:15
413,M00249,2026-01-09,football,09:15
414,M00020,2026-04-23,badminton,19:15
415,M00423,2026-06-26,swimming pool,19:45
416,M00064,2026-06-30,swimming pool,12:30
417,M00490,2026-05-15,basketball,16:15
418,M00471,2026-08-22,football,16:30
419,M00271,2026-06-06,basketball,12:15
420,M00286,2026-05-23,badminton,13:30
421,M00296,2026-06-30,swimming pool,21:30
422,M00492,2026-03-31,football,14:30
423,M00125,2026-05-27,football,18:45
424,M00354,2026-07-17,swimming pool,15:00
425,M00295,2026-07-02,gym,17:45
426,M00263,2026-07-11,basketball,12:15
427,M00552,2026-03-11,football,14:15
428,M00112,2026-06-07,football,13:15
429,M00052,2026-06-21,football,13:15
430,M00054,2026-01-26,basketball,16:45
431,M00103,2026-06-24,swimming pool,06:15
432,M00417,2026-06-17,basketball,21:15
433,M00295,2026-03-24,badminton,07:00
434,M00588,2026-03-01,football,07:15
435,M00428,2026-08-14,swimming pool,07:45
436,M00508,2026-02-17,badminton,07:00
437,M00306,2026-05-26,football,09:30
438,M00292,2026-04-27,football,21:15
439,M00517,2026-04-30,badminton,12:00
440,M00339,2026-02-11,basketball,14:15
441,M00015,2026-07-08,badminton,15:15
442,M00180,2026-06-06,basketball,19:30
443,M00089,2026-04-13,gym,11:15
444,M00489,2026-03-24,swimming pool,06:30
445,M00393,2026-03-02,basketball,14:30
446,M00310,2026-05-30,football,06:30
447,M00369,2026-06-27,swimming pool,07:00
448,M00477,2026-03-20,swimming pool,18:30
449,M00121,2026-06-13,badminton,17:15
450,M00225,2026-02-04,basketball,10:45
451,M00383,2026-04-17,football,21:15
452,M00254,2026-06-24,football,08:45
453,M00541,2026-06-30,badminton,08:00
454,M00064,2026-08-01,football,12:15
455,M00169,2026-03-25,football,20:00
456,M00211,2026-07-03,football,21:00
457,M00523,2026-04-25,gym,20:15
458,M00526,2026-04-17,basketball,07:45
459,M00316,2026-07-05,gym,18:30
460,M00004,2026-07-10,swimming pool,08:00
461,M00434,2026-03-30,gym,07:00
462,M00484,2026-01-09,badminton,19:15
463,M00139,2026-07-16,basketball,17:45
464,M00460,2026-08-11,basketball,18:00
465,M00553,2026-02-04,badminton,09:15
466,M00551,2026-04-11,football,10:15
467,M00004,2026-07-13,gym,15:45
468,M00558,2026-04-19,football,18:15
469,M00254,2026-04-28,badminton,10:30
470,M00194,2026-08-28,gym,07:45
471,M00017,2026-03-03,swimming pool,08:00
472,M00035,2026-04-25,football,07:15
473,M00046,2026-04-13,basketball,13:15
474,M00058,2026-02-05,football,15:15
475,M00590,2026-03-23,football,16:15
476,M00310,2026-08-13,swimming pool,13:45
477,M00308,2026-03-12,gym,11:45
478,M00570,2026-05-07,gym,17:45
479,M00538,2026-03-23,basketball,19:15
480,M00308,2026-04-07,swimming pool,21:15
481,M00231,2026-03-18,swimming pool,20:00
482,M00576,2026-04-16,basketball,10:45
483,M00249,2026-03-07,swimming pool,16:00
484,M00461,2026-08-05,badminton,08:15
485,M00053,2026-03-10,basketball,07:00
486,M00193,2026-07-25,football,12:45
487,M00214,2026-08-11,badminton,15:00
488,M00217,2026-08-28,swimming pool,09:45
489,M00249,2026-06-28,football,12:45
490,M00246,2026-05-22,badminton,15:45
491,M00478,2026-05-17,badminton,15:30
492,M00369,2026-05-12,basketball,20:00
493,M00481,2026-07-14,badminton,12:30
494,M00321,2026-04-16,gym,13:15
495,M00017,2026-03-08,football,19:30
496,M00157,2026-02-20,badminton,13:45
497,M00584,2026-08-02,swimming pool,21:30
498,M00264,2026-07-15,basketball,21:45
499,M00173,2026-07-07,badminton,11:15
500,M00560,2026-05-06,swimming pool,07:00
501,M00077,2026-08-30,gym,06:45
502,M00141,2026-08-04,swimming pool,08:15
503,M00010,2026-02-25,football,20:30
504,M00062,2026-06-08,football,21:45
505,M00017,2026-01-02,football,19:00
506,M00018,2026-05-16,badminton,15:00
507,M00515,2026-07-28,basketball,11:00
508,M00099,2026-05-15,swimming pool,13:15
509,M00540,2026-03-06,badminton,14:45
510,M00081,2026-04-06,basketball,20:15
511,M00232,2026-03-18,gym,07:00
512,M00416,2026-04-08,basketball,21:00
513,M00010,2026-06-29,swimming pool,08:45
514,M00445,2026-06-15,badminton,09:00
515,M00236,2026-02-24,football,21:30
516,M00048,2026-08-25,gym,14:00
517,M00184,2026-08-26,badminton,06:15
518,M00148,2026-07-12,basketball,08:30
519,M00167,2026-05-25,swimming pool,18:30
520,M00394,2026-07-13,swimming pool,08:30
521,M00055,2026-01-26,basketball,13:00
522,M00349,2026-06-04,football,18:30
523,M00031,2026-06-12,badminton,20:45
524,M00234,2026-04-02,football,18:45
525,M00191,2026-06-24,football,18:00
526,M00303,2026-07-24,swimming pool,08:00
527,M00275,2026-02-09,basketball,10:45
528,M00325,2026-04-03,gym,08:00
529,M00316,2026-04-24,badminton,14:00
530,M00136,2026-01-23,swimming pool,19:45
531,M00571,2026-05-23,football,19:00
532,M00027,2026-01-23,badminton,08:30
533,M00395,2026-01-04,badminton,19:45
534,M00087,2026-07-05,football,13:15
535,M00390,2026-02-13,swimming pool,14:30
536,M00275,2026-05-07,swimming pool,08:15
537,M00446,2026-03-12,basketball,15:45
538,M00079,2026-04-03,badminton,13:45
539,M00201,2026-04-28,gym,10:30
540,M00007,2026-08-31,basketball,16:45
541,M00338,2026-04-23,badminton,19:15
542,M00308,2026-03-24,football,12:45
543,M00322,2026-02-15,basketball,16:30
544,M00503,2026-05-28,swimming pool,16:45
545,M00288,2026-07-29,basketball,17:00
546,M00578,2026-02-21,football,11:00
547,M00473,2026-08-30,swimming pool,20:30
548,M00071,2026-07-29,basketball,21:15
549,M00311,2026-03-03,badminton,10:45
550,M00387,2026-01-19,basketball,21:45
551,M00548,2026-05-10,basketball,07:30
552,M00550,2026-06-02,gym,09:15
553,M00364,2026-02-12,football,07:45
554,M00340,2026-07-23,basketball,09:00
555,M00101,2026-03-08,swimming pool,13:45
556,M00384,2026-04-11,basketball,10:30
557,M00026,2026-05-04,gym,15:45
558,M00088,2026-01-30,swimming pool,17:30
559,M00352,2026-04-27,swimming pool,21:30
560,M00488,2026-01-25,basketball,20:30
561,M00069,2026-03-18,gym,09:00
562,M00352,2026-06-15,gym,11:15
563,M00529,2026-02-14,football,11:30
564,M00574,2026-04-20,basketball,13:45
565,M00189,2026-02-17,basketball,18:00
566,M00203,2026-04-26,football,19:45
567,M00005,2026-06-30,swimming pool,12:30
568,M00065,2026-05-28,gym,11:30
569,M00334,2026-02-20,basketball,09:30
570,M00502,2026-05-16,badminton,18:45
571,M00117,2026-03-31,badminton,20:15
572,M00305,2026-08-24,football,08:15
573,M00321,2026-01-31,swimming pool,15:00
574,M00188,2026-04-06,swimming pool,18:45
575,M00142,2026-05-28,basketball,19:15
576,M00499,2026-06-12,football,11:15
577,M00502,2026-03-15,swimming pool,11:30
578,M00462,2026-06-08,gym,17:00
579,M00497,2026-02-04,swimming pool,18:45
580,M00419,2026-06-25,basketball,19:45
581,M00501,2026-02-12,gym,06:15
582,M00300,2026-01-09,badminton,13:30
583,M00173,2026-07-19,basketball,21:00
584,M00587,2026-01-30,badminton,17:00
585,M00452,2026-05-20,swimming pool,19:00
586,M00254,2026-03-18,gym,20:30
587,M00357,2026-08-09,gym,20:00
588,M00243,2026-02-23,football,17:45
589,M00170,2026-06-07,swimming pool,12:15
590,M00061,2026-05-26,badminton,14:15
591,M00332,2026-06-30,badminton,15:30
592,M00527,2026-08-19,gym,10:45
593,M00061,2026-03-12,swimming pool,10:15
594,M00150,2026-07-02,badminton,13:45
595,M00502,2026-02-06,football,14:45
596,M00385,2026-04-26,gym,08:45
597,M00528,2026-07-11,badminton,17:45
598,M00500,2026-03-25,football,06:00
599,M00470,2026-06-12,badminton,08:45
600,M00224,2026-04-20,swimming pool,21:30
601,M00331,2026-08-01,badminton,16:15
602,M00580,2026-08-07,basketball,16:00
603,M00048,2026-01-26,basketball,06:00
604,M00162,2026-04-23,basketball,06:45
605,M00208,2026-06-26,swimming pool,15:15
606,M00281,2026-01-24,badminton,14:00
607,M00381,2026-06-20,swimming pool,07:45
608,M00313,2026-07-05,swimming pool,19:00
609,M00098,2026-01-01,swimming pool,21:00
610,M00136,2026-06-01,swimming pool,20:00
611,M00009,2026-06-28,badminton,09:45
612,M00136,2026-05-03,gym,13:45
613,M00092,2026-07-07,gym,09:30
614,M00377,2026-08-14,badminton,10:45
615,M00137,2026-06-14,swimming pool,08:00
616,M00169,2026-04-23,badminton,12:15
617,M00422,2026-06-07,basketball,12:00
618,M00103,2026-02-05,gym,18:30
619,M00440,2026-03-22,swimming pool,13:30
620,M00087,2026-03-05,football,15:00
621,M00309,2026-02-22,football,12:45
622,M00303,2026-06-15,gym,13:45
623,M00396,2026-01-29,swimming pool,21:00
624,M00541,2026-08-16,gym,17:30
625,M00136,2026-04-10,football,19:30
626,M00560,2026-06-24,swimming pool,21:00
627,M00018,2026-05-31,gym,06:30
628,M00221,2026-01-11,gym,18:30
629,M00514,2026-07-16,basketball,19:45
630,M00085,2026-06-13,football,10:30
631,M00086,2026-03-21,gym,12:15
632,M00550,2026-03-25,basketball,08:30
633,M00448,2026-07-06,swimming pool,07:15
634,M00089,2026-08-25,basketball,09:45
635,M00057,2026-03-21,swimming pool,09:00
636,M00141,2026-06-29,gym,11:45
637,M00356,2026-05-14,football,14:15
638,M00381,2026-02-02,badminton,09:00
639,M00344,2026-07-26,basketball,14:00
640,M00270,2026-07-02,football,08:45
641,M00467,2026-05-11,badminton,07:45
642,M00581,2026-02-12,badminton,11:30
643,M00106,2026-08-17,football,09:15
644,M00522,2026-01-01,gym,06:15
645,M00048,2026-05-01,badminton,18:15
646,M00184,2026-08-27,gym,19:15
647,M00330,2026-03-05,basketball,16:30
648,M00080,2026-05-27,badminton,09:00
649,M00184,2026-02-27,football,07:45
650,M00071,2026-08-13,basketball,15:30
651,M00336,2026-01-23,football,20:00
652,M00378,2026-02-21,badminton,15:15
653,M00476,2026-04-05,football,21:15
654,M00560,2026-07-14,swimming pool,10:00
655,M00420,2026-01-07,swimming pool,17:00
656,M00344,2026-01-01,basketball,15:00
657,M00211,2026-05-16,swimming pool,19:45
658,M00062,2026-02-06,badminton,08:00
659,M00238,2026-08-18,football,19:30
660,M00470,2026-07-11,gym,09:15
661,M00404,2026-01-20,football,07:45
662,M00134,2026-03-02,badminton,14:30
663,M00403,2026-06-29,badminton,16:45
664,M00279,2026-03-01,gym,12:15
665,M00599,2026-01-28,swimming pool,09:15
666,M00461,2026-04-30,badminton,19:00
667,M00549,2026-04-02,swimming pool,20:30
668,M00475,2026-03-09,gym,08:15
669,M00312,2026-07-31,football,07:15
670,M00336,2026-02-07,gym,13:30
671,M00406,2026-05-12,gym,15:30
672,M00179,2026-01-08,basketball,20:15
673,M00097,2026-04-29,gym,10:00
674,M00013,2026-01-16,swimming pool,10:15
675,M00411,2026-04-06,gym,14:00
676,M00023,2026-01-17,swimming pool,20:15
677,M00095,2026-08-20,badminton,09:00
678,M00473,2026-01-13,swimming pool,19:45
679,M00509,2026-01-08,basketball,19:15
680,M00363,2026-02-24,swimming pool,14:30
681,M00457,2026-08-15,swimming pool,07:15
682,M00303,2026-05-08,basketball,21:00
683,M00090,2026-03-13,basketball,10:45
684,M00205,2026-06-14,football,13:00
685,M00392,2026-07-20,badminton,21:45
686,M00353,2026-08-22,football,16:45
687,M00277,2026-02-16,gym,16:15
688,M00031,2026-08-18,badminton,07:45
689,M00543,2026-04-02,football,13:15
690,M00103,2026-03-05,swimming pool,14:00
691,M00225,2026-05-28,basketball,17:15
692,M00181,2026-03-02,football,16:30
693,M00029,2026-06-30,badminton,10:15
694,M00505,2026-05-19,badminton,11:45
695,M00039,2026-01-24,gym,13:15
696,M00021,2026-05-15,basketball,06:30
697,M00207,2026-07-26,swimming pool,16:15
698,M00332,2026-01-16,gym,10:15
699,M00114,2026-08-05,football,17:00
700,M00383,2026-06-30,basketball,09:30
701,M00310,2026-03-24,swimming pool,11:45
702,M00499,2026-06-16,badminton,11:30
703,M00229,2026-06-20,football,11:45
704,M00315,2026-07-07,badminton,10:15
705,M00002,2026-08-31,football,18:00
706,M00187,2026-06-04,badminton,13:00
707,M00509,2026-02-06,badminton,08:15
708,M00356,2026-03-23,swimming pool,08:30
709,M00458,2026-01-03,badminton,12:15
710,M00070,2026-03-31,badminton,09:00
711,M00050,2026-04-09,basketball,19:15
712,M00424,2026-05-07,basketball,17:45
713,M00104,2026-08-01,basketball,13:15
714,M00463,2026-01-19,gym,15:00
715,M00327,2026-03-08,gym,08:30
716,M00175,2026-08-16,basketball,11:00
717,M00561,2026-08-30,gym,16:45
718,M00032,2026-04-21,swimming pool,19:15
719,M00055,2026-01-26,badminton,12:15
720,M00420,2026-06-28,football,14:30
721,M00305,2026-03-02,gym,07:45
722,M00586,2026-05-21,basketball,10:00
723,M00370,2026-01-01,basketball,08:30
724,M00492,2026-02-21,gym,06:15
725,M00175,2026-06-13,badminton,08:45
726,M00119,2026-03-20,basketball,21:45
727,M00272,2026-01-24,football,18:15
728,M00380,2026-08-15,basketball,17:15
729,M00457,2026-01-12,badminton,20:45
730,M00270,2026-02-27,badminton,07:15
731,M00100,2026-01-22,badminton,19:15
732,M00567,2026-01-16,basketball,19:45
733,M00587,2026-08-14,swimming pool,21:30
734,M00081,2026-04-12,gym,10:00
735,M00460,2026-02-14,swimming pool,12:15
736,M00130,2026-01-11,basketball,08:45
737,M00207,2026-07-30,swimming pool,14:30
738,M00069,2026-01-23,basketball,18:30
739,M00283,2026-05-14,basketball,06:45
740,M00116,2026-04-17,swimming pool,10:00
741,M00109,2026-05-25,gym,15:30
742,M00421,2026-03-09,basketball,21:45
743,M00039,2026-02-14,badminton,18:15
744,M00412,2026-01-10,basketball,16:15
745,M00051,2026-07-10,basketball,14:30
746,M00021,2026-03-28,badminton,15:30
747,M00504,2026-08-08,gym,13:15
748,M00308,2026-07-10,basketball,16:30
749,M00427,2026-06-04,gym,12:45
750,M00217,2026-08-22,basketball,21:30
751,M00058,2026-05-12,swimming pool,08:30
752,M00519,2026-04-14,swimming pool,06:15
753,M00198,2026-08-13,swimming pool,07:15
754,M00034,2026-04-27,gym,17:15
755,M00281,2026-04-05,basketball,18:00
756,M00032,2026-03-03,badminton,21:45
757,M00182,2026-08-11,basketball,17:30
758,M00168,2026-08-03,badminton,08:30
759,M00029,2026-04-09,gym,11:15
760,M00227,2026-06-15,swimming pool,12:30
761,M00420,2026-05-12,gym,06:45
762,M00136,2026-06-15,swimming pool,06:15
763,M00259,2026-06-05,badminton,14:45
764,M00386,2026-08-07,badminton,20:30
765,M00224,2026-04-30,badminton,18:00
766,M00008,2026-05-11,badminton,15:30
767,M00111,2026-05-04,gym,16:30
768,M00333,2026-08-09,badminton,14:30
769,M00193,2026-02-08,football,13:00
770,M00414,2026-06-19,badminton,10:00
771,M00510,2026-03-17,badminton,19:45
772,M00398,2026-07-08,gym,12:30
773,M00228,2026-06-25,football,21:30
774,M00520,2026-03-18,swimming pool,11:30
775,M00100,2026-05-01,swimming pool,14:15
776,M00344,2026-06-17,gym,13:30
777,M00229,2026-07-10,badminton,19:30
778,M00381,2026-03-08,football,15:45
779,M00121,2026-05-01,gym,08:45
780,M00200,2026-05-09,gym,18:30
781,M00424,2026-01-14,swimming pool,10:15
782,M00351,2026-04-15,football,20:15
783,M00324,2026-08-09,swimming pool,08:45
784,M00341,2026-06-11,swimming pool,16:00
785,M00005,2026-04-26,badminton,12:15
786,M00591,2026-07-15,swimming pool,21:00
787,M00133,2026-06-07,basketball,19:45
788,M00440,2026-05-03,basketball,06:00
789,M00547,2026-02-21,badminton,06:30
790,M00544,2026-02-18,gym,06:15
791,M00232,2026-06-27,badminton,15:15
792,M00106,2026-04-09,football,15:15
793,M00067,2026-07-30,gym,15:30
794,M00467,2026-07-06,football,16:45
795,M00138,2026-03-29,basketball,17:15
796,M00169,2026-08-31,basketball,06:15
797,M00230,2026-07-06,swimming pool,12:00
798,M00517,2026-02-13,gym,17:00
799,M00385,2026-08-13,badminton,07:00
800,M00111,2026-06-17,gym,07:00
801,M00427,2026-04-24,basketball,09:30
802,M00486,2026-06-29,swimming pool,12:00
803,M00309,2026-04-18,gym,14:15
804,M00429,2026-08-01,gym,09:30
805,M00117,2026-07-20,gym,21:15
806,M00205,2026-07-19,badminton,12:30
807,M00420,2026-03-17,swimming pool,07:45
808,M00213,2026-06-26,basketball,16:15
809,M00003,2026-01-04,gym,09:45
810,M00153,2026-01-24,football,08:00
811,M00263,2026-06-14,swimming pool,20:30
812,M00271,2026-04-29,gym,09:15
813,M00041,2026-08-07,badminton,17:30
814,M00437,2026-07-09,gym,09:00
815,M00010,2026-08-07,swimming pool,11:30
816,M00367,2026-08-17,basketball,14:00
817,M00382,2026-07-28,badminton,11:00
818,M00411,2026-04-13,basketball,14:45
819,M00490,2026-07-24,basketball,11:00
820,M00136,2026-06-28,gym,11:00
821,M00427,2026-08-22,football,21:45
822,M00186,2026-06-06,basketball,17:00
823,M00134,2026-05-04,basketball,09:45
824,M00452,2026-01-12,gym,14:30
825,M00013,2026-06-30,football,13:30
826,M00532,2026-05-14,football,09:45
827,M00255,2026-05-04,badminton,18:15
828,M00572,2026-08-17,football,07:00
829,M00161,2026-05-10,basketball,21:15
830,M00077,2026-07-12,basketball,16:15
831,M00339,2026-03-13,gym,13:45
832,M00413,2026-07-29,swimming pool,08:45
833,M00455,2026-07-25,football,20:00
834,M00511,2026-04-25,badminton,09:45
835,M00019,2026-01-27,basketball,19:00
836,M00571,2026-05-21,gym,08:30
837,M00521,2026-05-24,swimming pool,20:30
838,M00373,2026-07-31,gym,13:45
839,M00340,2026-05-24,football,21:30
840,M00464,2026-01-30,gym,13:00
841,M00350,2026-04-01,badminton,17:00
842,M00047,2026-08-18,swimming pool,21:15
843,M00420,2026-01-28,badminton,12:15
844,M00124,2026-08-27,basketball,12:45
845,M00196,2026-07-03,badminton,09:45
846,M00048,2026-08-26,football,09:45
847,M00469,2026-06-18,football,10:45
848,M00005,2026-05-16,gym,19:45
849,M00521,2026-07-19,swimming pool,11:15
850,M00107,2026-04-10,football,16:45
851,M00429,2026-06-05,swimming pool,14:45
852,M00352,2026-03-17,basketball,10:15
853,M00423,2026-06-04,football,15:30
854,M00567,2026-06-11,swimming pool,12:15
855,M00298,2026-06-25,badminton,10:15
856,M00516,2026-05-19,badminton,09:30
857,M00576,2026-05-03,football,19:30
858,M00433,2026-07-26,gym,09:00
859,M00391,2026-02-07,gym,07:15
860,M00274,2026-07-12,swimming pool,15:30
861,M00150,2026-08-03,gym,15:15
862,M00555,2026-01-09,badminton,20:00
863,M00576,2026-08-10,swimming pool,18:15
864,M00524,2026-07-20,badminton,07:45
865,M00397,2026-04-17,badminton,07:00
866,M00258,2026-02-21,football,20:15
867,M00377,2026-07-13,football,12:15
868,M00302,2026-04-25,swimming pool,08:15
869,M00178,2026-07-08,football,09:45
870,M00042,2026-04-20,badminton,14:15
871,M00165,2026-05-30,badminton,06:30
872,M00478,2026-07-01,swimming pool,07:15
873,M00331,2026-06-02,gym,15:45
874,M00587,2026-05-21,badminton,08:30
875,M00539,2026-02-26,swimming pool,08:15
876,M00426,2026-05-20,football,18:00
877,M00358,2026-02-26,swimming pool,16:30
878,M00370,2026-03-17,swimming pool,21:00
879,M00118,2026-06-21,badminton,20:15
880,M00250,2026-01-11,badminton,18:00
881,M00396,2026-03-07,football,15:00
882,M00530,2026-07-30,badminton,20:45
883,M00045,2026-03-17,swimming pool,16:00
884,M00099,2026-02-12,football,06:00
885,M00216,2026-06-21,swimming pool,19:00
886,M00211,2026-05-18,basketball,08:15
887,M00025,2026-04-28,badminton,07:00
888,M00076,2026-01-14,swimming pool,14:00
889,M00589,2026-07-30,swimming pool,14:45
890,M00398,2026-04-26,basketball,19:30
891,M00018,2026-04-10,gym,06:00
892,M00600,2026-01-12,gym,17:00
893,M00297,2026-07-21,badminton,08:30
894,M00449,2026-04-08,basketball,06:45
895,M00161,2026-05-17,swimming pool,10:45
896,M00559,2026-03-17,swimming pool,15:30
897,M00012,2026-05-22,football,10:00
898,M00043,2026-01-02,football,18:00
899,M00313,2026-02-23,badminton,12:45
900,M00525,2026-02-06,swimming pool,11:15
901,M00259,2026-02-19,gym,11:00
902,M00563,2026-04-29,football,08:30
903,M00069,2026-03-06,gym,12:45
904,M00339,2026-04-02,swimming pool,13:00
905,M00292,2026-06-08,gym,12:30
906,M00498,2026-04-26,badminton,15:15
907,M00580,2026-05-26,badminton,16:45
908,M00173,2026-01-02,badminton,13:15
909,M00447,2026-03-12,badminton,10:30
910,M00492,2026-04-29,basketball,17:30
911,M00499,2026-05-22,gym,11:00
912,M00288,2026-08-08,swimming pool,12:30
913,M00079,2026-07-06,gym,06:00
914,M00596,2026-05-29,basketball,12:00
915,M00565,2026-03-08,football,21:15
916,M00375,2026-04-11,swimming pool,15:15
917,M00476,2026-05-09,football,08:45
918,M00373,2026-05-09,gym,13:15
919,M00527,2026-02-05,basketball,11:15
920,M00580,2026-08-31,football,10:45
921,M00368,2026-01-11,swimming pool,21:15
922,M00065,2026-03-09,badminton,13:00
923,M00212,2026-05-13,badminton,18:45
924,M00466,2026-08-14,gym,07:30
925,M00106,2026-06-30,football,14:30
926,M00593,2026-05-20,football,11:45
927,M00388,2026-04-04,football,08:30
928,M00386,2026-08-21,swimming pool,18:30
929,M00354,2026-05-05,basketball,06:15
930,M00451,2026-02-12,swimming pool,08:30
931,M00217,2026-02-08,swimming pool,11:30
932,M00122,2026-06-19,swimming pool,19:30
933,M00117,2026-05-04,basketball,21:15
934,M00166,2026-06-15,basketball,06:15
935,M00045,2026-02-02,football,11:15
936,M00525,2026-01-11,football,10:00
937,M00171,2026-03-08,swimming pool,18:00
938,M00291,2026-08-31,gym,12:45
939,M00483,2026-08-11,basketball,11:15
940,M00421,2026-06-03,swimming pool,11:30
941,M00172,2026-07-05,badminton,20:00
942,M00236,2026-04-07,basketball,10:00
943,M00017,2026-02-21,football,19:15
944,M00099,2026-02-15,basketball,07:00
945,M00096,2026-05-04,swimming pool,06:45
946,M00535,2026-04-18,badminton,07:45
947,M00235,2026-08-29,basketball,18:30
948,M00590,2026-01-26,basketball,10:30
949,M00489,2026-07-16,swimming pool,08:30
950,M00557,2026-04-15,badminton,12:00
951,M00008,2026-05-28,football,09:00
952,M00385,2026-06-17,swimming pool,16:45
953,M00371,2026-01-28,swimming pool,19:30
954,M00268,2026-08-07,football,19:30
955,M00283,2026-06-24,basketball,12:45
956,M00566,2026-07-20,football,21:15
957,M00380,2026-05-24,football,21:30
958,M00315,2026-05-28,badminton,18:15
959,M00122,2026-07-11,swimming pool,20:15
960,M00103,2026-02-24,football,18:30
961,M00564,2026-06-07,gym,11:45
962,M00006,2026-07-25,gym,10:45
963,M00446,2026-01-23,gym,14:15
964,M00380,2026-01-21,football,07:45
965,M00411,2026-06-07,football,15:00
966,M00180,2026-06-13,basketball,20:00
967,M00207,2026-08-06,football,15:15
968,M00035,2026-07-20,football,13:15
969,M00037,2026-04-03,swimming pool,06:15
970,M00089,2026-03-12,basketball,17:45
971,M00416,2026-05-31,swimming pool,06:00
972,M00093,2026-05-21,badminton,17:30
973,M00284,2026-02-27,football,12:45
974,M00414,2026-05-28,gym,14:15
975,M00417,2026-05-10,gym,08:30
976,M00349,2026-08-31,gym,14:30
977,M00454,2026-04-07,football,21:15
978,M00348,2026-07-18,basketball,20:00
979,M00494,2026-01-30,badminton,08:45
980,M00226,2026-06-23,swimming pool,16:45
981,M00362,2026-05-13,football,06:30
982,M00255,2026-03-15,gym,18:30
983,M00078,2026-05-22,swimming pool,21:30
984,M00363,2026-02-25,football,14:15
985,M00195,2026-05-08,swimming pool,13:15
986,M00272,2026-02-22,swimming pool,12:15
987,M00365,2026-02-09,gym,09:00
988,M00505,2026-06-07,gym,07:45
989,M00381,2026-06-08,badminton,21:30
990,M00503,2026-02-16,football,14:45
991,M00228,2026-07-12,football,10:00
992,M00539,2026-07-24,basketball,21:00
993,M00515,2026-03-30,basketball,11:45
994,M00124,2026-06-28,football,20:30
995,M00009,2026-01-04,swimming pool,18:00
996,M00334,2026-04-03,football,14:15
997,M00562,2026-03-09,swimming pool,14:45
998,M00352,2026-04-04,swimming pool,21:45
999,M00216,2026-04-18,badminton,17:45
1000,M00287,2026-04-26,swimming pool,10:15
1001,M00103,2026-07-04,badminton,13:45
1002,M00391,2026-02-20,swimming pool,10:45
1003,M00010,2026-02-15,basketball,21:15
1004,M00530,2026-05-17,badminton,21:30
1005,M00257,2026-05-24,football,07:45
1006,M00102,2026-06-26,swimming pool,07:15
1007,M00261,2026-05-02,gym,20:30
1008,M00267,2026-04-03,badminton,14:30
1009,M00021,2026-04-16,gym,17:15
1010,M00591,2026-05-28,football,11:30
1011,M00364,2026-03-25,football,21:45
1012,M00081,2026-04-08,football,15:45
1013,M00149,2026-08-11,swimming pool,16:45
1014,M00586,2026-04-14,gym,08:15
1015,M00352,2026-02-28,badminton,16:30
1016,M00274,2026-06-04,basketball,14:45
1017,M00372,2026-07-11,football,20:45
1018,M00172,2026-02-17,gym,10:15
1019,M00258,2026-08-29,gym,12:15
1020,M00407,2026-01-27,gym,08:45
1021,M00562,2026-01-14,gym,18:00
1022,M00107,2026-03-09,football,10:00
1023,M00400,2026-03-21,swimming pool,13:30
1024,M00454,2026-06-10,swimming pool,10:15
1025,M00030,2026-01-09,badminton,16:45
1026,M00479,2026-08-11,football,14:45
1027,M00139,2026-08-31,football,11:45
1028,M00578,2026-04-22,football,15:30
1029,M00494,2026-05-19,swimming pool,08:45
1030,M00316,2026-04-04,basketball,14:15
1031,M00311,2026-01-03,gym,10:30
1032,M00294,2026-05-01,football,06:45
1033,M00489,2026-03-18,gym,19:30
1034,M00237,2026-07-23,gym,17:15
1035,M00422,2026-08-14,football,19:45
1036,M00256,2026-02-11,basketball,18:15
1037,M00270,2026-01-21,basketball,13:30
1038,M00292,2026-06-16,football,14:45
1039,M00193,2026-08-07,gym,11:15
1040,M00297,2026-01-29,basketball,20:30
1041,M00504,2026-02-18,badminton,06:15
1042,M00051,2026-05-17,gym,11:00
1043,M00289,2026-03-10,swimming pool,20:00
1044,M00239,2026-01-24,swimming pool,06:45
1045,M00223,2026-03-29,basketball,15:45
1046,M00381,2026-04-29,gym,16:00
1047,M00150,2026-01-15,badminton,18:00
1048,M00557,2026-05-01,swimming pool,12:30
1049,M00391,2026-08-01,gym,09:15
1050,M00395,2026-07-17,basketball,13:00
1051,M00204,2026-04-28,gym,12:45
1052,M00399,2026-06-24,badminton,16:15
1053,M00044,2026-07-10,football,09:30
1054,M00493,2026-06-13,badminton,12:30
1055,M00054,2026-08-10,swimming pool,09:15
1056,M00445,2026-03-25,gym,11:30
1057,M00599,2026-01-31,basketball,13:00
1058,M00044,2026-05-29,basketball,10:30
1059,M00092,2026-03-05,swimming pool,21:00
1060,M00347,2026-08-27,gym,07:30
1061,M00158,2026-06-29,football,09:15
1062,M00500,2026-03-01,badminton,17:45
1063,M00198,2026-01-06,basketball,17:15
1064,M00257,2026-08-19,gym,21:45
1065,M00573,2026-03-17,football,21:15
1066,M00581,2026-02-17,football,17:30
1067,M00480,2026-03-12,football,11:00
1068,M00544,2026-02-09,basketball,15:30
1069,M00555,2026-04-04,basketball,06:45
1070,M00190,2026-08-15,gym,17:15
1071,M00329,2026-07-04,gym,18:15
1072,M00537,2026-06-24,basketball,10:30
1073,M00331,2026-04-15,badminton,09:00
1074,M00536,2026-06-18,gym,07:15
1075,M00183,2026-08-12,gym,12:00
1076,M00498,2026-02-19,gym,07:45
1077,M00502,2026-05-15,football,14:00
1078,M00376,2026-02-26,football,08:00
1079,M00214,2026-06-17,basketball,08:45
1080,M00063,2026-04-03,football,19:30
1081,M00060,2026-07-30,football,14:00
1082,M00073,2026-08-02,badminton,08:15
1083,M00532,2026-01-25,gym,13:45
1084,M00195,2026-02-19,football,13:15
1085,M00572,2026-07-11,football,19:00
1086,M00591,2026-04-02,basketball,19:00
1087,M00171,2026-07-22,swimming pool,18:30
1088,M00162,2026-05-17,football,20:30
1089,M00323,2026-05-21,badminton,17:45
1090,M00441,2026-07-31,badminton,13:15
1091,M00385,2026-07-16,football,14:30
1092,M00464,2026-04-25,basketball,06:00
1093,M00292,2026-06-02,gym,10:30
1094,M00007,2026-03-18,swimming pool,12:30
1095,M00023,2026-07-17,badminton,10:00
1096,M00039,2026-04-28,badminton,10:15
1097,M00272,2026-04-04,football,13:15
1098,M00263,2026-07-27,badminton,08:45
1099,M00583,2026-08-23,swimming pool,08:30
1100,M00495,2026-02-14,basketball,09:30
1101,M00039,2026-07-07,football,18:00
1102,M00058,2026-08-24,badminton,17:45
1103,M00427,2026-08-27,gym,13:00
1104,M00392,2026-01-14,badminton,07:30
1105,M00553,2026-05-25,swimming pool,16:15
1106,M00157,2026-01-13,basketball,20:00
1107,M00228,2026-04-21,badminton,18:15
1108,M00136,2026-03-28,gym,21:00
1109,M00562,2026-04-13,badminton,08:45
1110,M00514,2026-04-22,swimming pool,10:45
1111,M00573,2026-02-20,basketball,18:15
1112,M00575,2026-06-07,football,13:15
1113,M00074,2026-03-10,basketball,16:00
1114,M00116,2026-06-21,basketball,19:30
1115,M00357,2026-02-18,badminton,17:00
1116,M00313,2026-02-13,badminton,20:15
1117,M00452,2026-01-12,swimming pool,12:30
1118,M00160,2026-07-13,gym,09:00
1119,M00249,2026-08-31,football,10:30
1120,M00015,2026-03-29,gym,15:45
1121,M00483,2026-01-06,badminton,12:15
1122,M00209,2026-05-20,football,14:45
1123,M00145,2026-06-27,gym,18:00
1124,M00262,2026-02-13,gym,15:15
1125,M00278,2026-01-14,basketball,06:00
1126,M00398,2026-06-19,badminton,17:00
1127,M00020,2026-03-16,basketball,13:45
1128,M00521,2026-07-01,gym,16:45
1129,M00545,2026-01-23,swimming pool,12:45
1130,M00575,2026-08-26,gym,07:15
1131,M00543,2026-03-20,badminton,21:45
1132,M00161,2026-01-05,badminton,17:30
1133,M00310,2026-03-02,football,14:00
1134,M00264,2026-08-13,basketball,06:30
1135,M00231,2026-02-08,badminton,18:15
1136,M00090,2026-07-06,basketball,13:45
1137,M00247,2026-05-27,swimming pool,19:30
1138,M00338,2026-04-25,football,10:15
1139,M00142,2026-05-29,football,12:15
1140,M00317,2026-06-26,football,10:45
1141,M00149,2026-06-17,football,11:30
1142,M00070,2026-05-23,football,09:15
1143,M00326,2026-08-03,swimming pool,06:30
1144,M00424,2026-04-16,badminton,20:30
1145,M00156,2026-07-19,swimming pool,09:15
1146,M00190,2026-01-07,football,14:15
1147,M00238,2026-03-01,gym,17:00
1148,M00489,2026-02-04,football,21:30
1149,M00189,2026-08-07,basketball,21:45
1150,M00141,2026-02-11,swimming pool,13:00
1151,M00419,2026-07-15,gym,14:45
1152,M00228,2026-07-10,swimming pool,12:00
1153,M00182,2026-08-26,basketball,21:30
1154,M00469,2026-08-16,swimming pool,19:45
1155,M00043,2026-06-05,basketball,16:45
1156,M00586,2026-06-02,football,07:00
1157,M00463,2026-04-27,gym,13:45
1158,M00041,2026-05-23,basketball,07:15
1159,M00299,2026-04-23,basketball,15:30
1160,M00473,2026-02-12,basketball,15:00
1161,M00530,2026-08-20,swimming pool,20:45
1162,M00093,2026-07-04,football,09:15
1163,M00600,2026-08-29,football,10:45
1164,M00424,2026-03-24,basketball,06:15
1165,M00465,2026-06-01,swimming pool,20:00
1166,M00257,2026-03-24,swimming pool,09:00
1167,M00117,2026-06-30,basketball,17:00
1168,M00537,2026-07-01,basketball,11:45
1169,M00564,2026-04-08,gym,11:30
1170,M00580,2026-08-12,swimming pool,11:15
1171,M00184,2026-07-16,gym,19:30
1172,M00317,2026-07-06,basketball,15:15
1173,M00121,2026-08-19,swimming pool,12:00
1174,M00260,2026-01-04,basketball,21:45
1175,M00557,2026-07-26,gym,21:15
1176,M00223,2026-05-31,basketball,20:45
1177,M00453,2026-01-21,football,06:15
1178,M00561,2026-03-13,football,12:00
1179,M00190,2026-02-07,gym,17:00
1180,M00149,2026-08-07,gym,15:30
1181,M00090,2026-01-13,gym,19:15
1182,M00166,2026-06-22,badminton,11:45
1183,M00593,2026-04-03,gym,08:30
1184,M00331,2026-04-05,basketball,08:45
1185,M00564,2026-01-17,badminton,21:15
1186,M00125,2026-06-27,badminton,16:45
1187,M00538,2026-02-23,swimming pool,07:00
1188,M00586,2026-07-06,football,08:45
1189,M00295,2026-04-20,football,16:30
1190,M00539,2026-05-28,football,17:15
1191,M00577,2026-05-08,football,21:45
1192,M00185,2026-08-15,football,13:30
1193,M00199,2026-01-01,gym,06:45
1194,M00121,2026-07-08,swimming pool,19:45
1195,M00047,2026-03-27,badminton,12:00
1196,M00207,2026-06-26,badminton,14:00
1197,M00316,2026-03-18,football,16:00
1198,M00117,2026-06-25,badminton,16:45
1199,M00583,2026-06-07,gym,11:15
1200,M00339,2026-08-02,badminton,21:45
1201,M00037,2026-06-15,swimming pool,21:15
1202,M00472,2026-08-17,football,16:45
1203,M00424,2026-08-26,gym,15:30
1204,M00569,2026-05-18,gym,12:30
1205,M00363,2026-01-17,swimming pool,14:00
1206,M00348,2026-04-07,football,11:45
1207,M00192,2026-06-02,gym,15:30
1208,M00033,2026-03-11,basketball,08:45
1209,M00244,2026-04-06,basketball,15:15
1210,M00538,2026-03-19,swimming pool,09:30
1211,M00039,2026-07-19,swimming pool,08:45
1212,M00519,2026-01-07,basketball,10:15
1213,M00349,2026-08-25,basketball,15:30
1214,M00147,2026-07-16,gym,10:15
1215,M00038,2026-04-28,basketball,09:00
1216,M00319,2026-08-27,gym,08:30
1217,M00479,2026-08-16,gym,09:30
1218,M00024,2026-05-28,badminton,12:30
1219,M00206,2026-02-19,badminton,14:30
1220,M00452,2026-06-21,gym,14:15
1221,M00162,2026-03-12,gym,06:00
1222,M00212,2026-05-19,badminton,16:30
1223,M00145,2026-08-30,badminton,13:15
1224,M00073,2026-03-21,football,16:45
1225,M00052,2026-02-03,gym,21:00
1226,M00109,2026-04-09,gym,08:45
1227,M00402,2026-02-15,football,20:30
1228,M00320,2026-03-27,swimming pool,08:45
1229,M00582,2026-02-03,gym,20:00
1230,M00467,2026-03-21,basketball,21:15
1231,M00230,2026-02-06,football,14:30
1232,M00402,2026-02-16,badminton,16:45
1233,M00500,2026-01-08,gym,21:00
1234,M00360,2026-05-03,basketball,11:30
1235,M00357,2026-06-04,football,10:00
1236,M00416,2026-07-29,gym,16:00
1237,M00310,2026-05-17,basketball,18:45
1238,M00245,2026-06-08,swimming pool,11:45
1239,M00394,2026-01-17,badminton,12:45
1240,M00446,2026-05-26,badminton,13:15
1241,M00080,2026-07-09,football,21:00
1242,M00475,2026-03-25,football,09:45
1243,M00181,2026-03-20,basketball,08:00
1244,M00389,2026-03-25,basketball,07:00
1245,M00223,2026-07-29,swimming pool,06:15
1246,M00153,2026-04-26,football,15:45
1247,M00592,2026-04-25,swimming pool,12:30
1248,M00307,2026-05-26,badminton,19:30
1249,M00092,2026-05-30,gym,18:15
1250,M00302,2026-01-16,badminton,07:00
1251,M00574,2026-07-30,badminton,09:30
1252,M00032,2026-03-02,basketball,18:30
1253,M00392,2026-04-14,basketball,19:15
1254,M00178,2026-05-02,swimming pool,12:45
1255,M00369,2026-08-04,basketball,10:30
1256,M00129,2026-02-04,gym,08:00
1257,M00148,2026-07-04,basketball,19:15
1258,M00087,2026-02-05,basketball,20:45
1259,M00185,2026-04-27,football,19:45
1260,M00394,2026-04-01,swimming pool,11:45
1261,M00008,2026-05-28,basketball,13:30
1262,M00421,2026-08-26,football,17:00
1263,M00039,2026-05-26,basketball,17:00
1264,M00595,2026-05-04,gym,10:30
1265,M00477,2026-05-13,gym,08:15
1266,M00484,2026-06-11,gym,15:00
1267,M00352,2026-05-17,gym,21:45
1268,M00525,2026-08-20,basketball,16:45
1269,M00362,2026-07-24,badminton,15:15
1270,M00037,2026-06-27,football,15:30
1271,M00063,2026-06-11,basketball,11:00
1272,M00299,2026-07-27,football,06:30
1273,M00497,2026-01-22,swimming pool,08:30
1274,M00259,2026-02-03,football,14:30
1275,M00264,2026-01-04,gym,11:15
1276,M00458,2026-04-05,swimming pool,14:15
1277,M00497,2026-02-16,football,07:30
1278,M00087,2026-02-07,football,10:45
1279,M00423,2026-07-17,basketball,13:45
1280,M00172,2026-02-23,football,17:00
1281,M00271,2026-07-13,gym,07:15
1282,M00476,2026-04-13,basketball,15:45
1283,M00546,2026-03-01,basketball,18:45
1284,M00269,2026-02-07,football,19:00
1285,M00296,2026-08-26,basketball,18:30
1286,M00543,2026-06-24,gym,09:30
1287,M00443,2026-06-06,badminton,16:30
1288,M00274,2026-07-25,gym,14:45
1289,M00473,2026-07-17,swimming pool,12:30
1290,M00185,2026-03-22,football,06:00
1291,M00070,2026-01-04,basketball,09:00
1292,M00457,2026-03-31,swimming pool,15:30
1293,M00198,2026-01-09,gym,08:00
1294,M00223,2026-06-03,gym,09:00
1295,M00134,2026-04-07,football,11:00
1296,M00189,2026-03-06,badminton,20:00
1297,M00465,2026-08-25,badminton,19:30
1298,M00264,2026-02-11,gym,14:00
1299,M00392,2026-04-10,badminton,07:30
1300,M00272,2026-02-15,basketball,08:45
1301,M00206,2026-06-06,basketball,11:45
1302,M00112,2026-02-06,football,19:15
1303,M00109,2026-08-22,basketball,14:00
1304,M00036,2026-01-19,gym,14:45
1305,M00020,2026-08-18,basketball,10:00
1306,M00039,2026-06-20,basketball,14:15
1307,M00338,2026-08-20,basketball,06:45
1308,M00490,2026-04-22,basketball,08:15
1309,M00004,2026-04-09,basketball,09:30
1310,M00342,2026-06-24,badminton,18:00
1311,M00093,2026-04-04,football,16:00
1312,M00471,2026-07-14,badminton,12:15
1313,M00568,2026-01-11,basketball,12:30
1314,M00400,2026-08-18,gym,17:45
1315,M00087,2026-08-15,basketball,12:15
1316,M00037,2026-02-19,gym,13:45
1317,M00399,2026-01-17,football,15:45
1318,M00547,2026-08-02,basketball,06:00
1319,M00348,2026-01-15,badminton,07:45
1320,M00122,2026-02-24,football,20:15
1321,M00594,2026-03-01,gym,07:15
1322,M00501,2026-06-17,gym,21:00
1323,M00249,2026-06-29,swimming pool,06:15
1324,M00052,2026-08-20,badminton,09:45
1325,M00175,2026-08-02,football,08:00
1326,M00117,2026-05-08,football,13:00
1327,M00208,2026-04-20,badminton,18:30
1328,M00124,2026-06-25,football,10:30
1329,M00219,2026-07-15,gym,11:30
1330,M00065,2026-01-31,badminton,10:45
1331,M00173,2026-06-28,badminton,11:45
1332,M00250,2026-08-25,football,07:15
1333,M00103,2026-07-22,football,18:15
1334,M00017,2026-08-14,basketball,08:00
1335,M00008,2026-02-15,gym,15:45
1336,M00488,2026-06-27,swimming pool,12:15
1337,M00278,2026-05-14,basketball,19:15
1338,M00179,2026-06-06,gym,11:45
1339,M00091,2026-06-10,badminton,17:45
1340,M00005,2026-05-23,swimming pool,12:00
1341,M00543,2026-01-25,football,17:15
1342,M00476,2026-07-17,swimming pool,14:00
1343,M00199,2026-01-29,swimming pool,21:45
1344,M00181,2026-02-10,gym,07:30
1345,M00292,2026-02-23,basketball,14:30
1346,M00465,2026-01-12,gym,07:15
1347,M00162,2026-07-21,gym,21:00
1348,M00073,2026-08-18,swimming pool,20:30
1349,M00430,2026-02-20,badminton,13:00
1350,M00334,2026-02-28,gym,13:45
1351,M00205,2026-04-07,swimming pool,08:45
1352,M00600,2026-05-05,gym,19:15
1353,M00222,2026-08-26,football,20:15
1354,M00397,2026-04-06,swimming pool,20:15
1355,M00368,2026-03-11,swimming pool,16:15
1356,M00033,2026-06-27,football,07:30
1357,M00140,2026-01-29,basketball,20:45
1358,M00176,2026-07-14,badminton,13:30
1359,M00161,2026-07-22,football,11:15
1360,M00089,2026-04-16,football,21:15
1361,M00485,2026-08-03,basketball,14:00
1362,M00439,2026-07-08,swimming pool,13:30
1363,M00445,2026-05-29,swimming pool,10:00
1364,M00428,2026-01-12,gym,21:00
1365,M00436,2026-05-16,basketball,21:00
1366,M00464,2026-05-07,swimming pool,08:00
1367,M00417,2026-02-25,swimming pool,17:30
1368,M00245,2026-06-15,gym,06:45
1369,M00313,2026-02-11,basketball,06:45
1370,M00475,2026-07-17,swimming pool,18:15
1371,M00380,2026-06-10,basketball,06:00
1372,M00395,2026-08-17,badminton,07:30
1373,M00437,2026-07-12,badminton,12:00
1374,M00344,2026-07-08,gym,17:00
1375,M00114,2026-04-09,badminton,20:00
1376,M00375,2026-04-04,swimming pool,08:15
1377,M00142,2026-03-27,swimming pool,09:45
1378,M00595,2026-08-12,swimming pool,13:30
1379,M00362,2026-08-18,badminton,19:30
1380,M00056,2026-01-17,badminton,17:45
1381,M00498,2026-05-09,football,09:45
1382,M00545,2026-06-23,football,15:45
1383,M00377,2026-07-24,gym,12:45
1384,M00090,2026-01-21,basketball,11:30
1385,M00079,2026-01-28,swimming pool,14:00
1386,M00152,2026-05-08,swimming pool,12:00
1387,M00301,2026-04-17,football,10:45
1388,M00356,2026-04-18,basketball,06:30
1389,M00194,2026-01-17,gym,13:30
1390,M00422,2026-05-29,badminton,16:45
1391,M00543,2026-08-04,football,20:45
1392,M00312,2026-05-26,swimming pool,15:15
1393,M00267,2026-02-28,basketball,17:30
1394,M00049,2026-02-07,badminton,15:45
1395,M00171,2026-06-08,swimming pool,15:15
1396,M00180,2026-08-03,swimming pool,11:15
1397,M00120,2026-01-11,badminton,10:45
1398,M00267,2026-04-05,swimming pool,12:00
1399,M00325,2026-03-30,swimming pool,17:45
1400,M00553,2026-02-11,football,15:00
1401,M00026,2026-04-14,basketball,10:45
1402,M00328,2026-02-09,gym,16:30
1403,M00486,2026-08-18,badminton,10:45
1404,M00347,2026-06-26,gym,21:00
1405,M00143,2026-06-23,football,09:30
1406,M00026,2026-04-13,football,13:45
1407,M00366,2026-01-24,badminton,07:15
1408,M00598,2026-05-15,swimming pool,14:15
1409,M00024,2026-01-22,football,20:00
1410,M00525,2026-04-11,swimming pool,21:30
1411,M00524,2026-08-30,gym,17:45
1412,M00152,2026-07-03,basketball,17:45
1413,M00382,2026-01-04,badminton,17:30
1414,M00316,2026-04-25,football,08:15
1415,M00455,2026-07-09,basketball,20:30
1416,M00168,2026-07-26,basketball,19:15
1417,M00089,2026-02-06,swimming pool,15:45
1418,M00538,2026-03-27,gym,18:00
1419,M00007,2026-04-15,badminton,19:15
1420,M00570,2026-04-29,football,10:15
1421,M00191,2026-08-02,basketball,15:45
1422,M00044,2026-07-30,badminton,15:45
1423,M00573,2026-07-09,basketball,13:00
1424,M00003,2026-02-09,badminton,15:45
1425,M00128,2026-06-17,badminton,19:15
1426,M00504,2026-08-21,swimming pool,06:00
1427,M00284,2026-05-07,gym,17:45
1428,M00580,2026-04-22,badminton,21:00
1429,M00383,2026-05-12,football,06:30
1430,M00167,2026-05-29,gym,10:30
1431,M00473,2026-08-13,swimming pool,17:15
1432,M00055,2026-03-11,badminton,19:30
1433,M00050,2026-03-16,badminton,08:15
1434,M00188,2026-07-15,gym,11:30
1435,M00324,2026-07-31,badminton,14:30
1436,M00099,2026-05-17,football,17:15
1437,M00014,2026-02-05,football,15:30
1438,M00497,2026-04-16,badminton,11:00
1439,M00224,2026-02-09,football,13:15
1440,M00573,2026-06-07,football,09:45
1441,M00472,2026-08-23,gym,09:15
1442,M00018,2026-05-03,badminton,15:30
1443,M00143,2026-07-29,basketball,16:15
1444,M00312,2026-01-08,gym,13:15
1445,M00146,2026-06-26,swimming pool,15:15
1446,M00215,2026-02-03,gym,19:00
1447,M00080,2026-01-05,basketball,19:00
1448,M00202,2026-01-28,gym,07:45
1449,M00122,2026-08-21,badminton,07:00
1450,M00309,2026-06-20,gym,09:00
1451,M00211,2026-05-31,swimming pool,11:30
1452,M00030,2026-01-24,swimming pool,14:30
1453,M00361,2026-02-11,football,13:00
1454,M00102,2026-07-29,football,06:15
1455,M00197,2026-03-14,swimming pool,06:00
1456,M00220,2026-08-24,football,21:30
1457,M00190,2026-04-23,gym,11:30
1458,M00389,2026-04-19,swimming pool,13:45
1459,M00116,2026-07-14,badminton,09:45
1460,M00113,2026-05-14,swimming pool,21:30
1461,M00296,2026-05-23,gym,08:30
1462,M00506,2026-01-30,basketball,15:45
1463,M00320,2026-06-25,basketball,13:45
1464,M00298,2026-08-07,basketball,12:00
1465,M00488,2026-08-29,badminton,11:00
1466,M00504,2026-06-22,gym,18:45
1467,M00536,2026-06-18,gym,09:15
1468,M00405,2026-04-13,football,09:15
1469,M00067,2026-04-04,swimming pool,16:15
1470,M00414,2026-02-01,swimming pool,19:45
1471,M00286,2026-07-15,football,14:45
1472,M00365,2026-05-02,football,18:45
1473,M00524,2026-03-13,swimming pool,20:00
1474,M00126,2026-03-06,basketball,21:15
1475,M00138,2026-01-08,gym,07:00
1476,M00511,2026-06-23,gym,11:45
1477,M00335,2026-02-09,badminton,09:00
1478,M00533,2026-07-16,basketball,20:15
1479,M00301,2026-06-19,basketball,21:30
1480,M00556,2026-03-29,football,06:00
1481,M00441,2026-08-14,gym,18:45
1482,M00323,2026-08-07,basketball,20:45
1483,M00037,2026-01-09,swimming pool,15:15
1484,M00504,2026-04-21,swimming pool,15:45
1485,M00500,2026-07-15,gym,21:45
1486,M00488,2026-05-24,swimming pool,07:45
1487,M00270,2026-05-07,football,18:30
1488,M00292,2026-03-24,gym,06:00
1489,M00132,2026-08-03,badminton,17:00
1490,M00350,2026-04-08,gym,19:30
1491,M00366,2026-04-16,badminton,07:15
1492,M00254,2026-03-02,badminton,08:00
1493,M00313,2026-01-30,badminton,11:00
1494,M00552,2026-03-25,gym,20:45
1495,M00582,2026-05-12,basketball,14:00
1496,M00481,2026-05-31,gym,16:45
1497,M00585,2026-04-10,badminton,09:45
1498,M00103,2026-06-26,swimming pool,16:45
1499,M00515,2026-07-27,badminton,11:30
1500,M00373,2026-04-22,swimming pool,21:00
1501,M00549,2026-02-24,badminton,14:00
1502,M00305,2026-05-27,basketball,13:00
1503,M00593,2026-01-25,football,16:30
1504,M00069,2026-05-26,football,21:45
1505,M00215,2026-03-30,gym,15:30
1506,M00444,2026-06-19,football,16:15
1507,M00425,2026-04-13,badminton,20:15
1508,M00020,2026-06-10,football,11:45
1509,M00219,2026-06-19,basketball,14:45
1510,M00580,2026-07-06,gym,12:30
1511,M00474,2026-02-07,swimming pool,10:30
1512,M00446,2026-04-16,badminton,08:15
1513,M00423,2026-03-10,badminton,11:30
1514,M00242,2026-04-14,swimming pool,09:15
1515,M00197,2026-01-08,swimming pool,15:45
1516,M00498,2026-05-24,basketball,19:00
1517,M00207,2026-02-10,badminton,10:00
1518,M00265,2026-07-22,badminton,11:00
1519,M00498,2026-07-20,gym,07:00
1520,M00322,2026-06-04,badminton,08:45
1521,M00373,2026-06-21,gym,18:15
1522,M00242,2026-01-29,football,09:30
1523,M00509,2026-08-15,gym,13:00
1524,M00321,2026-03-26,football,18:15
1525,M00434,2026-02-25,swimming pool,09:15
1526,M00220,2026-03-12,basketball,19:30
1527,M00058,2026-05-06,football,17:00
1528,M00325,2026-05-20,basketball,21:15
1529,M00285,2026-08-14,swimming pool,17:45
1530,M00377,2026-07-30,badminton,06:00
1531,M00056,2026-06-26,swimming pool,14:45
1532,M00317,2026-06-13,badminton,09:15
1533,M00454,2026-04-10,gym,18:30
1534,M00309,2026-01-24,swimming pool,15:15
1535,M00165,2026-08-23,basketball,16:45
1536,M00035,2026-03-12,gym,21:45
1537,M00423,2026-08-26,badminton,19:00
1538,M00165,2026-06-28,badminton,08:30
1539,M00431,2026-06-04,football,16:45
1540,M00029,2026-07-15,gym,11:45
1541,M00140,2026-01-01,basketball,12:30
1542,M00322,2026-05-28,gym,09:15
1543,M00256,2026-05-13,swimming pool,19:30
1544,M00463,2026-05-03,swimming pool,14:15
1545,M00336,2026-07-24,badminton,12:00
1546,M00425,2026-04-05,swimming pool,18:45
1547,M00585,2026-02-27,gym,06:15
1548,M00092,2026-04-29,swimming pool,14:15
1549,M00051,2026-04-13,football,19:30
1550,M00153,2026-01-23,badminton,11:00
1551,M00015,2026-07-03,football,19:45
1552,M00507,2026-01-31,swimming pool,12:15
1553,M00273,2026-03-15,basketball,18:15
1554,M00442,2026-08-08,swimming pool,12:30
1555,M00194,2026-04-18,swimming pool,19:15
1556,M00030,2026-03-16,badminton,13:45
1557,M00255,2026-04-05,football,20:00
1558,M00011,2026-05-01,swimming pool,16:45
1559,M00218,2026-07-02,basketball,19:30
1560,M00075,2026-01-25,football,07:00
1561,M00341,2026-08-27,swimming pool,21:30
1562,M00047,2026-01-02,badminton,18:30
1563,M00405,2026-06-21,badminton,10:00
1564,M00595,2026-02-15,badminton,11:45
1565,M00348,2026-08-13,basketball,10:00
1566,M00325,2026-07-01,football,19:15
1567,M00267,2026-01-30,badminton,07:15
1568,M00512,2026-08-12,badminton,17:45
1569,M00290,2026-08-20,badminton,14:30
1570,M00447,2026-08-17,swimming pool,16:45
1571,M00155,2026-05-23,basketball,07:15
1572,M00153,2026-01-14,swimming pool,11:00
1573,M00482,2026-03-08,swimming pool,20:45
1574,M00119,2026-08-18,basketball,07:45
1575,M00366,2026-07-01,football,21:45
1576,M00505,2026-01-29,swimming pool,09:30
1577,M00096,2026-02-22,badminton,11:15
1578,M00521,2026-07-30,badminton,12:00
1579,M00539,2026-07-16,football,11:45
1580,M00079,2026-03-05,basketball,09:30
1581,M00027,2026-03-14,gym,18:30
1582,M00109,2026-08-03,badminton,10:00
1583,M00084,2026-04-28,basketball,20:30
1584,M00006,2026-03-26,gym,20:30
1585,M00583,2026-02-03,swimming pool,07:30
1586,M00331,2026-07-24,gym,08:45
1587,M00095,2026-04-13,badminton,11:15
1588,M00409,2026-01-23,gym,12:15
1589,M00398,2026-07-19,basketball,15:15
1590,M00124,2026-03-18,basketball,19:30
1591,M00135,2026-04-02,gym,17:15
1592,M00502,2026-04-25,basketball,21:30
1593,M00577,2026-06-03,basketball,08:45
1594,M00378,2026-06-07,swimming pool,19:45
1595,M00096,2026-01-11,football,16:45
1596,M00230,2026-06-15,swimming pool,21:00
1597,M00298,2026-04-30,basketball,08:45
1598,M00308,2026-02-08,swimming pool,15:15
1599,M00536,2026-04-20,badminton,07:00
1600,M00047,2026-05-12,gym,19:45
1601,M00097,2026-04-29,football,14:30
1602,M00261,2026-05-30,gym,06:00
1603,M00474,2026-02-15,swimming pool,18:00
1604,M00086,2026-04-17,badminton,16:45
1605,M00461,2026-06-09,badminton,16:15
1606,M00217,2026-02-17,gym,14:00
1607,M00445,2026-05-17,gym,06:45
1608,M00120,2026-01-04,swimming pool,21:45
1609,M00415,2026-08-11,football,21:30
1610,M00370,2026-06-26,basketball,15:00
1611,M00129,2026-02-04,gym,12:00
1612,M00017,2026-06-28,swimming pool,06:15
1613,M00493,2026-06-16,swimming pool,13:45
1614,M00552,2026-02-18,gym,15:45
1615,M00152,2026-05-02,basketball,06:00
1616,M00171,2026-08-20,swimming pool,20:45
1617,M00483,2026-01-06,basketball,13:15
1618,M00302,2026-05-26,basketball,07:30
1619,M00009,2026-01-27,basketball,19:45
1620,M00593,2026-06-02,football,15:00
1621,M00500,2026-04-13,basketball,21:15
1622,M00063,2026-05-16,gym,19:30
1623,M00567,2026-01-17,badminton,19:45
1624,M00120,2026-05-07,football,17:45
1625,M00447,2026-01-06,swimming pool,15:15
1626,M00481,2026-03-30,basketball,13:15
1627,M00348,2026-08-24,football,20:15
1628,M00301,2026-07-05,basketball,19:30
1629,M00484,2026-07-24,swimming pool,12:30
1630,M00089,2026-06-20,basketball,10:15
1631,M00205,2026-02-10,football,21:00
1632,M00426,2026-08-30,basketball,15:15
1633,M00215,2026-05-23,gym,06:30
1634,M00268,2026-04-02,swimming pool,11:00
1635,M00066,2026-03-28,basketball,09:15
1636,M00124,2026-05-24,swimming pool,21:30
1637,M00349,2026-07-20,badminton,07:30
1638,M00155,2026-08-07,football,09:00
1639,M00449,2026-07-24,basketball,09:00
1640,M00105,2026-07-30,football,07:00
1641,M00172,2026-06-11,gym,12:30
1642,M00161,2026-07-06,badminton,20:45
1643,M00102,2026-02-09,badminton,16:15
1644,M00126,2026-08-06,swimming pool,20:45
1645,M00007,2026-03-04,basketball,16:30
1646,M00518,2026-02-13,gym,14:30
1647,M00425,2026-04-03,swimming pool,10:45
1648,M00234,2026-02-05,basketball,19:45
1649,M00470,2026-08-07,football,17:00
1650,M00454,2026-02-07,gym,08:00
1651,M00347,2026-03-22,basketball,11:45
1652,M00063,2026-04-11,gym,10:00
1653,M00533,2026-03-17,basketball,18:30
1654,M00322,2026-08-21,badminton,06:30
1655,M00541,2026-06-06,swimming pool,18:45
1656,M00211,2026-08-16,football,20:30
1657,M00415,2026-07-18,swimming pool,15:00
1658,M00038,2026-05-18,badminton,18:15
1659,M00533,2026-05-19,badminton,12:00
1660,M00524,2026-05-22,badminton,16:15
1661,M00024,2026-01-08,football,14:15
1662,M00312,2026-07-05,basketball,09:00
1663,M00382,2026-03-08,football,17:00
1664,M00049,2026-07-13,gym,20:30
1665,M00587,2026-07-08,gym,20:30
1666,M00242,2026-07-26,football,13:30
1667,M00307,2026-03-14,football,10:45
1668,M00533,2026-07-08,swimming pool,09:30
1669,M00529,2026-05-30,swimming pool,17:45
1670,M00101,2026-02-07,basketball,19:00
1671,M00095,2026-01-16,basketball,10:45
1672,M00220,2026-04-25,gym,17:45
1673,M00573,2026-05-13,basketball,14:45
1674,M00434,2026-04-23,basketball,19:15
1675,M00148,2026-05-10,swimming pool,21:45
1676,M00133,2026-06-30,football,09:15
1677,M00467,2026-05-02,gym,11:30
1678,M00122,2026-06-04,basketball,09:00
1679,M00379,2026-05-27,badminton,07:15
1680,M00121,2026-04-06,badminton,17:30
1681,M00302,2026-05-05,gym,10:15
1682,M00432,2026-01-13,badminton,15:15
1683,M00188,2026-07-29,basketball,06:00
1684,M00561,2026-03-31,gym,07:45
1685,M00493,2026-05-27,badminton,20:30
1686,M00387,2026-05-02,football,10:15
1687,M00517,2026-06-12,basketball,20:45
1688,M00153,2026-08-10,badminton,08:45
1689,M00397,2026-03-01,basketball,16:00
1690,M00454,2026-07-08,badminton,08:15
1691,M00026,2026-05-27,badminton,09:00
1692,M00198,2026-06-08,football,07:15
1693,M00488,2026-05-09,gym,09:15
1694,M00020,2026-03-12,swimming pool,13:45
1695,M00087,2026-07-26,football,16:45
1696,M00047,2026-05-06,gym,16:45
1697,M00185,2026-04-17,gym,16:45
1698,M00264,2026-01-24,gym,09:15
1699,M00293,2026-02-06,swimming pool,14:00
1700,M00158,2026-03-20,basketball,11:00
1701,M00334,2026-02-16,gym,07:30
1702,M00400,2026-01-26,badminton,10:45
1703,M00332,2026-03-08,basketball,09:00
1704,M00208,2026-03-03,football,13:45
1705,M00521,2026-07-12,football,18:00
1706,M00276,2026-01-16,badminton,20:45
1707,M00068,2026-05-04,gym,19:15
1708,M00020,2026-03-10,football,09:15
1709,M00569,2026-06-16,swimming pool,15:45
1710,M00457,2026-01-22,football,12:15
1711,M00383,2026-05-19,swimming pool,13:45
1712,M00569,2026-04-26,gym,06:45
1713,M00297,2026-06-17,swimming pool,06:00
1714,M00494,2026-03-11,football,14:45
1715,M00360,2026-08-04,swimming pool,15:00
1716,M00166,2026-07-09,football,08:30
1717,M00092,2026-04-12,gym,10:30
1718,M00443,2026-02-23,football,16:30
1719,M00268,2026-07-12,basketball,14:15
1720,M00330,2026-03-29,swimming pool,20:30
1721,M00017,2026-08-22,swimming pool,06:45
1722,M00005,2026-08-19,gym,11:45
1723,M00570,2026-08-18,basketball,18:00
1724,M00080,2026-05-18,gym,20:00
1725,M00362,2026-07-28,basketball,17:45
1726,M00182,2026-08-03,gym,09:45
1727,M00380,2026-08-28,swimming pool,20:00
1728,M00227,2026-07-10,gym,14:30
1729,M00197,2026-01-24,football,15:15
1730,M00240,2026-05-07,badminton,07:30
1731,M00505,2026-08-20,football,12:00
1732,M00201,2026-07-30,basketball,09:30
1733,M00583,2026-05-09,basketball,11:15
1734,M00580,2026-06-22,football,11:00
1735,M00132,2026-07-10,gym,10:30
1736,M00584,2026-08-08,swimming pool,14:15
1737,M00024,2026-06-27,football,14:45
1738,M00003,2026-08-29,basketball,07:30
1739,M00443,2026-08-05,basketball,14:00
1740,M00531,2026-04-30,basketball,17:00
1741,M00230,2026-01-13,badminton,19:45
1742,M00324,2026-01-02,basketball,12:30
1743,M00084,2026-08-14,football,06:15
1744,M00434,2026-01-20,swimming pool,12:15
1745,M00338,2026-03-21,gym,09:00
1746,M00492,2026-04-21,gym,16:30
1747,M00254,2026-01-28,basketball,13:30
1748,M00056,2026-07-30,badminton,13:00
1749,M00450,2026-07-15,gym,20:00
1750,M00088,2026-01-16,gym,18:30
1751,M00067,2026-07-20,swimming pool,07:45
1752,M00057,2026-03-19,football,19:00
1753,M00105,2026-06-23,gym,07:30
1754,M00391,2026-04-13,gym,19:15
1755,M00011,2026-04-27,basketball,20:45
1756,M00104,2026-03-28,gym,20:30
1757,M00198,2026-01-28,gym,06:00
1758,M00199,2026-08-20,football,10:30
1759,M00364,2026-04-18,basketball,20:15
1760,M00249,2026-02-05,gym,07:15
1761,M00320,2026-05-30,basketball,17:30
1762,M00598,2026-08-15,football,10:15
1763,M00481,2026-03-21,football,16:30
1764,M00378,2026-01-03,football,10:00
1765,M00244,2026-05-10,football,07:45
1766,M00353,2026-02-20,swimming pool,12:00
1767,M00350,2026-02-18,basketball,20:30
1768,M00593,2026-05-25,badminton,15:45
1769,M00337,2026-02-11,gym,20:00
1770,M00508,2026-02-26,gym,13:15
1771,M00478,2026-06-09,swimming pool,13:45
1772,M00340,2026-07-26,basketball,12:45
1773,M00189,2026-07-31,gym,17:00
1774,M00076,2026-04-02,gym,09:15
1775,M00298,2026-04-23,swimming pool,17:00
1776,M00031,2026-02-20,swimming pool,15:15
1777,M00225,2026-08-15,badminton,11:30
1778,M00568,2026-03-04,swimming pool,12:00
1779,M00181,2026-08-04,badminton,09:00
1780,M00141,2026-04-08,gym,16:15
1781,M00313,2026-04-27,swimming pool,17:30
1782,M00176,2026-08-29,football,19:00
1783,M00122,2026-02-06,swimming pool,12:15
1784,M00546,2026-04-07,badminton,16:45
1785,M00251,2026-08-24,gym,12:30
1786,M00153,2026-03-25,swimming pool,07:30
1787,M00130,2026-08-06,football,21:15
1788,M00084,2026-07-20,basketball,08:15
1789,M00521,2026-04-10,football,17:45
1790,M00532,2026-04-29,swimming pool,16:30
1791,M00539,2026-06-27,basketball,21:45
1792,M00275,2026-05-29,basketball,07:15
1793,M00225,2026-08-18,swimming pool,20:15
1794,M00406,2026-02-25,badminton,19:45
1795,M00586,2026-02-10,badminton,14:00
1796,M00138,2026-07-12,gym,15:45
1797,M00532,2026-04-01,swimming pool,07:45
1798,M00525,2026-06-09,badminton,19:45
1799,M00479,2026-04-21,basketball,17:45
1800,M00325,2026-03-11,basketball,06:15
1801,M00453,2026-03-01,badminton,08:30
1802,M00085,2026-03-17,football,08:30
1803,M00234,2026-01-26,gym,08:30
1804,M00040,2026-05-20,swimming pool,16:15
1805,M00338,2026-03-06,badminton,14:15
1806,M00142,2026-08-07,football,14:00
1807,M00307,2026-03-14,badminton,18:45
1808,M00594,2026-07-13,gym,21:15
1809,M00408,2026-02-28,swimming pool,12:45
1810,M00240,2026-05-13,football,20:45
1811,M00349,2026-07-22,gym,16:15
1812,M00440,2026-07-17,basketball,12:45
1813,M00461,2026-08-07,football,06:30
1814,M00143,2026-05-28,swimming pool,15:00
1815,M00512,2026-07-27,badminton,16:15
1816,M00430,2026-04-19,basketball,15:30
1817,M00024,2026-05-26,gym,10:15
1818,M00339,2026-05-26,football,18:45
1819,M00210,2026-08-31,basketball,08:45
1820,M00193,2026-05-02,gym,16:45
1821,M00312,2026-01-24,swimming pool,09:15
1822,M00033,2026-07-31,football,21:00
1823,M00192,2026-02-20,gym,18:30
1824,M00211,2026-03-01,badminton,08:45
1825,M00059,2026-04-05,football,06:15
1826,M00335,2026-08-09,basketball,18:15
1827,M00114,2026-02-03,football,19:45
1828,M00071,2026-04-10,swimming pool,10:15
1829,M00318,2026-04-21,basketball,11:30
1830,M00208,2026-05-09,basketball,14:15
1831,M00008,2026-02-06,basketball,08:45
1832,M00253,2026-05-15,badminton,21:45
1833,M00474,2026-05-28,gym,08:30
1834,M00468,2026-03-30,badminton,18:15
1835,M00426,2026-03-05,swimming pool,19:45
1836,M00394,2026-08-22,swimming pool,09:45
1837,M00045,2026-03-03,swimming pool,14:30
1838,M00069,2026-06-28,swimming pool,21:45
1839,M00567,2026-02-01,badminton,08:00
1840,M00517,2026-07-16,badminton,19:45
1841,M00169,2026-03-06,swimming pool,07:45
1842,M00028,2026-01-19,basketball,18:30
1843,M00409,2026-08-08,swimming pool,18:00
1844,M00011,2026-03-06,gym,10:30
1845,M00476,2026-05-05,basketball,08:00
1846,M00562,2026-06-18,swimming pool,20:15
1847,M00483,2026-07-30,badminton,11:15
1848,M00019,2026-06-05,gym,11:30
1849,M00128,2026-05-17,basketball,11:00
1850,M00012,2026-06-23,badminton,10:45
1851,M00367,2026-02-15,swimming pool,07:15
1852,M00453,2026-06-28,gym,09:45
1853,M00316,2026-04-24,gym,06:00
1854,M00387,2026-07-16,swimming pool,13:30
1855,M00245,2026-02-21,gym,06:45
1856,M00029,2026-01-04,badminton,12:00
1857,M00226,2026-08-14,gym,11:15
1858,M00046,2026-04-17,football,09:30
1859,M00331,2026-05-24,swimming pool,12:45
1860,M00439,2026-01-31,swimming pool,12:00
1861,M00366,2026-03-24,swimming pool,06:45
1862,M00324,2026-01-04,basketball,12:45
1863,M00226,2026-01-17,badminton,17:00
1864,M00069,2026-08-15,swimming pool,19:30
1865,M00512,2026-01-27,football,11:30
1866,M00098,2026-06-03,badminton,18:15
1867,M00341,2026-02-14,badminton,21:00
1868,M00344,2026-01-05,football,20:45
1869,M00524,2026-06-13,swimming pool,06:15
1870,M00022,2026-06-07,gym,15:15
1871,M00439,2026-07-13,swimming pool,08:00
1872,M00141,2026-04-06,basketball,15:15
1873,M00156,2026-04-07,swimming pool,07:15
1874,M00455,2026-07-09,badminton,10:30
1875,M00326,2026-06-14,gym,19:30
1876,M00025,2026-02-28,badminton,16:15
1877,M00211,2026-05-19,gym,13:15
1878,M00391,2026-05-14,badminton,11:45
1879,M00007,2026-01-17,basketball,08:15
1880,M00054,2026-06-12,swimming pool,12:15
1881,M00094,2026-02-14,football,12:15
1882,M00520,2026-01-21,basketball,20:30
1883,M00169,2026-07-04,swimming pool,13:45
1884,M00181,2026-06-05,swimming pool,15:30
1885,M00591,2026-04-25,swimming pool,14:45
1886,M00082,2026-04-03,basketball,18:15
1887,M00483,2026-04-23,basketball,19:15
1888,M00494,2026-01-06,basketball,19:00
1889,M00308,2026-06-02,football,10:15
1890,M00264,2026-04-08,basketball,15:45
1891,M00291,2026-04-07,football,21:00
1892,M00342,2026-02-04,basketball,12:15
1893,M00195,2026-01-02,gym,17:45
1894,M00415,2026-08-25,basketball,18:30
1895,M00394,2026-05-06,badminton,08:45
1896,M00040,2026-08-24,gym,18:15
1897,M00199,2026-07-15,basketball,14:30
1898,M00522,2026-07-01,basketball,17:00
1899,M00395,2026-08-26,basketball,13:15
1900,M00490,2026-01-09,badminton,06:15
1901,M00268,2026-06-04,basketball,10:30
1902,M00254,2026-06-04,football,11:00
1903,M00120,2026-07-17,gym,18:45
1904,M00083,2026-05-13,swimming pool,19:15
1905,M00438,2026-03-06,badminton,18:30
1906,M00422,2026-07-12,gym,09:30
1907,M00147,2026-03-10,swimming pool,18:30
1908,M00007,2026-02-13,basketball,06:00
1909,M00072,2026-07-18,basketball,19:30
1910,M00442,2026-02-13,swimming pool,17:15
1911,M00138,2026-02-20,basketball,11:00
1912,M00462,2026-05-26,swimming pool,11:15
1913,M00061,2026-07-11,swimming pool,12:30
1914,M00419,2026-04-23,football,09:15
1915,M00082,2026-03-17,gym,18:00
1916,M00284,2026-01-17,badminton,06:15
1917,M00490,2026-05-05,gym,06:00
1918,M00273,2026-07-12,gym,07:00
1919,M00217,2026-05-14,gym,18:30
1920,M00498,2026-05-02,badminton,19:30
1921,M00380,2026-06-24,badminton,16:15
1922,M00370,2026-06-20,basketball,18:00
1923,M00365,2026-08-12,badminton,09:00
1924,M00468,2026-08-11,basketball,10:00
1925,M00126,2026-08-11,football,14:15
1926,M00378,2026-04-26,football,21:45
1927,M00193,2026-01-01,badminton,06:30
1928,M00047,2026-07-26,badminton,20:15
1929,M00497,2026-04-13,football,08:30
1930,M00439,2026-08-29,basketball,09:45
1931,M00301,2026-06-05,swimming pool,10:00
1932,M00131,2026-05-08,gym,15:45
1933,M00173,2026-08-18,basketball,09:45
1934,M00554,2026-03-03,swimming pool,12:15
1935,M00092,2026-01-28,basketball,06:15
1936,M00335,2026-08-20,basketball,14:15
1937,M00264,2026-06-20,basketball,09:15
1938,M00548,2026-06-12,basketball,08:30
1939,M00230,2026-08-27,football,08:30
1940,M00387,2026-08-22,basketball,19:15
1941,M00229,2026-03-08,gym,15:00
1942,M00115,2026-01-23,badminton,12:00
1943,M00587,2026-04-05,swimming pool,16:45
1944,M00591,2026-07-08,gym,15:00
1945,M00549,2026-02-18,basketball,19:30
1946,M00374,2026-07-24,swimming pool,13:00
1947,M00405,2026-01-03,football,20:30
1948,M00149,2026-07-28,badminton,13:45
1949,M00467,2026-02-07,football,15:15
1950,M00036,2026-06-03,badminton,15:00
1951,M00281,2026-08-06,football,21:15
1952,M00507,2026-03-16,basketball,07:30
1953,M00157,2026-07-31,swimming pool,13:00
1954,M00184,2026-08-08,basketball,18:30
1955,M00164,2026-01-06,football,18:30
1956,M00433,2026-06-23,basketball,17:45
1957,M00401,2026-01-19,football,15:30
1958,M00200,2026-06-29,football,18:00
1959,M00135,2026-03-24,football,07:30
1960,M00469,2026-06-17,swimming pool,10:45
1961,M00495,2026-03-16,swimming pool,12:15
1962,M00201,2026-07-08,gym,17:00
1963,M00152,2026-04-07,basketball,11:00
1964,M00099,2026-04-02,basketball,11:00
1965,M00121,2026-05-12,badminton,19:15
1966,M00414,2026-03-04,gym,09:15
1967,M00407,2026-05-06,badminton,11:45
1968,M00092,2026-07-19,basketball,18:30
1969,M00456,2026-04-05,gym,09:00
1970,M00085,2026-02-01,basketball,13:00
1971,M00587,2026-05-27,basketball,14:00
1972,M00186,2026-04-09,basketball,19:30
1973,M00586,2026-02-02,gym,16:00
1974,M00551,2026-02-17,basketball,06:45
1975,M00570,2026-07-29,football,21:00
1976,M00532,2026-08-03,football,09:15
1977,M00121,2026-02-16,football,11:00
1978,M00569,2026-04-25,badminton,09:00
1979,M00132,2026-05-28,swimming pool,11:00
1980,M00576,2026-03-07,gym,08:00
1981,M00519,2026-03-18,badminton,11:45
1982,M00001,2026-03-05,badminton,07:30
1983,M00547,2026-04-24,swimming pool,21:30
1984,M00536,2026-08-22,badminton,12:00
1985,M00046,2026-03-02,gym,12:15
1986,M00307,2026-08-08,swimming pool,10:15
1987,M00368,2026-03-13,swimming pool,19:00
1988,M00564,2026-03-07,badminton,18:15
1989,M00410,2026-04-27,gym,14:45
1990,M00147,2026-05-18,swimming pool,08:30
1991,M00198,2026-07-02,badminton,11:45
1992,M00158,2026-03-22,basketball,18:00
1993,M00254,2026-01-20,badminton,09:00
1994,M00562,2026-04-15,gym,16:00
1995,M00372,2026-08-21,badminton,14:15
1996,M00232,2026-03-12,gym,09:45
1997,M00228,2026-04-07,gym,09:15
1998,M00540,2026-07-06,badminton,21:00
1999,M00542,2026-03-31,football,15:30
2000,M00102,2026-08-18,gym,11:30
2001,M00399,2026-02-16,badminton,18:45
2002,M00131,2026-03-08,gym,10:15
2003,M00147,2026-04-07,football,14:00
2004,M00380,2026-07-01,swimming pool,19:45
2005,M00188,2026-04-23,badminton,20:30
2006,M00283,2026-04-20,football,13:30
2007,M00090,2026-08-31,badminton,19:30
2008,M00093,2026-06-12,gym,08:15
2009,M00096,2026-02-12,football,07:00
2010,M00293,2026-05-22,basketball,06:45
2011,M00521,2026-08-27,swimming pool,21:45
2012,M00528,2026-06-25,football,09:45
2013,M00015,2026-06-07,swimming pool,06:45
2014,M00548,2026-07-11,badminton,13:00
2015,M00460,2026-02-13,football,13:15
2016,M00077,2026-04-04,swimming pool,17:00
2017,M00433,2026-05-07,basketball,11:30
2018,M00116,2026-03-28,swimming pool,09:30
2019,M00307,2026-05-04,badminton,14:15
2020,M00003,2026-07-08,football,18:15
2021,M00313,2026-08-26,football,07:45
2022,M00500,2026-01-15,badminton,06:45
2023,M00337,2026-03-18,badminton,09:00
2024,M00359,2026-08-16,swimming pool,18:30
2025,M00010,2026-01-26,basketball,21:15
2026,M00087,2026-05-16,football,10:45
2027,M00127,2026-08-22,basketball,06:15
2028,M00257,2026-02-27,basketball,18:30
2029,M00307,2026-04-04,basketball,11:30
2030,M00112,2026-04-23,basketball,11:15
2031,M00363,2026-07-11,basketball,06:30
2032,M00204,2026-01-29,swimming pool,15:00
2033,M00137,2026-04-12,basketball,16:00
2034,M00165,2026-06-20,swimming pool,21:30
2035,M00122,2026-04-18,basketball,21:15
2036,M00333,2026-07-12,basketball,18:15
2037,M00113,2026-01-28,gym,10:15
2038,M00353,2026-05-09,gym,13:00
2039,M00351,2026-04-20,football,06:45
2040,M00492,2026-03-16,badminton,21:00
2041,M00440,2026-03-05,football,10:15
2042,M00256,2026-03-13,gym,14:15
2043,M00440,2026-02-20,basketball,09:15
2044,M00194,2026-08-07,football,10:15
2045,M00124,2026-02-03,basketball,07:30
2046,M00197,2026-08-26,swimming pool,19:00
2047,M00205,2026-01-24,gym,18:45
2048,M00538,2026-03-20,swimming pool,13:30
2049,M00437,2026-05-03,gym,19:00
2050,M00312,2026-01-29,badminton,17:30
2051,M00360,2026-07-02,basketball,13:30
2052,M00049,2026-02-16,gym,06:00
2053,M00330,2026-02-24,badminton,21:30
2054,M00104,2026-04-21,swimming pool,14:45
2055,M00373,2026-03-27,badminton,09:00
2056,M00014,2026-06-24,football,10:30
2057,M00370,2026-07-09,badminton,17:15
2058,M00283,2026-02-23,football,18:00
2059,M00109,2026-02-03,football,09:00
2060,M00196,2026-02-19,basketball,09:00
2061,M00560,2026-06-08,badminton,15:45
2062,M00207,2026-05-17,swimming pool,07:15
2063,M00197,2026-04-18,football,14:30
2064,M00375,2026-04-25,gym,19:00
2065,M00495,2026-04-18,football,06:15
2066,M00281,2026-06-28,swimming pool,15:00
2067,M00580,2026-01-16,swimming pool,18:45
2068,M00546,2026-08-11,football,08:15
2069,M00449,2026-07-12,football,18:45
2070,M00411,2026-06-05,badminton,12:15
2071,M00004,2026-02-10,football,12:00
2072,M00526,2026-04-27,football,14:30
2073,M00226,2026-03-17,badminton,09:15
2074,M00230,2026-01-12,football,13:30
2075,M00041,2026-06-13,swimming pool,14:15
2076,M00277,2026-08-12,gym,13:15
2077,M00548,2026-01-30,gym,17:30
2078,M00333,2026-01-22,football,14:15
2079,M00419,2026-08-18,football,15:30
2080,M00059,2026-06-10,gym,17:15
2081,M00287,2026-02-15,badminton,06:00
2082,M00392,2026-08-31,badminton,12:45
2083,M00226,2026-03-25,badminton,12:45
2084,M00160,2026-04-25,swimming pool,19:30
2085,M00152,2026-08-19,basketball,08:45
2086,M00186,2026-04-28,swimming pool,11:15
2087,M00584,2026-05-06,swimming pool,15:00
2088,M00318,2026-02-11,swimming pool,18:15
2089,M00072,2026-02-06,gym,19:15
2090,M00466,2026-08-21,basketball,09:15
2091,M00013,2026-06-04,gym,18:45
2092,M00022,2026-01-29,gym,07:15
2093,M00255,2026-07-17,gym,14:15
2094,M00014,2026-07-22,gym,09:30
2095,M00088,2026-02-21,swimming pool,21:45
2096,M00168,2026-03-20,badminton,21:15
2097,M00250,2026-01-15,football,14:00
2098,M00022,2026-07-31,gym,09:30
2099,M00106,2026-05-11,basketball,10:00
2100,M00230,2026-01-07,swimming pool,19:45
2101,M00151,2026-04-01,badminton,13:45
2102,M00116,2026-05-06,swimming pool,09:15
2103,M00105,2026-03-14,badminton,08:30
2104,M00122,2026-04-03,gym,07:15
2105,M00183,2026-04-20,football,16:15
2106,M00436,2026-02-08,badminton,15:30
2107,M00107,2026-03-11,basketball,17:30
2108,M00079,2026-07-21,gym,10:15
2109,M00328,2026-02-07,basketball,20:45
2110,M00069,2026-01-29,football,19:30
2111,M00149,2026-01-24,badminton,10:15
2112,M00395,2026-04-01,badminton,21:45
2113,M00493,2026-06-27,basketball,16:15
2114,M00252,2026-04-09,basketball,21:45
2115,M00546,2026-05-18,swimming pool,18:00
2116,M00595,2026-07-03,basketball,13:00
2117,M00241,2026-04-03,gym,12:00
2118,M00372,2026-05-23,basketball,10:00
2119,M00062,2026-08-22,badminton,17:15
2120,M00302,2026-04-28,swimming pool,19:15
2121,M00216,2026-07-31,swimming pool,07:15
2122,M00121,2026-06-28,swimming pool,18:00
2123,M00435,2026-04-06,gym,09:00
2124,M00489,2026-08-03,football,11:00
2125,M00151,2026-04-04,swimming pool,08:15
2126,M00079,2026-01-04,football,19:15
2127,M00187,2026-05-01,swimming pool,15:45
2128,M00422,2026-07-04,badminton,20:00
2129,M00294,2026-01-29,swimming pool,07:00
2130,M00178,2026-05-09,swimming pool,06:45
2131,M00434,2026-06-24,basketball,14:30
2132,M00233,2026-04-19,swimming pool,14:00
2133,M00535,2026-04-07,swimming pool,12:45
2134,M00058,2026-02-26,basketball,11:00
2135,M00480,2026-05-03,badminton,18:45
2136,M00169,2026-01-14,badminton,19:15
2137,M00277,2026-01-28,gym,08:30
2138,M00344,2026-01-08,swimming pool,15:15
2139,M00555,2026-01-28,gym,12:00
2140,M00317,2026-02-18,football,12:00
2141,M00247,2026-03-10,gym,07:45
2142,M00047,2026-01-13,badminton,08:30
2143,M00009,2026-04-02,badminton,18:15
2144,M00323,2026-07-12,basketball,17:15
2145,M00100,2026-03-26,basketball,09:15
2146,M00025,2026-05-31,basketball,21:00
2147,M00298,2026-02-11,swimming pool,20:00
2148,M00096,2026-07-03,swimming pool,12:15
2149,M00165,2026-05-09,football,16:45
2150,M00135,2026-03-28,badminton,17:45
2151,M00041,2026-08-17,basketball,13:15
2152,M00077,2026-02-09,football,21:00
2153,M00016,2026-02-06,badminton,08:45
2154,M00097,2026-04-27,badminton,11:30
2155,M00166,2026-01-18,badminton,17:30
2156,M00092,2026-01-19,swimming pool,20:30
2157,M00485,2026-03-07,basketball,10:00
2158,M00583,2026-05-05,gym,17:30
2159,M00411,2026-04-15,football,10:45
2160,M00376,2026-05-12,football,16:30
2161,M00086,2026-06-24,basketball,20:30
2162,M00044,2026-06-08,gym,13:00
2163,M00159,2026-08-07,gym,15:45
2164,M00163,2026-05-26,basketball,08:15
2165,M00398,2026-08-12,basketball,08:30
2166,M00478,2026-04-30,football,20:00
2167,M00088,2026-02-16,gym,18:45
2168,M00205,2026-04-13,badminton,08:30
2169,M00351,2026-06-04,basketball,12:45
2170,M00118,2026-03-13,basketball,07:15
2171,M00482,2026-02-07,swimming pool,16:00
2172,M00390,2026-01-16,badminton,19:45
2173,M00219,2026-01-14,swimming pool,06:45
2174,M00277,2026-03-06,swimming pool,08:15
2175,M00071,2026-03-12,basketball,08:30
2176,M00463,2026-08-12,basketball,12:30
2177,M00189,2026-08-01,gym,08:45
2178,M00351,2026-07-12,badminton,11:15
2179,M00358,2026-08-30,basketball,21:45
2180,M00549,2026-06-26,swimming pool,19:30
2181,M00585,2026-04-10,gym,12:00
2182,M00593,2026-06-07,swimming pool,16:30
2183,M00015,2026-02-08,basketball,10:45
2184,M00325,2026-01-30,basketball,14:00
2185,M00462,2026-08-30,swimming pool,20:00
2186,M00038,2026-02-25,swimming pool,19:15
2187,M00387,2026-02-25,badminton,12:15
2188,M00591,2026-01-04,badminton,17:00
2189,M00310,2026-08-18,badminton,09:45
2190,M00467,2026-04-16,basketball,17:30
2191,M00556,2026-04-20,football,16:00
2192,M00181,2026-04-28,basketball,17:15
2193,M00567,2026-06-02,swimming pool,19:45
2194,M00292,2026-08-05,basketball,15:00
2195,M00090,2026-07-26,gym,08:00
2196,M00422,2026-01-27,basketball,09:45
2197,M00516,2026-05-29,gym,15:45
2198,M00217,2026-02-27,basketball,18:00
2199,M00201,2026-08-08,basketball,09:30
2200,M00476,2026-04-16,basketball,06:30
2201,M00230,2026-05-10,badminton,14:30
2202,M00315,2026-08-03,basketball,13:00
2203,M00425,2026-01-09,gym,06:15
2204,M00384,2026-08-04,football,16:30
2205,M00175,2026-05-27,basketball,13:45
2206,M00198,2026-06-07,basketball,07:45
2207,M00132,2026-08-29,basketball,11:45
2208,M00326,2026-05-13,swimming pool,19:15
2209,M00102,2026-07-01,swimming pool,09:45
2210,M00267,2026-08-03,football,11:30
2211,M00209,2026-01-24,gym,06:45
2212,M00012,2026-06-10,football,10:00
2213,M00557,2026-08-24,gym,18:00
2214,M00134,2026-04-27,badminton,11:15
2215,M00228,2026-03-18,swimming pool,13:45
2216,M00267,2026-06-18,gym,14:00
2217,M00148,2026-06-10,gym,09:00
2218,M00471,2026-08-26,football,09:00
2219,M00146,2026-03-14,badminton,11:00
2220,M00080,2026-05-07,badminton,12:45
2221,M00104,2026-05-06,gym,19:00
2222,M00499,2026-06-10,gym,12:45
2223,M00385,2026-08-16,badminton,20:15
2224,M00185,2026-03-18,gym,11:00
2225,M00121,2026-03-29,badminton,21:00
2226,M00163,2026-05-14,badminton,09:15
2227,M00031,2026-05-18,gym,10:15
2228,M00374,2026-01-30,swimming pool,06:30
2229,M00142,2026-02-26,gym,10:30
2230,M00281,2026-05-04,swimming pool,08:30
2231,M00565,2026-06-16,badminton,20:45
2232,M00447,2026-05-12,basketball,12:30
2233,M00178,2026-02-20,badminton,18:00
2234,M00598,2026-07-23,football,15:15
2235,M00211,2026-07-04,basketball,19:45
2236,M00434,2026-06-02,badminton,16:00
2237,M00393,2026-04-20,swimming pool,17:30
2238,M00066,2026-04-26,swimming pool,07:30
2239,M00420,2026-03-17,football,17:45
2240,M00031,2026-01-30,swimming pool,16:45
2241,M00191,2026-04-02,swimming pool,08:15
2242,M00381,2026-04-06,swimming pool,16:00
2243,M00010,2026-03-23,gym,16:15
2244,M00477,2026-05-26,badminton,13:00
2245,M00395,2026-03-14,football,12:15
2246,M00106,2026-05-24,badminton,08:45
2247,M00446,2026-03-23,badminton,12:15
2248,M00051,2026-07-25,basketball,21:00
2249,M00282,2026-04-18,gym,09:45
2250,M00176,2026-06-03,badminton,18:15
2251,M00591,2026-01-06,badminton,06:00
2252,M00473,2026-03-14,swimming pool,18:00
2253,M00547,2026-08-24,football,07:30
2254,M00017,2026-01-18,basketball,09:45
2255,M00309,2026-03-12,badminton,17:45
2256,M00082,2026-05-23,badminton,21:00
2257,M00403,2026-03-18,basketball,21:00
2258,M00383,2026-08-29,football,09:00
2259,M00230,2026-01-13,gym,10:00
2260,M00331,2026-08-09,basketball,13:15
2261,M00091,2026-02-18,badminton,06:00
2262,M00266,2026-08-15,gym,09:00
2263,M00312,2026-01-20,badminton,16:45
2264,M00277,2026-06-28,swimming pool,10:45
2265,M00123,2026-02-02,badminton,10:45
2266,M00458,2026-06-21,gym,13:45
2267,M00502,2026-03-13,badminton,21:15
2268,M00095,2026-03-09,badminton,08:30
2269,M00572,2026-08-02,swimming pool,12:00
2270,M00077,2026-05-07,gym,12:00
2271,M00222,2026-04-30,basketball,12:45
2272,M00108,2026-03-29,swimming pool,16:30
2273,M00465,2026-06-17,swimming pool,09:15
2274,M00225,2026-08-23,badminton,18:45
2275,M00526,2026-02-21,basketball,12:00
2276,M00285,2026-04-19,swimming pool,15:00
2277,M00151,2026-04-29,gym,09:15
2278,M00017,2026-08-17,basketball,11:30
2279,M00030,2026-05-02,football,20:30
2280,M00272,2026-01-31,football,08:30
2281,M00442,2026-02-24,swimming pool,18:45
2282,M00521,2026-03-27,gym,20:30
2283,M00379,2026-01-26,gym,18:45
2284,M00199,2026-03-17,swimming pool,18:15
2285,M00283,2026-05-16,football,21:45
2286,M00112,2026-06-24,gym,13:00
2287,M00225,2026-01-30,gym,07:30
2288,M00245,2026-01-17,football,09:30
2289,M00232,2026-08-14,football,18:45
2290,M00403,2026-01-26,swimming pool,14:45
2291,M00211,2026-02-13,swimming pool,17:30
2292,M00295,2026-07-07,gym,09:15
2293,M00516,2026-08-21,football,21:30
2294,M00245,2026-02-13,badminton,08:15
2295,M00192,2026-03-27,basketball,10:00
2296,M00486,2026-04-20,badminton,06:15
2297,M00271,2026-08-14,gym,11:00
2298,M00361,2026-05-02,football,06:45
2299,M00254,2026-05-01,gym,07:00
2300,M00581,2026-06-24,badminton,13:15
2301,M00151,2026-07-18,gym,09:30
2302,M00344,2026-04-26,basketball,17:30
2303,M00499,2026-03-06,badminton,20:00
2304,M00362,2026-03-19,badminton,21:00
2305,M00277,2026-06-25,football,06:15
2306,M00421,2026-08-08,swimming pool,10:30
2307,M00510,2026-01-08,swimming pool,19:30
2308,M00212,2026-07-10,gym,12:45
2309,M00111,2026-03-12,football,20:15
2310,M00272,2026-08-22,badminton,16:45
2311,M00428,2026-08-30,badminton,15:15
2312,M00043,2026-05-29,football,16:00
2313,M00444,2026-07-23,basketball,17:30
2314,M00113,2026-01-03,basketball,10:45
2315,M00154,2026-05-14,badminton,11:30
2316,M00499,2026-03-15,gym,15:00
2317,M00465,2026-01-11,swimming pool,15:00
2318,M00055,2026-05-06,badminton,06:45
2319,M00361,2026-06-19,gym,07:30
2320,M00142,2026-03-31,badminton,10:00
2321,M00278,2026-02-06,swimming pool,19:00
2322,M00298,2026-02-26,gym,21:30
2323,M00255,2026-07-27,basketball,19:45
2324,M00101,2026-08-17,badminton,15:30
2325,M00178,2026-05-25,basketball,16:15
2326,M00205,2026-03-06,swimming pool,19:15
2327,M00309,2026-03-20,gym,15:45
2328,M00559,2026-02-16,basketball,19:00
2329,M00142,2026-05-15,basketball,16:30
2330,M00480,2026-04-01,basketball,20:45
2331,M00421,2026-04-29,gym,06:45
2332,M00091,2026-07-13,swimming pool,15:15
2333,M00595,2026-05-12,badminton,10:30
2334,M00055,2026-07-13,basketball,10:45
2335,M00007,2026-04-29,football,20:00
2336,M00087,2026-01-15,badminton,09:30
2337,M00100,2026-07-30,badminton,21:30
2338,M00063,2026-02-01,football,07:15
2339,M00529,2026-02-06,football,21:15
2340,M00229,2026-08-18,swimming pool,15:30
2341,M00007,2026-07-26,basketball,12:00
2342,M00069,2026-01-01,swimming pool,09:00
2343,M00254,2026-02-22,gym,21:00
2344,M00518,2026-04-24,basketball,07:00
2345,M00308,2026-04-14,basketball,11:15
2346,M00560,2026-03-08,football,20:00
2347,M00443,2026-02-07,gym,11:15
2348,M00247,2026-02-13,football,12:45
2349,M00492,2026-03-16,badminton,09:45
2350,M00377,2026-06-20,badminton,18:45
2351,M00110,2026-04-29,basketball,19:15
2352,M00029,2026-03-14,basketball,09:45
2353,M00012,2026-05-29,badminton,07:45
2354,M00044,2026-08-21,badminton,10:45
2355,M00470,2026-03-12,gym,11:30
2356,M00513,2026-08-08,football,12:30
2357,M00538,2026-04-10,football,08:15
2358,M00156,2026-04-01,football,16:45
2359,M00144,2026-03-13,badminton,18:00
2360,M00496,2026-04-07,basketball,11:30
2361,M00133,2026-06-28,badminton,17:45
2362,M00070,2026-01-12,gym,11:15
2363,M00099,2026-06-20,gym,21:45
2364,M00332,2026-07-14,swimming pool,13:00
2365,M00179,2026-07-06,basketball,19:00
2366,M00064,2026-06-06,badminton,09:00
2367,M00075,2026-04-24,badminton,06:15
2368,M00329,2026-01-28,basketball,18:15
2369,M00588,2026-05-23,swimming pool,12:30
2370,M00503,2026-04-23,badminton,13:15
2371,M00166,2026-04-22,football,12:00
2372,M00597,2026-01-07,gym,12:00
2373,M00144,2026-08-17,gym,17:45
2374,M00582,2026-05-20,gym,16:15
2375,M00541,2026-05-08,swimming pool,12:45
2376,M00513,2026-04-01,badminton,10:00
2377,M00450,2026-04-20,basketball,08:00
2378,M00131,2026-07-20,football,15:00
2379,M00121,2026-05-08,swimming pool,07:30
2380,M00024,2026-02-27,badminton,14:45
2381,M00367,2026-01-18,swimming pool,15:00
2382,M00548,2026-05-28,swimming pool,15:45
2383,M00059,2026-05-20,gym,21:30
2384,M00031,2026-01-09,badminton,19:30
2385,M00206,2026-03-27,gym,10:15
2386,M00561,2026-07-29,badminton,07:15
2387,M00506,2026-01-19,football,07:30
2388,M00073,2026-04-17,football,08:45
2389,M00133,2026-03-11,gym,09:00
2390,M00509,2026-05-10,swimming pool,17:45
2391,M00490,2026-03-19,swimming pool,06:00
2392,M00027,2026-07-18,swimming pool,18:00
2393,M00566,2026-05-04,gym,18:45
2394,M00129,2026-04-21,basketball,10:00
2395,M00449,2026-01-31,football,17:30
2396,M00199,2026-03-29,basketball,07:15
2397,M00238,2026-01-24,football,06:15
2398,M00423,2026-07-11,football,07:00
2399,M00256,2026-07-28,gym,08:00
2400,M00130,2026-04-23,swimming pool,15:00
2401,M00322,2026-03-31,football,13:30
2402,M00133,2026-06-05,basketball,21:00
2403,M00079,2026-01-20,badminton,12:45
2404,M00366,2026-08-18,swimming pool,20:30
2405,M00376,2026-07-19,football,15:15
2406,M00540,2026-08-17,badminton,16:00
2407,M00056,2026-03-30,basketball,21:30
2408,M00081,2026-02-22,swimming pool,13:30
2409,M00567,2026-02-23,gym,17:15
2410,M00037,2026-03-02,basketball,20:00
2411,M00022,2026-05-08,gym,14:30
2412,M00394,2026-03-18,gym,07:30
2413,M00394,2026-05-07,gym,18:45
2414,M00455,2026-01-12,swimming pool,12:45
2415,M00189,2026-06-18,basketball,07:30
2416,M00033,2026-05-19,badminton,06:30
2417,M00269,2026-07-27,football,12:00
2418,M00350,2026-07-05,football,19:45
2419,M00059,2026-07-26,gym,18:30
2420,M00548,2026-04-29,basketball,14:15
2421,M00391,2026-04-30,swimming pool,10:00
2422,M00288,2026-07-24,badminton,08:15
2423,M00556,2026-03-17,badminton,18:00
2424,M00281,2026-04-03,badminton,14:00
2425,M00128,2026-03-20,football,16:30
2426,M00184,2026-04-24,basketball,06:45
2427,M00010,2026-04-30,gym,17:45
2428,M00570,2026-02-25,basketball,07:00
2429,M00284,2026-08-18,football,16:00
2430,M00452,2026-02-16,badminton,14:30
2431,M00507,2026-02-02,swimming pool,11:15
2432,M00051,2026-03-01,gym,07:15
2433,M00519,2026-08-09,basketball,16:00
2434,M00567,2026-07-03,swimming pool,07:30
2435,M00264,2026-01-05,badminton,07:15
2436,M00359,2026-01-28,gym,20:00
2437,M00524,2026-01-20,swimming pool,12:30
2438,M00585,2026-04-06,basketball,08:45
2439,M00290,2026-02-06,gym,16:30
2440,M00344,2026-04-15,badminton,21:30
2441,M00032,2026-02-11,badminton,07:30
2442,M00154,2026-08-22,football,06:00
2443,M00217,2026-07-26,badminton,17:15
2444,M00388,2026-08-01,football,07:15
2445,M00391,2026-07-15,gym,08:15
2446,M00579,2026-05-09,football,19:00
2447,M00541,2026-07-24,gym,21:45
2448,M00325,2026-03-10,swimming pool,15:15
2449,M00337,2026-03-04,badminton,13:45
2450,M00323,2026-07-11,gym,13:45
2451,M00420,2026-04-03,gym,17:00
2452,M00371,2026-06-17,basketball,13:45
2453,M00429,2026-02-28,football,10:15
2454,M00418,2026-06-22,football,10:30
2455,M00294,2026-03-29,badminton,09:00
2456,M00419,2026-04-18,football,10:45
2457,M00203,2026-08-19,swimming pool,20:00
2458,M00171,2026-01-31,basketball,14:45
2459,M00104,2026-02-02,gym,19:00
2460,M00171,2026-01-19,swimming pool,18:45
2461,M00363,2026-02-02,basketball,13:30
2462,M00122,2026-03-28,badminton,09:00
2463,M00076,2026-07-09,badminton,20:45
2464,M00461,2026-07-09,basketball,15:45
2465,M00138,2026-07-07,swimming pool,08:15
2466,M00008,2026-06-01,football,17:45
2467,M00389,2026-03-24,basketball,11:30
2468,M00100,2026-03-01,badminton,21:30
2469,M00050,2026-05-25,football,19:30
2470,M00331,2026-04-09,badminton,11:15
2471,M00043,2026-07-28,swimming pool,19:30
2472,M00589,2026-08-14,football,16:00
2473,M00356,2026-03-14,swimming pool,09:30
2474,M00281,2026-05-05,basketball,13:15
2475,M00296,2026-08-29,badminton,09:15
2476,M00286,2026-02-06,gym,12:15
2477,M00029,2026-06-03,gym,12:00
2478,M00501,2026-08-02,gym,17:15
2479,M00289,2026-08-30,football,19:45
2480,M00534,2026-02-02,basketball,15:00
2481,M00123,2026-04-24,basketball,21:30
2482,M00089,2026-08-10,swimming pool,14:00
2483,M00363,2026-07-25,gym,13:00
2484,M00335,2026-02-10,football,16:30
2485,M00465,2026-06-11,football,08:30
2486,M00040,2026-04-21,gym,16:15
2487,M00572,2026-06-19,gym,06:15
2488,M00141,2026-05-31,basketball,13:15
2489,M00272,2026-05-01,swimming pool,21:15
2490,M00509,2026-03-14,swimming pool,12:00
2491,M00529,2026-08-08,swimming pool,06:45
2492,M00069,2026-05-06,football,12:15
2493,M00040,2026-04-18,badminton,18:15
2494,M00358,2026-05-04,football,11:30
2495,M00238,2026-08-13,badminton,21:45
2496,M00402,2026-06-03,badminton,21:30
2497,M00099,2026-02-26,gym,15:45
2498,M00458,2026-03-25,swimming pool,19:00
2499,M00181,2026-04-29,badminton,09:30
2500,M00408,2026-06-30,swimming pool,21:45
2501,M00422,2026-06-25,swimming pool,06:30
2502,M00275,2026-05-10,swimming pool,19:00
2503,M00576,2026-07-17,badminton,14:30
2504,M00422,2026-04-11,basketball,19:45
2505,M00267,2026-08-22,gym,14:45
2506,M00225,2026-03-28,gym,15:45
2507,M00420,2026-02-26,football,11:15
2508,M00113,2026-08-31,football,16:15
2509,M00553,2026-01-06,gym,18:00
2510,M00342,2026-08-22,badminton,08:00
2511,M00532,2026-02-23,badminton,12:15
2512,M00549,2026-04-12,swimming pool,15:15
2513,M00383,2026-03-26,basketball,12:15
2514,M00014,2026-01-10,gym,09:45
2515,M00497,2026-01-11,swimming pool,15:30
2516,M00025,2026-02-28,swimming pool,07:30
2517,M00127,2026-07-28,basketball,18:15
2518,M00277,2026-08-09,gym,08:00
2519,M00517,2026-07-04,basketball,06:00
2520,M00555,2026-06-04,swimming pool,09:45
2521,M00199,2026-08-01,football,15:30
2522,M00436,2026-05-12,gym,15:30
2523,M00470,2026-02-21,gym,14:45
2524,M00386,2026-03-16,basketball,08:15
2525,M00417,2026-05-24,badminton,21:30
2526,M00547,2026-05-10,swimming pool,18:00
2527,M00509,2026-07-06,basketball,17:00
2528,M00464,2026-02-27,football,06:45
2529,M00238,2026-04-25,badminton,21:00
2530,M00319,2026-03-27,swimming pool,08:00
2531,M00575,2026-02-13,swimming pool,21:15
2532,M00086,2026-02-06,basketball,21:15
2533,M00061,2026-07-16,basketball,14:45
2534,M00319,2026-07-09,badminton,10:00
2535,M00330,2026-06-26,football,19:00
2536,M00275,2026-06-26,swimming pool,21:45
2537,M00321,2026-06-16,swimming pool,16:45
2538,M00495,2026-05-12,football,08:00
2539,M00436,2026-06-29,gym,18:15
2540,M00014,2026-02-11,football,09:15
2541,M00203,2026-04-23,gym,07:45
2542,M00508,2026-02-13,football,21:15
2543,M00561,2026-04-18,basketball,06:30
2544,M00121,2026-04-22,badminton,14:30
2545,M00381,2026-05-25,swimming pool,10:30
2546,M00536,2026-06-25,swimming pool,17:30
2547,M00484,2026-04-29,swimming pool,16:15
2548,M00169,2026-05-15,basketball,06:30
2549,M00427,2026-02-15,swimming pool,21:00
2550,M00006,2026-03-21,swimming pool,12:00
2551,M00551,2026-04-28,badminton,09:00
2552,M00480,2026-06-02,swimming pool,08:30
2553,M00573,2026-08-15,swimming pool,17:00
2554,M00198,2026-03-12,badminton,19:30
2555,M00377,2026-06-09,basketball,14:15
2556,M00080,2026-06-01,swimming pool,09:15
2557,M00287,2026-02-15,badminton,09:15
2558,M00535,2026-05-31,basketball,16:30
2559,M00485,2026-02-23,swimming pool,06:15
2560,M00222,2026-01-24,football,10:15
2561,M00169,2026-05-02,gym,16:00
2562,M00054,2026-02-05,football,20:45
2563,M00484,2026-03-25,badminton,09:15
2564,M00574,2026-04-11,basketball,18:45
2565,M00364,2026-03-21,football,16:00
2566,M00220,2026-02-12,badminton,10:45
2567,M00574,2026-04-24,basketball,14:00
2568,M00572,2026-08-19,basketball,17:15
2569,M00026,2026-08-10,badminton,20:30
2570,M00435,2026-02-24,football,12:45
2571,M00384,2026-02-15,gym,12:45
2572,M00370,2026-05-15,swimming pool,06:30
2573,M00337,2026-01-25,badminton,14:00
2574,M00280,2026-01-09,badminton,21:45
2575,M00045,2026-06-28,badminton,14:00
2576,M00586,2026-07-30,gym,21:45
2577,M00503,2026-02-14,basketball,09:00
2578,M00379,2026-01-08,football,10:15
2579,M00135,2026-01-22,basketball,09:00
2580,M00455,2026-06-13,gym,16:00
2581,M00558,2026-03-13,swimming pool,06:30
2582,M00325,2026-08-18,swimming pool,17:00
2583,M00413,2026-04-17,gym,08:15
2584,M00514,2026-02-07,badminton,08:15
2585,M00455,2026-01-12,badminton,12:45
2586,M00178,2026-06-12,gym,15:30
2587,M00575,2026-03-31,gym,16:45
2588,M00582,2026-08-03,gym,20:00
2589,M00120,2026-08-24,gym,11:00
2590,M00191,2026-03-23,football,06:15
2591,M00011,2026-02-25,badminton,20:00
2592,M00253,2026-03-20,swimming pool,10:30
2593,M00055,2026-04-08,badminton,11:30
2594,M00144,2026-05-25,badminton,19:15
2595,M00193,2026-03-11,swimming pool,11:30
2596,M00266,2026-06-28,basketball,14:00
2597,M00502,2026-04-01,football,17:30
2598,M00536,2026-04-26,swimming pool,07:45
2599,M00160,2026-05-18,football,12:45
2600,M00356,2026-06-15,badminton,12:30
2601,M00516,2026-05-22,badminton,08:15
2602,M00265,2026-02-25,basketball,14:00
2603,M00119,2026-05-13,swimming pool,21:15
2604,M00479,2026-05-31,badminton,17:45
2605,M00035,2026-03-24,gym,17:00
2606,M00163,2026-04-18,basketball,16:30
2607,M00103,2026-02-17,badminton,15:15
2608,M00479,2026-05-20,swimming pool,06:45
2609,M00468,2026-06-01,football,19:45
2610,M00485,2026-08-02,swimming pool,14:30
2611,M00346,2026-05-04,basketball,15:00
2612,M00240,2026-07-15,football,09:45
2613,M00437,2026-07-18,badminton,18:00
2614,M00168,2026-05-12,swimming pool,15:15
2615,M00582,2026-07-12,swimming pool,10:30
2616,M00056,2026-01-24,badminton,10:30
2617,M00470,2026-04-12,swimming pool,20:00
2618,M00152,2026-02-21,swimming pool,15:30
2619,M00083,2026-02-17,swimming pool,12:45
2620,M00093,2026-07-05,swimming pool,10:30
2621,M00006,2026-05-03,swimming pool,17:00
2622,M00483,2026-05-21,basketball,12:45
2623,M00386,2026-08-01,basketball,13:00
2624,M00397,2026-02-02,badminton,10:45
2625,M00335,2026-08-18,badminton,19:45
2626,M00547,2026-01-19,badminton,21:00
2627,M00228,2026-08-15,football,11:15
2628,M00378,2026-04-03,badminton,06:45
2629,M00080,2026-06-15,swimming pool,10:45
2630,M00193,2026-01-12,swimming pool,15:45
2631,M00096,2026-03-28,basketball,11:45
2632,M00155,2026-03-14,badminton,18:45
2633,M00036,2026-03-08,basketball,11:15
2634,M00408,2026-06-24,football,09:45
2635,M00085,2026-03-30,gym,18:00
2636,M00165,2026-03-23,swimming pool,18:45
2637,M00012,2026-05-05,basketball,19:00
2638,M00311,2026-04-19,badminton,09:45
2639,M00515,2026-04-06,basketball,16:30
2640,M00115,2026-07-21,swimming pool,19:45
2641,M00082,2026-02-08,gym,16:30
2642,M00203,2026-05-12,football,20:45
2643,M00050,2026-04-29,badminton,07:00
2644,M00502,2026-04-28,badminton,07:30
2645,M00259,2026-04-19,badminton,15:00
2646,M00556,2026-03-10,swimming pool,15:30
2647,M00428,2026-01-05,basketball,16:30
2648,M00037,2026-06-02,gym,17:00
2649,M00545,2026-07-09,basketball,13:15
2650,M00087,2026-05-17,gym,10:15
2651,M00506,2026-04-21,badminton,17:45
2652,M00250,2026-08-24,football,20:00
2653,M00079,2026-03-25,badminton,07:15
2654,M00104,2026-04-08,football,08:30
2655,M00310,2026-04-19,basketball,06:15
2656,M00264,2026-07-04,gym,19:00
2657,M00197,2026-05-27,badminton,15:15
2658,M00051,2026-04-06,football,21:15
2659,M00448,2026-03-12,swimming pool,14:00
2660,M00409,2026-08-21,swimming pool,15:30
2661,M00006,2026-04-15,swimming pool,06:45
2662,M00133,2026-03-12,badminton,20:30
2663,M00100,2026-02-26,swimming pool,06:30
2664,M00227,2026-01-17,football,15:45
2665,M00431,2026-06-12,football,16:45
2666,M00488,2026-08-27,football,06:30
2667,M00349,2026-03-23,badminton,20:15
2668,M00474,2026-08-07,basketball,12:15
2669,M00400,2026-03-07,basketball,07:00
2670,M00499,2026-05-24,badminton,08:15
2671,M00543,2026-04-05,badminton,15:30
2672,M00463,2026-06-22,basketball,06:15
2673,M00599,2026-02-12,football,17:45
2674,M00426,2026-07-15,gym,15:45
2675,M00241,2026-04-07,football,10:45
2676,M00127,2026-01-25,basketball,12:15
2677,M00114,2026-05-27,badminton,11:15
2678,M00411,2026-05-21,basketball,17:15
2679,M00429,2026-08-19,football,14:30
2680,M00372,2026-06-11,gym,16:45
2681,M00231,2026-08-08,basketball,21:45
2682,M00294,2026-07-31,basketball,11:15
2683,M00410,2026-03-15,gym,16:45
2684,M00177,2026-06-24,gym,18:45
2685,M00429,2026-04-16,swimming pool,06:15
2686,M00142,2026-06-06,football,08:45
2687,M00024,2026-03-25,football,13:15
2688,M00583,2026-06-10,basketball,08:30
2689,M00024,2026-07-10,football,18:15
2690,M00166,2026-04-28,badminton,13:15
2691,M00484,2026-08-28,swimming pool,16:15
2692,M00301,2026-01-17,gym,12:45
2693,M00471,2026-03-04,football,20:15
2694,M00182,2026-04-29,football,09:30
2695,M00164,2026-03-04,basketball,08:00
2696,M00034,2026-06-24,basketball,21:45
2697,M00073,2026-07-20,basketball,14:00
2698,M00547,2026-07-02,gym,20:45
2699,M00062,2026-03-16,basketball,07:30
2700,M00410,2026-07-03,football,20:45
2701,M00128,2026-01-27,swimming pool,14:00
2702,M00174,2026-04-04,basketball,16:15
2703,M00249,2026-07-23,basketball,12:30
2704,M00100,2026-03-26,gym,20:45
2705,M00251,2026-07-13,badminton,16:30
2706,M00456,2026-03-26,basketball,14:30
2707,M00037,2026-07-14,swimming pool,10:30
2708,M00027,2026-02-26,badminton,17:30
2709,M00315,2026-08-30,swimming pool,15:45
2710,M00451,2026-06-22,badminton,10:15
2711,M00151,2026-06-05,badminton,18:30
2712,M00234,2026-01-08,swimming pool,15:15
2713,M00599,2026-01-04,badminton,17:45
2714,M00489,2026-06-08,swimming pool,17:15
2715,M00514,2026-03-22,football,17:45
2716,M00497,2026-06-15,swimming pool,21:15
2717,M00496,2026-08-18,basketball,06:00
2718,M00351,2026-02-27,badminton,12:15
2719,M00154,2026-03-13,football,09:15
2720,M00366,2026-05-08,basketball,06:15
2721,M00208,2026-04-04,gym,18:00
2722,M00338,2026-05-10,gym,14:00
2723,M00058,2026-04-25,football,13:15
2724,M00263,2026-07-24,swimming pool,13:15
2725,M00468,2026-02-15,gym,14:30
2726,M00094,2026-07-10,swimming pool,08:15
2727,M00536,2026-03-19,gym,12:15
2728,M00250,2026-05-30,football,21:45
2729,M00101,2026-05-18,gym,16:00
2730,M00202,2026-05-03,gym,20:00
2731,M00488,2026-02-20,gym,12:45
2732,M00308,2026-05-26,gym,19:00
2733,M00454,2026-07-19,swimming pool,20:00
2734,M00258,2026-07-13,basketball,14:45
2735,M00181,2026-03-26,football,21:30
2736,M00307,2026-03-09,football,13:30
2737,M00282,2026-06-23,football,15:45
2738,M00115,2026-07-13,swimming pool,21:00
2739,M00327,2026-08-17,football,21:45
2740,M00168,2026-02-15,gym,19:30
2741,M00097,2026-08-25,basketball,16:15
2742,M00199,2026-07-19,gym,13:15
2743,M00315,2026-05-09,badminton,16:45
2744,M00106,2026-06-25,badminton,12:15
2745,M00332,2026-02-10,swimming pool,18:15
2746,M00162,2026-06-06,swimming pool,16:45
2747,M00427,2026-07-19,badminton,13:30
2748,M00484,2026-08-28,badminton,17:15
2749,M00314,2026-03-27,badminton,16:45
2750,M00316,2026-04-19,football,18:45
2751,M00006,2026-07-15,basketball,07:45
2752,M00363,2026-06-15,swimming pool,20:30
2753,M00020,2026-07-29,swimming pool,12:30
2754,M00302,2026-08-02,badminton,06:30
2755,M00438,2026-07-22,basketball,16:15
2756,M00221,2026-06-08,football,20:30
2757,M00110,2026-01-20,swimming pool,11:30
2758,M00492,2026-08-30,football,21:00
2759,M00400,2026-06-26,basketball,13:30
2760,M00385,2026-01-16,gym,07:30
2761,M00283,2026-05-18,badminton,20:30
2762,M00114,2026-05-01,swimming pool,08:30
2763,M00424,2026-07-31,swimming pool,10:30
2764,M00588,2026-02-21,football,08:45
2765,M00252,2026-03-25,football,14:30
2766,M00023,2026-02-05,gym,16:30
2767,M00457,2026-07-11,swimming pool,11:30
2768,M00480,2026-02-28,basketball,17:30
2769,M00204,2026-06-23,badminton,14:00
2770,M00144,2026-01-31,basketball,19:45
2771,M00499,2026-07-24,gym,07:30
2772,M00017,2026-05-25,basketball,07:30
2773,M00552,2026-05-06,badminton,16:00
2774,M00078,2026-05-25,gym,09:15
2775,M00526,2026-08-05,gym,20:15
2776,M00075,2026-07-16,basketball,14:45
2777,M00463,2026-08-16,swimming pool,16:00
2778,M00187,2026-06-15,football,16:45
2779,M00541,2026-07-19,basketball,06:45
2780,M00589,2026-03-17,gym,18:00
2781,M00009,2026-02-27,badminton,19:15
2782,M00266,2026-08-08,swimming pool,16:45
2783,M00206,2026-07-17,football,17:15
2784,M00194,2026-07-17,swimming pool,12:30
2785,M00186,2026-01-26,gym,07:15
2786,M00554,2026-03-31,gym,16:30
2787,M00236,2026-06-18,swimming pool,12:30
2788,M00168,2026-04-19,badminton,13:15
2789,M00364,2026-01-07,swimming pool,20:00
2790,M00385,2026-01-07,basketball,12:45
2791,M00051,2026-04-25,basketball,18:15
2792,M00211,2026-07-17,basketball,09:00
2793,M00180,2026-05-10,football,09:15
2794,M00215,2026-01-31,basketball,17:30
2795,M00426,2026-02-18,swimming pool,08:30
2796,M00490,2026-03-07,football,09:45
2797,M00017,2026-01-02,basketball,19:45
2798,M00103,2026-04-01,badminton,15:00
2799,M00445,2026-08-31,badminton,13:00
2800,M00400,2026-08-13,basketball,06:30
2801,M00332,2026-01-12,swimming pool,13:15
2802,M00579,2026-01-03,swimming pool,10:15
2803,M00482,2026-07-15,gym,07:15
2804,M00301,2026-04-06,football,19:15
2805,M00430,2026-02-14,swimming pool,10:15
2806,M00374,2026-08-14,gym,11:00
2807,M00510,2026-02-22,badminton,18:30
2808,M00272,2026-06-09,badminton,06:00
2809,M00340,2026-01-08,basketball,07:15
2810,M00418,2026-01-12,football,18:15
2811,M00162,2026-01-26,gym,17:15
2812,M00095,2026-04-18,gym,09:45
2813,M00476,2026-04-17,football,20:15
2814,M00001,2026-03-21,basketball,21:30
2815,M00132,2026-03-24,football,17:00
2816,M00490,2026-05-07,football,12:15
2817,M00225,2026-05-12,swimming pool,10:15
2818,M00085,2026-07-10,gym,18:30
2819,M00108,2026-03-05,swimming pool,14:15
2820,M00309,2026-03-26,basketball,14:15
2821,M00336,2026-04-19,badminton,10:00
2822,M00395,2026-06-11,gym,12:15
2823,M00015,2026-02-06,gym,13:15
2824,M00407,2026-03-24,gym,21:45
2825,M00353,2026-02-18,football,18:45
2826,M00220,2026-04-27,football,14:45
2827,M00121,2026-07-10,badminton,16:30
2828,M00191,2026-03-07,badminton,21:45
2829,M00099,2026-06-21,badminton,14:00
2830,M00375,2026-04-20,gym,10:00
2831,M00233,2026-04-28,gym,09:30
2832,M00130,2026-08-12,badminton,15:45
2833,M00447,2026-05-22,gym,11:45
2834,M00524,2026-02-19,swimming pool,13:00
2835,M00204,2026-07-07,badminton,10:00
2836,M00546,2026-04-03,football,13:15
2837,M00384,2026-02-10,gym,11:15
2838,M00156,2026-05-19,football,19:15
2839,M00286,2026-01-13,basketball,15:45
2840,M00535,2026-04-18,basketball,20:30
2841,M00140,2026-07-04,badminton,06:00
2842,M00258,2026-07-01,football,15:15
2843,M00069,2026-01-16,basketball,10:15
2844,M00493,2026-07-30,swimming pool,13:45
2845,M00164,2026-06-15,basketball,18:15
2846,M00255,2026-08-02,badminton,08:15
2847,M00283,2026-02-05,basketball,09:15
2848,M00211,2026-04-24,swimming pool,14:30
2849,M00012,2026-06-13,gym,15:00
2850,M00483,2026-03-01,basketball,15:00
2851,M00555,2026-07-10,football,20:15
2852,M00073,2026-08-14,badminton,14:00
2853,M00391,2026-08-03,badminton,09:45
2854,M00437,2026-05-30,swimming pool,21:30
2855,M00231,2026-05-14,gym,08:30
2856,M00248,2026-08-11,basketball,19:45
2857,M00059,2026-06-13,gym,14:30
2858,M00258,2026-06-13,football,16:45
2859,M00258,2026-04-02,gym,06:00
2860,M00498,2026-03-04,football,21:15
2861,M00445,2026-06-20,badminton,09:45
2862,M00575,2026-06-05,football,18:45
2863,M00044,2026-06-04,gym,09:00
2864,M00121,2026-07-15,swimming pool,17:45
2865,M00404,2026-07-03,gym,17:45
2866,M00472,2026-05-27,football,07:45
2867,M00443,2026-06-21,gym,12:15
2868,M00025,2026-06-11,badminton,09:30
2869,M00423,2026-07-25,gym,20:30
2870,M00368,2026-07-29,badminton,17:15
2871,M00284,2026-04-25,gym,16:45
2872,M00270,2026-07-16,swimming pool,12:30
2873,M00411,2026-07-12,badminton,11:45
2874,M00092,2026-03-27,badminton,13:30
2875,M00314,2026-01-26,gym,18:30
2876,M00510,2026-06-13,swimming pool,18:15
2877,M00272,2026-08-08,basketball,17:30
2878,M00449,2026-08-18,badminton,11:15
2879,M00331,2026-01-05,gym,12:30
2880,M00519,2026-06-29,football,15:15
2881,M00408,2026-06-08,gym,12:00
2882,M00093,2026-07-02,football,18:30
2883,M00150,2026-07-03,badminton,17:45
2884,M00137,2026-08-24,basketball,09:30
2885,M00584,2026-01-22,badminton,13:45
2886,M00042,2026-03-04,football,10:30
2887,M00027,2026-05-07,swimming pool,13:15
2888,M00232,2026-04-23,swimming pool,10:00
2889,M00304,2026-03-04,gym,21:45
2890,M00425,2026-05-23,football,12:45
2891,M00191,2026-08-06,football,18:45
2892,M00268,2026-06-30,badminton,14:45
2893,M00380,2026-04-04,swimming pool,16:30
2894,M00079,2026-06-27,swimming pool,16:15
2895,M00552,2026-05-29,swimming pool,09:45
2896,M00549,2026-03-22,gym,13:30
2897,M00568,2026-07-30,swimming pool,20:30
2898,M00589,2026-08-03,gym,20:45
2899,M00510,2026-06-01,basketball,08:15
2900,M00023,2026-05-24,basketball,07:30
2901,M00489,2026-08-11,swimming pool,08:30
2902,M00067,2026-07-04,badminton,14:00
2903,M00503,2026-04-21,swimming pool,18:15
2904,M00463,2026-03-21,football,15:30
2905,M00239,2026-05-26,football,19:15
2906,M00553,2026-06-24,football,16:00
2907,M00055,2026-07-02,badminton,09:00
2908,M00066,2026-05-16,basketball,11:15
2909,M00255,2026-06-03,swimming pool,11:00
2910,M00507,2026-07-06,gym,16:00
2911,M00097,2026-08-31,basketball,18:45
2912,M00391,2026-06-28,basketball,10:30
2913,M00188,2026-01-25,badminton,17:15
2914,M00441,2026-08-14,badminton,21:00
2915,M00189,2026-03-08,basketball,12:15
2916,M00360,2026-06-15,gym,16:45
2917,M00097,2026-05-15,badminton,06:00
2918,M00571,2026-01-16,badminton,09:15
2919,M00002,2026-05-16,gym,06:30
2920,M00394,2026-03-20,gym,17:00
2921,M00177,2026-02-18,football,21:15
2922,M00549,2026-02-25,badminton,09:15
2923,M00384,2026-05-27,swimming pool,20:15
2924,M00520,2026-02-08,basketball,06:00
2925,M00551,2026-08-16,gym,15:30
2926,M00111,2026-03-31,swimming pool,11:00
2927,M00510,2026-02-19,football,10:30
2928,M00466,2026-08-26,football,18:45
2929,M00120,2026-06-21,football,08:30
2930,M00253,2026-04-04,swimming pool,13:45
2931,M00193,2026-07-23,basketball,07:30
2932,M00061,2026-08-23,basketball,09:00
2933,M00329,2026-08-22,football,18:15
2934,M00290,2026-03-24,swimming pool,20:15
2935,M00300,2026-08-30,basketball,18:45
2936,M00387,2026-01-22,basketball,06:45
2937,M00107,2026-03-24,football,21:45
2938,M00314,2026-05-08,badminton,07:00
2939,M00193,2026-08-31,gym,15:15
2940,M00322,2026-07-09,gym,06:00
2941,M00311,2026-04-09,swimming pool,17:00
2942,M00445,2026-07-09,football,11:30
2943,M00046,2026-08-22,swimming pool,09:45
2944,M00191,2026-08-17,swimming pool,16:00
2945,M00209,2026-05-07,swimming pool,06:00
2946,M00391,2026-02-22,gym,15:00
2947,M00247,2026-06-18,badminton,11:45
2948,M00234,2026-04-06,basketball,07:15
2949,M00146,2026-06-03,swimming pool,14:45
2950,M00585,2026-07-01,badminton,12:30
2951,M00420,2026-06-26,gym,19:45
2952,M00387,2026-03-13,swimming pool,21:30
2953,M00011,2026-06-10,basketball,07:45
2954,M00132,2026-06-19,swimming pool,08:00
2955,M00119,2026-02-10,basketball,08:15
2956,M00550,2026-03-25,swimming pool,14:45
2957,M00292,2026-05-18,badminton,15:30
2958,M00112,2026-07-14,gym,18:15
2959,M00089,2026-05-23,basketball,12:15
2960,M00531,2026-01-10,basketball,21:00
2961,M00115,2026-02-28,gym,18:15
2962,M00086,2026-07-15,gym,13:45
2963,M00380,2026-04-23,swimming pool,20:00
2964,M00516,2026-07-16,swimming pool,12:30
2965,M00045,2026-05-26,gym,10:30
2966,M00257,2026-08-24,swimming pool,17:45
2967,M00206,2026-08-19,gym,18:45
2968,M00157,2026-08-31,badminton,08:15
2969,M00189,2026-06-10,swimming pool,16:45
2970,M00026,2026-08-12,basketball,08:15
2971,M00542,2026-03-15,football,11:15
2972,M00561,2026-03-23,gym,09:00
2973,M00420,2026-05-13,football,06:15
2974,M00330,2026-04-05,gym,10:00
2975,M00240,2026-01-02,basketball,06:00
2976,M00397,2026-07-16,football,09:15
2977,M00037,2026-05-25,football,08:00
2978,M00488,2026-08-28,football,18:30
2979,M00397,2026-04-26,swimming pool,21:30
2980,M00354,2026-06-12,basketball,21:15
2981,M00466,2026-05-18,badminton,13:15
2982,M00294,2026-06-13,swimming pool,18:30
2983,M00165,2026-04-05,gym,19:30
2984,M00148,2026-01-11,basketball,19:15
2985,M00412,2026-02-02,badminton,12:45
2986,M00432,2026-08-15,basketball,20:45
2987,M00455,2026-04-10,basketball,17:30
2988,M00334,2026-06-20,basketball,10:15
2989,M00252,2026-02-25,swimming pool,12:30
2990,M00475,2026-05-21,basketball,17:30
2991,M00219,2026-04-11,swimming pool,21:00
2992,M00556,2026-06-16,basketball,15:45
2993,M00053,2026-02-21,swimming pool,16:15
2994,M00394,2026-08-28,football,19:15
2995,M00454,2026-01-07,swimming pool,18:15
2996,M00280,2026-07-10,football,10:45
2997,M00589,2026-07-20,swimming pool,10:45
2998,M00325,2026-04-30,swimming pool,10:45
2999,M00324,2026-06-06,football,07:00
3000,M00067,2026-01-22,gym,06:00
3001,M00340,2026-08-07,gym,16:30
3002,M00208,2026-07-10,swimming pool,12:30
3003,M00068,2026-04-03,football,16:45
3004,M00487,2026-03-28,swimming pool,15:30
3005,M00104,2026-07-25,football,11:15
3006,M00168,2026-04-17,gym,19:15
3007,M00576,2026-05-22,basketball,14:15
3008,M00117,2026-06-19,swimming pool,20:00
3009,M00041,2026-02-04,basketball,21:45
3010,M00489,2026-02-13,gym,17:45
3011,M00599,2026-05-27,swimming pool,20:00
3012,M00504,2026-08-31,football,17:30
3013,M00088,2026-08-15,badminton,08:15
3014,M00139,2026-06-09,badminton,18:15
3015,M00114,2026-08-28,swimming pool,16:30
3016,M00086,2026-04-01,football,21:00
3017,M00428,2026-02-13,badminton,14:15
3018,M00526,2026-03-13,football,06:45
3019,M00327,2026-08-20,swimming pool,07:15
3020,M00314,2026-03-09,basketball,19:30
3021,M00042,2026-03-11,basketball,08:30
3022,M00565,2026-01-09,swimming pool,06:00
3023,M00310,2026-04-08,swimming pool,21:45
3024,M00398,2026-01-10,badminton,18:30
3025,M00376,2026-07-25,football,19:45
3026,M00351,2026-02-03,badminton,14:15
3027,M00501,2026-03-14,badminton,08:45
3028,M00087,2026-07-26,badminton,09:00
3029,M00132,2026-07-26,gym,13:00
3030,M00182,2026-04-06,gym,10:15
3031,M00090,2026-08-10,gym,06:00
3032,M00350,2026-08-11,football,08:15
3033,M00597,2026-06-10,basketball,16:00
3034,M00125,2026-01-15,swimming pool,12:00
3035,M00191,2026-01-24,gym,06:45
3036,M00239,2026-02-23,gym,08:45
3037,M00329,2026-06-10,football,12:45
3038,M00203,2026-07-01,basketball,11:45
3039,M00295,2026-07-07,football,07:45
3040,M00190,2026-05-10,gym,08:15
3041,M00203,2026-03-09,swimming pool,12:00
3042,M00078,2026-02-18,swimming pool,16:15
3043,M00167,2026-04-12,football,15:45
3044,M00519,2026-06-13,badminton,12:45
3045,M00257,2026-07-31,badminton,13:00
3046,M00258,2026-03-14,swimming pool,08:00
3047,M00065,2026-05-07,badminton,07:45
3048,M00082,2026-06-22,basketball,06:00
3049,M00327,2026-05-31,badminton,08:30
3050,M00327,2026-04-26,badminton,21:30
3051,M00512,2026-03-18,basketball,16:15
3052,M00234,2026-05-31,swimming pool,07:30
3053,M00420,2026-04-30,basketball,16:45
3054,M00475,2026-08-11,basketball,20:15
3055,M00146,2026-07-08,basketball,19:00
3056,M00143,2026-07-21,badminton,18:15
3057,M00410,2026-04-04,gym,19:15
3058,M00155,2026-06-01,swimming pool,12:00
3059,M00017,2026-04-11,basketball,10:30
3060,M00346,2026-02-20,gym,21:45
3061,M00163,2026-03-19,football,14:15
3062,M00195,2026-05-05,football,21:45
3063,M00446,2026-08-31,swimming pool,21:00
3064,M00362,2026-01-28,gym,16:45
3065,M00297,2026-02-06,swimming pool,21:15
3066,M00427,2026-05-06,gym,15:15
3067,M00347,2026-06-11,badminton,19:00
3068,M00133,2026-05-16,badminton,16:30
3069,M00132,2026-04-05,football,21:00
3070,M00019,2026-04-25,badminton,19:15
3071,M00215,2026-08-30,badminton,13:30
3072,M00488,2026-07-21,badminton,16:30
3073,M00200,2026-08-19,swimming pool,16:15
3074,M00243,2026-07-28,swimming pool,21:45
3075,M00020,2026-03-22,football,09:45
3076,M00152,2026-06-09,badminton,08:45
3077,M00474,2026-06-04,badminton,08:45
3078,M00399,2026-07-19,swimming pool,14:15
3079,M00373,2026-08-06,gym,21:15
3080,M00229,2026-06-12,gym,16:30
3081,M00495,2026-05-24,swimming pool,14:30
3082,M00497,2026-03-22,football,12:15
3083,M00124,2026-03-17,gym,12:30
3084,M00255,2026-07-22,basketball,19:00
3085,M00306,2026-03-08,swimming pool,10:30
3086,M00026,2026-01-08,basketball,08:30
3087,M00477,2026-07-18,swimming pool,20:45
3088,M00569,2026-02-10,football,20:30
3089,M00111,2026-08-28,badminton,20:30
3090,M00203,2026-06-30,football,20:30
3091,M00167,2026-05-31,swimming pool,16:00
3092,M00127,2026-01-14,badminton,21:30
3093,M00146,2026-03-22,basketball,06:45
3094,M00332,2026-04-12,swimming pool,16:00
3095,M00290,2026-03-24,football,07:00
3096,M00136,2026-05-08,gym,08:15
3097,M00156,2026-01-27,football,11:15
3098,M00095,2026-07-13,badminton,17:30
3099,M00084,2026-04-16,badminton,08:45
3100,M00411,2026-05-20,gym,19:45
3101,M00159,2026-05-21,gym,12:45
3102,M00163,2026-01-30,badminton,13:15
3103,M00058,2026-06-15,football,06:00
3104,M00231,2026-05-03,gym,07:15
3105,M00239,2026-02-09,swimming pool,16:30
3106,M00397,2026-07-13,basketball,06:30
3107,M00505,2026-01-07,basketball,08:00
3108,M00205,2026-05-31,gym,12:15
3109,M00597,2026-05-06,gym,17:00
3110,M00596,2026-08-14,badminton,11:45
3111,M00218,2026-02-08,football,06:30
3112,M00273,2026-05-23,badminton,18:15
3113,M00207,2026-07-13,football,14:30
3114,M00201,2026-03-25,badminton,18:00
3115,M00293,2026-04-26,gym,20:45
3116,M00210,2026-02-17,gym,07:45
3117,M00110,2026-07-10,swimming pool,12:30
3118,M00220,2026-08-15,football,15:30
3119,M00475,2026-01-14,swimming pool,14:15
3120,M00524,2026-01-07,badminton,06:15
3121,M00186,2026-08-09,badminton,12:45
3122,M00398,2026-07-04,badminton,20:45
3123,M00170,2026-08-24,basketball,21:30
3124,M00255,2026-01-20,football,09:00
3125,M00032,2026-06-08,gym,06:30
3126,M00001,2026-03-19,basketball,18:15
3127,M00100,2026-01-14,badminton,12:15
3128,M00434,2026-07-09,badminton,08:30
3129,M00428,2026-06-17,gym,15:00
3130,M00123,2026-03-19,swimming pool,14:45
3131,M00210,2026-01-31,gym,21:15
3132,M00015,2026-01-29,gym,13:45
3133,M00594,2026-06-27,football,14:30
3134,M00024,2026-06-29,football,21:00
3135,M00157,2026-02-25,gym,18:45
3136,M00031,2026-01-10,basketball,19:45
3137,M00423,2026-02-14,gym,07:00
3138,M00288,2026-07-01,badminton,21:15
3139,M00274,2026-01-07,badminton,12:15
3140,M00459,2026-07-27,gym,07:45
3141,M00573,2026-06-29,basketball,13:00
3142,M00294,2026-04-04,gym,17:45
3143,M00484,2026-05-20,swimming pool,17:30
3144,M00565,2026-05-19,swimming pool,16:30
3145,M00417,2026-02-14,football,18:30
3146,M00479,2026-03-30,badminton,10:45
3147,M00556,2026-04-15,badminton,19:00
3148,M00260,2026-08-15,swimming pool,16:30
3149,M00478,2026-04-26,football,11:00
3150,M00352,2026-05-10,swimming pool,16:15
3151,M00588,2026-02-05,swimming pool,18:00
3152,M00430,2026-08-14,gym,07:00
3153,M00590,2026-01-02,badminton,11:15
3154,M00343,2026-05-06,gym,16:30
3155,M00562,2026-08-28,basketball,18:15
3156,M00591,2026-03-31,basketball,09:15
3157,M00465,2026-02-09,swimming pool,06:00
3158,M00508,2026-02-06,gym,15:15
3159,M00416,2026-03-19,swimming pool,09:15
3160,M00025,2026-01-05,gym,15:00
3161,M00213,2026-02-17,gym,08:30
3162,M00464,2026-01-31,basketball,17:45
3163,M00011,2026-06-28,football,15:30
3164,M00398,2026-04-06,swimming pool,15:45
3165,M00490,2026-06-12,football,07:45
3166,M00033,2026-05-08,badminton,17:00
3167,M00262,2026-06-29,basketball,18:00
3168,M00433,2026-06-26,football,17:45
3169,M00028,2026-04-08,gym,21:00
3170,M00487,2026-03-06,football,08:00
3171,M00252,2026-07-05,gym,20:45
3172,M00346,2026-03-03,football,21:00
3173,M00331,2026-03-21,football,20:15
3174,M00421,2026-01-25,gym,10:00
3175,M00519,2026-04-24,gym,11:45
3176,M00282,2026-06-28,football,18:00
3177,M00260,2026-05-30,gym,21:15
3178,M00463,2026-03-17,swimming pool,07:30
3179,M00340,2026-04-20,gym,10:00
3180,M00204,2026-05-04,basketball,13:00
3181,M00397,2026-07-18,swimming pool,18:00
3182,M00310,2026-02-16,swimming pool,16:45
3183,M00235,2026-07-02,basketball,09:00
3184,M00169,2026-02-05,swimming pool,06:45
3185,M00509,2026-04-04,basketball,06:30
3186,M00557,2026-01-28,basketball,21:00
3187,M00286,2026-04-22,football,19:00
3188,M00067,2026-01-23,badminton,17:45
3189,M00411,2026-05-10,swimming pool,10:00
3190,M00025,2026-02-11,gym,11:15
3191,M00457,2026-06-18,football,17:30
3192,M00490,2026-01-18,swimming pool,19:00
3193,M00574,2026-01-11,swimming pool,12:15
3194,M00308,2026-02-04,basketball,06:30
3195,M00062,2026-05-11,gym,09:30
3196,M00600,2026-05-16,gym,15:15
3197,M00328,2026-08-24,swimming pool,21:15
3198,M00194,2026-06-19,basketball,21:45
3199,M00220,2026-01-26,swimming pool,18:00
3200,M00150,2026-06-20,swimming pool,10:00
3201,M00490,2026-05-12,gym,11:15
3202,M00424,2026-08-03,badminton,13:30
3203,M00417,2026-01-16,basketball,07:30
3204,M00405,2026-01-08,swimming pool,17:45
3205,M00461,2026-06-05,swimming pool,10:45
3206,M00522,2026-08-16,basketball,11:15
3207,M00534,2026-03-15,basketball,08:45
3208,M00032,2026-04-17,gym,08:15
3209,M00041,2026-04-05,badminton,18:30
3210,M00476,2026-06-16,badminton,15:30
3211,M00316,2026-08-07,basketball,21:45
3212,M00574,2026-08-25,football,10:45
3213,M00346,2026-01-24,basketball,16:00
3214,M00258,2026-06-11,badminton,14:30
3215,M00526,2026-02-28,badminton,16:15
3216,M00580,2026-02-18,badminton,15:15
3217,M00344,2026-05-13,basketball,14:30
3218,M00435,2026-06-21,swimming pool,10:30
3219,M00195,2026-06-25,badminton,16:15
3220,M00474,2026-05-29,football,11:00
3221,M00299,2026-06-13,swimming pool,12:30
3222,M00188,2026-08-16,basketball,17:15
3223,M00402,2026-05-04,badminton,20:30
3224,M00150,2026-03-07,football,08:30
3225,M00128,2026-04-07,football,18:00
3226,M00069,2026-02-18,badminton,21:45
3227,M00564,2026-05-30,badminton,19:15
3228,M00273,2026-01-14,basketball,21:00
3229,M00488,2026-04-22,basketball,16:00
3230,M00144,2026-02-16,gym,17:00
3231,M00043,2026-08-05,gym,14:00
3232,M00562,2026-05-18,badminton,10:00
3233,M00434,2026-02-22,gym,07:00
3234,M00115,2026-03-28,football,14:30
3235,M00441,2026-03-03,swimming pool,13:30
3236,M00566,2026-04-01,swimming pool,10:00
3237,M00567,2026-05-30,badminton,13:15
3238,M00393,2026-02-22,football,06:15
3239,M00094,2026-05-27,football,14:45
3240,M00128,2026-01-25,swimming pool,19:15
3241,M00248,2026-04-28,football,11:15
3242,M00226,2026-03-13,gym,06:15
3243,M00316,2026-04-22,football,18:45
3244,M00219,2026-03-01,gym,08:45
3245,M00455,2026-04-24,swimming pool,18:45
3246,M00024,2026-05-19,badminton,12:45
3247,M00448,2026-07-22,football,16:30
3248,M00022,2026-05-08,football,18:45
3249,M00211,2026-04-06,swimming pool,08:45
3250,M00173,2026-07-21,basketball,12:15
3251,M00322,2026-04-01,basketball,14:15
3252,M00298,2026-08-19,swimming pool,18:45
3253,M00025,2026-06-25,football,13:00
3254,M00464,2026-07-02,gym,18:30
3255,M00369,2026-04-08,gym,21:45
3256,M00457,2026-08-21,basketball,08:45
3257,M00262,2026-03-31,swimming pool,14:30
3258,M00267,2026-05-03,swimming pool,11:15
3259,M00600,2026-06-15,football,12:00
3260,M00391,2026-04-04,gym,13:00
3261,M00163,2026-01-24,football,07:30
3262,M00082,2026-05-15,badminton,20:15
3263,M00301,2026-02-06,basketball,14:15
3264,M00235,2026-04-15,badminton,11:00
3265,M00238,2026-08-12,gym,07:15
3266,M00296,2026-05-21,basketball,19:15
3267,M00242,2026-01-05,swimming pool,08:00
3268,M00104,2026-03-10,swimming pool,09:45
3269,M00567,2026-07-14,badminton,11:15
3270,M00547,2026-08-27,swimming pool,13:00
3271,M00334,2026-08-07,swimming pool,14:00
3272,M00513,2026-05-10,gym,18:15
3273,M00172,2026-01-13,basketball,10:15
3274,M00248,2026-08-09,football,17:30
3275,M00474,2026-03-04,basketball,11:00
3276,M00255,2026-02-11,football,07:00
3277,M00387,2026-02-04,gym,15:45
3278,M00542,2026-07-24,basketball,18:45
3279,M00538,2026-04-30,football,17:45
3280,M00258,2026-05-15,basketball,11:45
3281,M00130,2026-07-26,gym,12:00
3282,M00377,2026-08-04,badminton,09:45
3283,M00392,2026-04-07,badminton,17:00
3284,M00323,2026-05-05,swimming pool,06:15
3285,M00446,2026-07-18,swimming pool,20:15
3286,M00310,2026-04-12,swimming pool,10:00
3287,M00233,2026-08-20,basketball,14:45
3288,M00409,2026-04-30,basketball,17:15
3289,M00475,2026-02-03,basketball,07:15
3290,M00150,2026-08-18,gym,15:30
3291,M00055,2026-03-31,basketball,18:45
3292,M00080,2026-06-03,badminton,17:45
3293,M00042,2026-08-28,basketball,08:30
3294,M00340,2026-02-19,badminton,11:00
3295,M00104,2026-02-07,football,14:00
3296,M00026,2026-05-11,swimming pool,17:00
3297,M00460,2026-04-14,badminton,20:30
3298,M00335,2026-03-14,badminton,07:00
3299,M00449,2026-07-14,basketball,19:00
3300,M00562,2026-07-06,football,08:15
3301,M00387,2026-03-26,basketball,14:15
3302,M00146,2026-07-15,swimming pool,08:45
3303,M00283,2026-04-11,swimming pool,07:00
3304,M00311,2026-01-04,swimming pool,12:45
3305,M00583,2026-02-19,basketball,10:45
3306,M00561,2026-05-26,badminton,12:00
3307,M00068,2026-02-11,gym,14:45
3308,M00068,2026-02-26,basketball,11:45
3309,M00117,2026-01-21,basketball,16:30
3310,M00481,2026-03-08,football,16:30
3311,M00540,2026-02-09,football,14:15
3312,M00232,2026-07-28,gym,19:45
3313,M00279,2026-03-26,football,15:45
3314,M00415,2026-01-14,football,15:30
3315,M00110,2026-07-30,swimming pool,13:15
3316,M00255,2026-04-29,swimming pool,09:30
3317,M00423,2026-07-10,basketball,19:30
3318,M00307,2026-01-21,swimming pool,11:45
3319,M00068,2026-07-18,badminton,07:45
3320,M00416,2026-07-28,basketball,10:45
3321,M00485,2026-01-08,badminton,17:00
3322,M00316,2026-03-02,basketball,21:45
3323,M00220,2026-04-14,basketball,13:30
3324,M00250,2026-06-06,swimming pool,16:15
3325,M00335,2026-06-01,basketball,08:00
3326,M00085,2026-01-22,gym,10:45
3327,M00505,2026-08-18,gym,10:00
3328,M00003,2026-05-01,swimming pool,07:15
3329,M00299,2026-08-04,badminton,17:00
3330,M00042,2026-02-12,badminton,16:00
3331,M00040,2026-05-30,gym,07:00
3332,M00197,2026-07-22,swimming pool,18:45
3333,M00111,2026-03-10,football,15:00
3334,M00292,2026-02-05,gym,20:30
3335,M00162,2026-06-14,football,09:45
3336,M00230,2026-06-26,badminton,07:45
3337,M00347,2026-06-20,swimming pool,21:45
3338,M00368,2026-05-11,badminton,15:45
3339,M00429,2026-07-26,swimming pool,15:30
3340,M00216,2026-03-03,basketball,10:15
3341,M00038,2026-01-21,gym,09:15
3342,M00111,2026-04-25,swimming pool,10:00
3343,M00290,2026-07-17,badminton,16:15
3344,M00494,2026-04-22,basketball,09:30
3345,M00215,2026-08-18,basketball,07:30
3346,M00161,2026-04-11,swimming pool,17:00
3347,M00051,2026-01-09,badminton,18:15
3348,M00510,2026-04-29,basketball,16:45
3349,M00137,2026-07-28,badminton,19:30
3350,M00581,2026-08-11,swimming pool,06:15
3351,M00257,2026-04-17,gym,21:30
3352,M00152,2026-01-11,swimming pool,13:45
3353,M00285,2026-08-21,swimming pool,11:45
3354,M00040,2026-07-17,gym,17:30
3355,M00382,2026-03-28,gym,09:45
3356,M00514,2026-02-21,swimming pool,10:30
3357,M00518,2026-03-12,football,18:15
3358,M00446,2026-07-17,gym,20:30
3359,M00552,2026-07-13,basketball,07:30
3360,M00341,2026-01-05,basketball,08:45
3361,M00428,2026-08-26,basketball,13:30
3362,M00229,2026-04-26,badminton,15:00
3363,M00235,2026-06-21,football,14:45
3364,M00272,2026-01-02,football,13:00
3365,M00228,2026-07-30,basketball,13:45
3366,M00003,2026-04-21,gym,08:30
3367,M00549,2026-07-28,football,19:00
3368,M00514,2026-08-11,badminton,07:45
3369,M00595,2026-02-24,football,15:00
3370,M00241,2026-08-25,basketball,16:15
3371,M00559,2026-06-17,swimming pool,06:45
3372,M00082,2026-03-26,swimming pool,21:00
3373,M00102,2026-02-03,badminton,11:30
3374,M00264,2026-04-17,swimming pool,19:15
3375,M00168,2026-04-03,gym,15:30
3376,M00556,2026-06-27,football,08:00
3377,M00160,2026-08-12,gym,06:15
3378,M00068,2026-07-19,badminton,11:00
3379,M00463,2026-03-28,gym,20:00
3380,M00493,2026-06-21,football,14:00
3381,M00365,2026-07-21,gym,17:15
3382,M00398,2026-07-26,swimming pool,14:00
3383,M00089,2026-01-17,swimming pool,10:30
3384,M00165,2026-05-14,football,12:45
3385,M00360,2026-01-08,badminton,18:45
3386,M00107,2026-07-26,football,18:15
3387,M00172,2026-02-18,football,21:00
3388,M00233,2026-08-02,basketball,20:45
3389,M00330,2026-06-14,badminton,12:00
3390,M00038,2026-04-26,swimming pool,06:30
3391,M00018,2026-06-20,badminton,16:45
3392,M00008,2026-03-22,basketball,08:15
3393,M00099,2026-06-02,football,09:15
3394,M00485,2026-05-07,football,16:00
3395,M00034,2026-07-21,badminton,13:30
3396,M00550,2026-07-30,basketball,15:00
3397,M00110,2026-01-15,badminton,10:30
3398,M00389,2026-02-09,badminton,16:45
3399,M00077,2026-05-16,badminton,08:45
3400,M00316,2026-07-09,badminton,19:00
3401,M00027,2026-03-14,badminton,11:00
3402,M00141,2026-08-27,football,09:30
3403,M00117,2026-01-25,badminton,16:30
3404,M00127,2026-02-16,football,12:00
3405,M00238,2026-01-13,badminton,15:00
3406,M00563,2026-08-28,football,15:30
3407,M00103,2026-08-18,basketball,07:30
3408,M00431,2026-01-24,badminton,14:00
3409,M00141,2026-01-18,gym,06:00
3410,M00489,2026-01-11,basketball,17:45
3411,M00555,2026-01-28,badminton,11:15
3412,M00084,2026-03-27,swimming pool,11:00
3413,M00018,2026-05-01,swimming pool,10:15
3414,M00522,2026-03-03,basketball,06:30
3415,M00591,2026-07-23,swimming pool,21:15
3416,M00061,2026-04-21,swimming pool,18:15
3417,M00541,2026-03-16,badminton,10:45
3418,M00422,2026-08-22,football,15:30
3419,M00256,2026-06-07,gym,19:30
3420,M00510,2026-01-01,gym,18:15
3421,M00260,2026-06-26,swimming pool,11:00
3422,M00255,2026-02-03,gym,13:15
3423,M00048,2026-07-07,gym,18:15
3424,M00224,2026-03-12,gym,06:15
3425,M00114,2026-08-01,gym,19:00
3426,M00350,2026-02-22,basketball,10:15
3427,M00127,2026-08-11,badminton,16:45
3428,M00388,2026-06-18,football,14:45
3429,M00207,2026-08-08,swimming pool,12:45
3430,M00362,2026-02-18,swimming pool,21:45
3431,M00281,2026-04-22,gym,14:00
3432,M00444,2026-04-29,swimming pool,07:00
3433,M00470,2026-05-15,badminton,12:45
3434,M00114,2026-08-14,badminton,10:30
3435,M00287,2026-02-15,basketball,06:45
3436,M00543,2026-01-17,football,20:30
3437,M00311,2026-06-14,swimming pool,20:15
3438,M00283,2026-08-03,basketball,18:30
3439,M00165,2026-05-03,swimming pool,20:15
3440,M00018,2026-07-19,swimming pool,21:45
3441,M00225,2026-08-31,football,10:00
3442,M00275,2026-07-04,badminton,14:00
3443,M00279,2026-08-09,football,15:45
3444,M00021,2026-01-17,football,09:15
3445,M00290,2026-03-06,swimming pool,11:45
3446,M00542,2026-01-01,swimming pool,06:30
3447,M00568,2026-04-18,football,16:00
3448,M00493,2026-02-19,swimming pool,09:30
3449,M00436,2026-03-06,badminton,12:45
3450,M00579,2026-05-25,badminton,09:45
3451,M00484,2026-06-09,swimming pool,13:30
3452,M00047,2026-08-08,badminton,17:45
3453,M00247,2026-05-17,badminton,21:15
3454,M00442,2026-05-24,gym,08:00
3455,M00579,2026-08-18,swimming pool,13:45
3456,M00045,2026-02-22,basketball,19:00
3457,M00106,2026-06-24,football,20:15
3458,M00227,2026-07-08,swimming pool,12:30
3459,M00100,2026-01-10,badminton,06:45
3460,M00124,2026-03-13,football,20:15
3461,M00096,2026-03-29,swimming pool,09:00
3462,M00257,2026-07-22,football,13:00
3463,M00488,2026-06-26,badminton,11:00
3464,M00502,2026-07-29,swimming pool,19:30
3465,M00103,2026-01-23,football,13:30
3466,M00001,2026-04-20,badminton,17:45
3467,M00570,2026-06-28,swimming pool,06:00
3468,M00586,2026-01-06,badminton,12:15
3469,M00161,2026-03-01,gym,11:15
3470,M00215,2026-02-20,swimming pool,15:45
3471,M00063,2026-06-19,basketball,13:15
3472,M00033,2026-01-31,swimming pool,17:30
3473,M00443,2026-02-09,gym,11:45
3474,M00388,2026-01-02,swimming pool,17:00
3475,M00546,2026-02-14,basketball,09:00
3476,M00162,2026-02-24,gym,10:45
3477,M00112,2026-04-22,swimming pool,11:30
3478,M00533,2026-07-02,football,16:45
3479,M00162,2026-08-01,football,12:45
3480,M00436,2026-02-14,football,20:30
3481,M00324,2026-03-08,football,12:00
3482,M00201,2026-04-14,badminton,18:45
3483,M00094,2026-08-12,football,09:15
3484,M00056,2026-02-28,football,09:45
3485,M00405,2026-08-21,football,10:00
3486,M00531,2026-02-16,football,13:15
3487,M00247,2026-08-21,gym,08:15
3488,M00552,2026-05-22,gym,16:00
3489,M00266,2026-03-08,badminton,10:15
3490,M00046,2026-04-20,basketball,12:15
3491,M00226,2026-06-28,gym,10:45
3492,M00074,2026-04-19,football,08:30
3493,M00472,2026-02-12,badminton,16:00
3494,M00034,2026-07-15,gym,06:00
3495,M00032,2026-01-22,badminton,11:00
3496,M00085,2026-06-26,swimming pool,21:00
3497,M00450,2026-07-20,football,17:00
3498,M00027,2026-07-04,swimming pool,17:30
3499,M00389,2026-06-22,gym,15:30
3500,M00268,2026-02-10,gym,10:45
3501,M00295,2026-05-06,football,08:15
3502,M00180,2026-07-31,badminton,07:30
3503,M00389,2026-05-01,gym,19:45
3504,M00027,2026-01-12,football,07:00
3505,M00268,2026-08-15,swimming pool,18:30
3506,M00350,2026-01-23,badminton,14:15
3507,M00415,2026-04-07,football,09:15
3508,M00423,2026-02-08,badminton,13:30
3509,M00379,2026-06-19,gym,17:30
3510,M00175,2026-07-20,football,18:00
3511,M00566,2026-07-02,gym,21:00
3512,M00417,2026-02-23,swimming pool,19:45
3513,M00364,2026-07-21,gym,11:15
3514,M00067,2026-01-16,badminton,07:00
3515,M00402,2026-03-06,football,09:00
3516,M00268,2026-06-10,badminton,11:45
3517,M00511,2026-08-14,swimming pool,12:45
3518,M00193,2026-05-16,gym,18:30
3519,M00249,2026-02-09,gym,10:45
3520,M00303,2026-07-05,swimming pool,15:45
3521,M00305,2026-02-10,gym,13:45
3522,M00134,2026-04-05,football,19:15
3523,M00107,2026-03-21,badminton,08:45
3524,M00042,2026-07-30,basketball,15:45
3525,M00161,2026-04-01,badminton,15:00
3526,M00192,2026-04-14,swimming pool,17:30
3527,M00557,2026-06-24,swimming pool,15:15
3528,M00024,2026-06-21,gym,21:45
3529,M00316,2026-04-16,badminton,15:00
3530,M00232,2026-07-07,gym,17:15
3531,M00570,2026-06-28,football,11:30
3532,M00340,2026-07-05,swimming pool,20:00
3533,M00349,2026-01-10,badminton,07:30
3534,M00245,2026-02-22,swimming pool,12:30
3535,M00199,2026-08-01,football,14:30
3536,M00126,2026-04-12,swimming pool,10:00
3537,M00093,2026-01-25,football,20:45
3538,M00127,2026-05-20,gym,12:15
3539,M00094,2026-06-11,swimming pool,21:15
3540,M00138,2026-04-14,badminton,13:00
3541,M00417,2026-08-07,gym,08:00
3542,M00518,2026-05-08,badminton,18:00
3543,M00473,2026-05-09,basketball,06:00
3544,M00190,2026-02-23,gym,06:00
3545,M00343,2026-07-19,basketball,09:15
3546,M00537,2026-08-25,gym,13:45
3547,M00342,2026-05-01,basketball,14:30
3548,M00123,2026-07-05,basketball,06:15
3549,M00402,2026-04-05,football,17:15
3550,M00060,2026-01-20,badminton,08:00
3551,M00539,2026-06-13,football,15:00
3552,M00553,2026-03-16,swimming pool,13:45
3553,M00543,2026-05-03,badminton,06:15
3554,M00418,2026-02-19,swimming pool,11:15
3555,M00518,2026-02-07,gym,13:45
3556,M00282,2026-03-27,badminton,19:00
3557,M00095,2026-03-07,gym,15:15
3558,M00533,2026-05-18,basketball,07:30
3559,M00022,2026-07-19,badminton,13:45
3560,M00405,2026-04-20,basketball,07:00
3561,M00120,2026-07-11,swimming pool,19:00
3562,M00044,2026-08-30,swimming pool,07:15
3563,M00370,2026-04-10,basketball,08:00
3564,M00396,2026-02-09,basketball,08:30
3565,M00218,2026-01-26,swimming pool,12:30
3566,M00349,2026-04-02,gym,19:15
3567,M00447,2026-05-27,gym,21:45
3568,M00435,2026-07-15,football,10:15
3569,M00538,2026-08-01,badminton,15:00
3570,M00119,2026-03-03,badminton,06:45
3571,M00199,2026-03-29,badminton,13:45
3572,M00564,2026-07-08,football,10:45
3573,M00048,2026-02-24,swimming pool,17:00
3574,M00055,2026-01-27,badminton,20:00
3575,M00049,2026-05-10,badminton,08:30
3576,M00293,2026-05-27,swimming pool,06:45
3577,M00262,2026-05-30,swimming pool,18:45
3578,M00587,2026-07-26,basketball,15:45
3579,M00092,2026-08-16,football,15:15
3580,M00549,2026-07-20,badminton,18:15
3581,M00151,2026-03-26,football,09:30
3582,M00022,2026-07-17,football,15:15
3583,M00180,2026-08-16,swimming pool,09:15
3584,M00229,2026-03-17,swimming pool,19:45
3585,M00578,2026-05-24,gym,19:00
3586,M00572,2026-05-02,swimming pool,18:00
3587,M00469,2026-07-15,basketball,06:45
3588,M00179,2026-07-11,swimming pool,15:15
3589,M00533,2026-06-05,swimming pool,16:30
3590,M00250,2026-08-19,football,10:00
3591,M00292,2026-07-31,gym,17:45
3592,M00121,2026-02-06,football,19:30
3593,M00031,2026-05-21,swimming pool,18:30
3594,M00558,2026-06-23,swimming pool,19:30
3595,M00096,2026-07-20,football,18:45
3596,M00353,2026-04-15,gym,12:00
3597,M00576,2026-05-04,basketball,09:15
3598,M00195,2026-07-26,football,16:30
3599,M00124,2026-03-06,swimming pool,14:45
3600,M00555,2026-02-08,swimming pool,15:30
3601,M00042,2026-08-07,gym,11:45
3602,M00230,2026-01-01,gym,19:45
3603,M00399,2026-01-17,gym,09:45
3604,M00516,2026-02-21,gym,08:15
3605,M00343,2026-07-30,gym,07:00
3606,M00385,2026-05-16,gym,14:00
3607,M00301,2026-06-11,football,08:30
3608,M00056,2026-04-27,basketball,11:15
3609,M00597,2026-04-24,basketball,10:00
3610,M00378,2026-02-26,badminton,14:00
3611,M00508,2026-04-23,basketball,15:45
3612,M00167,2026-01-15,basketball,10:45
3613,M00422,2026-06-21,swimming pool,10:30
3614,M00020,2026-05-23,gym,21:45
3615,M00394,2026-08-25,gym,11:00
3616,M00270,2026-01-06,basketball,14:00
3617,M00200,2026-02-20,swimming pool,20:15
3618,M00092,2026-08-28,swimming pool,16:30
3619,M00176,2026-02-21,badminton,18:00
3620,M00479,2026-05-20,gym,20:00
3621,M00210,2026-08-06,swimming pool,09:00
3622,M00168,2026-01-01,basketball,09:15
3623,M00433,2026-03-02,football,16:15
3624,M00479,2026-05-07,football,17:45
3625,M00125,2026-02-18,swimming pool,20:00
3626,M00559,2026-03-17,badminton,14:00
3627,M00173,2026-08-10,football,16:00
3628,M00145,2026-08-10,basketball,15:00
3629,M00097,2026-04-21,badminton,15:00
3630,M00243,2026-04-26,swimming pool,14:00
3631,M00408,2026-05-01,football,09:15
3632,M00475,2026-07-09,basketball,11:15
3633,M00077,2026-01-04,swimming pool,08:45
3634,M00550,2026-07-31,swimming pool,09:15
3635,M00268,2026-05-13,basketball,11:30
3636,M00504,2026-07-20,football,20:15
3637,M00437,2026-08-10,swimming pool,13:00
3638,M00528,2026-02-15,football,16:45
3639,M00030,2026-03-28,swimming pool,20:00
3640,M00505,2026-07-21,football,19:45
3641,M00122,2026-04-27,basketball,07:45
3642,M00509,2026-03-02,basketball,10:00
3643,M00374,2026-07-15,gym,18:15
3644,M00087,2026-06-18,swimming pool,11:15
3645,M00358,2026-03-25,swimming pool,08:45
3646,M00375,2026-01-04,badminton,20:00
3647,M00272,2026-04-14,football,10:00
3648,M00536,2026-06-16,swimming pool,08:15
3649,M00336,2026-05-26,basketball,20:00
3650,M00571,2026-06-01,football,14:15
3651,M00441,2026-06-09,football,15:00
3652,M00163,2026-02-02,gym,16:00
3653,M00236,2026-06-19,football,19:30
3654,M00520,2026-03-16,swimming pool,15:30
3655,M00525,2026-05-22,gym,08:30
3656,M00356,2026-04-26,football,20:00
3657,M00452,2026-01-24,badminton,11:15
3658,M00558,2026-04-13,basketball,18:45
3659,M00201,2026-05-19,swimming pool,06:45
3660,M00282,2026-04-08,gym,08:45
3661,M00507,2026-06-06,football,21:45
3662,M00555,2026-02-08,football,19:45
3663,M00158,2026-08-03,swimming pool,16:15
3664,M00506,2026-07-11,gym,16:00
3665,M00409,2026-06-14,swimming pool,13:30
3666,M00054,2026-06-28,badminton,06:30
3667,M00400,2026-04-08,football,16:45
3668,M00583,2026-01-10,gym,09:15
3669,M00287,2026-08-19,football,11:30
3670,M00384,2026-03-10,badminton,11:45
3671,M00472,2026-06-01,basketball,12:15
3672,M00362,2026-07-31,football,15:15
3673,M00253,2026-06-12,swimming pool,14:45
3674,M00228,2026-08-10,swimming pool,09:30
3675,M00415,2026-02-12,badminton,08:30
3676,M00192,2026-05-17,badminton,21:15
3677,M00352,2026-04-10,swimming pool,11:45
3678,M00227,2026-08-11,swimming pool,16:30
3679,M00105,2026-02-27,football,09:45
3680,M00379,2026-04-04,gym,21:30
3681,M00396,2026-08-06,football,16:00
3682,M00329,2026-07-13,basketball,15:30
3683,M00230,2026-01-02,swimming pool,15:00
3684,M00525,2026-07-31,football,08:00
3685,M00493,2026-06-03,basketball,11:00
3686,M00204,2026-05-14,badminton,13:30
3687,M00039,2026-01-23,badminton,12:45
3688,M00315,2026-01-23,badminton,15:45
3689,M00111,2026-03-25,badminton,12:00
3690,M00222,2026-07-06,swimming pool,17:15
3691,M00430,2026-05-02,football,09:15
3692,M00437,2026-04-25,badminton,07:00
3693,M00273,2026-08-05,swimming pool,09:30
3694,M00090,2026-01-10,badminton,11:45
3695,M00393,2026-06-07,football,09:45
3696,M00575,2026-01-16,football,10:45
3697,M00007,2026-03-11,badminton,10:15
3698,M00527,2026-05-15,football,17:45
3699,M00167,2026-08-16,swimming pool,16:45
3700,M00427,2026-01-15,badminton,19:45
3701,M00552,2026-04-24,badminton,15:15
3702,M00142,2026-05-07,badminton,16:30
3703,M00555,2026-06-11,badminton,19:30
3704,M00325,2026-07-21,football,15:15
3705,M00515,2026-02-02,badminton,09:00
3706,M00439,2026-03-27,gym,10:00
3707,M00041,2026-01-11,swimming pool,15:30
3708,M00236,2026-05-31,swimming pool,08:15
3709,M00135,2026-06-14,gym,16:30
3710,M00071,2026-02-23,gym,16:30
3711,M00493,2026-01-09,football,12:45
3712,M00569,2026-07-08,swimming pool,09:30
3713,M00311,2026-03-14,football,18:45
3714,M00503,2026-02-06,basketball,13:45
3715,M00460,2026-08-19,basketball,15:45
3716,M00154,2026-07-11,gym,10:30
3717,M00528,2026-07-09,swimming pool,17:30
3718,M00215,2026-01-18,football,12:15
3719,M00557,2026-07-26,gym,10:15
3720,M00065,2026-02-02,swimming pool,10:00
3721,M00313,2026-06-09,gym,07:45
3722,M00009,2026-08-15,gym,13:45
3723,M00269,2026-05-06,swimming pool,12:45
3724,M00354,2026-01-07,football,11:45
3725,M00414,2026-05-13,gym,20:15
3726,M00186,2026-08-19,badminton,21:45
3727,M00329,2026-03-08,badminton,14:45
3728,M00139,2026-04-08,swimming pool,07:30
3729,M00146,2026-06-08,gym,20:45
3730,M00568,2026-03-03,gym,18:00
3731,M00563,2026-08-11,swimming pool,20:00
3732,M00481,2026-02-14,gym,20:15
3733,M00204,2026-04-24,swimming pool,11:00
3734,M00334,2026-02-16,swimming pool,10:15
3735,M00422,2026-08-14,swimming pool,09:45
3736,M00335,2026-06-18,football,08:30
3737,M00242,2026-05-22,football,10:15
3738,M00171,2026-03-25,badminton,13:15
3739,M00328,2026-05-23,badminton,14:45
3740,M00126,2026-05-06,basketball,21:15
3741,M00166,2026-07-26,basketball,15:15
3742,M00021,2026-05-27,badminton,14:30
3743,M00592,2026-07-27,basketball,09:15
3744,M00458,2026-06-04,football,20:00
3745,M00192,2026-05-27,swimming pool,20:00
3746,M00166,2026-01-15,badminton,13:45
3747,M00540,2026-08-22,basketball,09:15
3748,M00503,2026-07-01,badminton,10:15
3749,M00134,2026-02-08,gym,09:15
3750,M00374,2026-04-12,gym,12:15
3751,M00039,2026-08-15,gym,14:45
3752,M00477,2026-05-13,football,20:30
3753,M00216,2026-06-27,badminton,17:15
3754,M00243,2026-06-13,football,18:00
3755,M00042,2026-02-21,gym,14:30
3756,M00242,2026-08-25,basketball,08:30
3757,M00113,2026-04-28,gym,17:15
3758,M00216,2026-08-12,football,08:00
3759,M00153,2026-06-14,football,11:30
3760,M00025,2026-01-24,badminton,12:45
3761,M00284,2026-06-17,football,12:00
3762,M00202,2026-08-22,gym,19:45
3763,M00085,2026-02-23,football,21:00
3764,M00118,2026-02-07,basketball,07:15
3765,M00156,2026-01-30,swimming pool,11:00
3766,M00472,2026-04-15,basketball,10:00
3767,M00118,2026-06-05,gym,09:00
3768,M00392,2026-04-14,gym,10:15
3769,M00043,2026-01-31,football,07:45
3770,M00140,2026-07-05,badminton,20:15
3771,M00203,2026-08-25,football,12:00
3772,M00301,2026-05-27,swimming pool,19:45
3773,M00346,2026-02-23,football,06:15
3774,M00467,2026-06-16,badminton,09:15
3775,M00289,2026-02-15,gym,08:30
3776,M00024,2026-07-22,football,18:15
3777,M00346,2026-08-09,gym,16:15
3778,M00154,2026-06-02,badminton,18:15
3779,M00018,2026-08-04,football,12:30
3780,M00359,2026-07-04,basketball,08:00
3781,M00220,2026-07-03,football,17:15
3782,M00598,2026-05-08,gym,09:15
3783,M00465,2026-01-31,swimming pool,14:15
3784,M00435,2026-08-28,badminton,16:30
3785,M00397,2026-03-20,swimming pool,12:00
3786,M00266,2026-08-30,gym,10:00
3787,M00145,2026-05-04,gym,19:00
3788,M00371,2026-06-07,swimming pool,21:15
3789,M00571,2026-05-07,badminton,07:15
3790,M00063,2026-04-24,gym,19:45
3791,M00023,2026-04-16,swimming pool,10:15
3792,M00289,2026-05-16,gym,16:30
3793,M00268,2026-08-10,swimming pool,06:15
3794,M00293,2026-01-09,swimming pool,07:00
3795,M00018,2026-06-07,badminton,18:45
3796,M00578,2026-08-23,basketball,17:45
3797,M00316,2026-06-09,gym,17:45
3798,M00357,2026-04-06,badminton,19:15
3799,M00253,2026-03-06,basketball,09:15
3800,M00258,2026-04-29,basketball,06:00
3801,M00046,2026-05-23,gym,09:00
3802,M00040,2026-02-23,gym,19:15
3803,M00103,2026-04-26,basketball,14:00
3804,M00501,2026-02-11,basketball,07:00
3805,M00530,2026-01-25,badminton,20:00
3806,M00152,2026-06-01,gym,09:30
3807,M00063,2026-04-29,gym,12:00
3808,M00419,2026-04-26,gym,13:00
3809,M00474,2026-07-02,swimming pool,16:00
3810,M00049,2026-07-28,badminton,17:30
3811,M00504,2026-03-18,swimming pool,18:15
3812,M00117,2026-06-30,swimming pool,06:00
3813,M00579,2026-04-22,swimming pool,17:30
3814,M00458,2026-04-20,basketball,14:45
3815,M00031,2026-02-22,gym,06:30
3816,M00204,2026-06-21,swimming pool,18:15
3817,M00451,2026-08-25,badminton,19:45
3818,M00448,2026-07-30,swimming pool,08:30
3819,M00600,2026-01-17,football,13:15
3820,M00487,2026-01-05,gym,07:30
3821,M00413,2026-04-17,basketball,09:30
3822,M00339,2026-06-10,football,06:00
3823,M00120,2026-01-13,basketball,21:45
3824,M00128,2026-08-22,badminton,07:00
3825,M00269,2026-05-30,swimming pool,08:30
3826,M00588,2026-01-01,badminton,13:00
3827,M00325,2026-07-20,swimming pool,07:30
3828,M00514,2026-01-10,football,15:45
3829,M00405,2026-07-20,football,21:15
3830,M00067,2026-02-20,basketball,20:00
3831,M00425,2026-04-08,football,15:00
3832,M00421,2026-08-21,basketball,09:15
3833,M00222,2026-05-05,badminton,07:45
3834,M00492,2026-05-27,badminton,13:15
3835,M00179,2026-07-15,badminton,19:15
3836,M00216,2026-07-08,football,15:00
3837,M00457,2026-07-26,gym,08:30
3838,M00170,2026-08-15,basketball,10:00
3839,M00220,2026-04-30,gym,20:15
3840,M00109,2026-01-23,basketball,07:15
3841,M00029,2026-06-11,badminton,09:00
3842,M00241,2026-04-05,football,20:15
3843,M00115,2026-01-22,basketball,06:30
3844,M00521,2026-01-08,gym,18:30
3845,M00312,2026-05-17,swimming pool,11:00
3846,M00463,2026-08-31,badminton,13:45
3847,M00520,2026-04-06,basketball,06:15
3848,M00064,2026-07-27,gym,14:00
3849,M00429,2026-05-02,badminton,21:00
3850,M00185,2026-08-04,swimming pool,18:00
3851,M00307,2026-06-02,basketball,08:00
3852,M00162,2026-05-11,basketball,14:15
3853,M00434,2026-05-24,football,10:45
3854,M00402,2026-05-29,basketball,07:30
3855,M00045,2026-05-31,badminton,13:00
3856,M00265,2026-08-20,gym,19:00
3857,M00364,2026-04-20,gym,21:15
3858,M00182,2026-05-05,badminton,13:30
3859,M00387,2026-04-01,gym,20:45
3860,M00187,2026-03-16,gym,19:30
3861,M00386,2026-04-09,football,13:30
3862,M00440,2026-01-07,badminton,20:30
3863,M00156,2026-01-17,basketball,06:15
3864,M00575,2026-03-28,gym,18:15
3865,M00164,2026-08-27,badminton,13:45
3866,M00282,2026-05-19,football,10:00
3867,M00515,2026-05-27,swimming pool,14:45
3868,M00546,2026-06-28,football,13:00
3869,M00447,2026-02-05,badminton,18:45
3870,M00155,2026-07-12,football,20:00
3871,M00436,2026-01-06,football,08:00
3872,M00308,2026-01-19,swimming pool,09:15
3873,M00367,2026-06-19,football,11:15
3874,M00418,2026-01-28,swimming pool,12:45
3875,M00418,2026-08-17,gym,16:15
3876,M00255,2026-01-12,badminton,16:00
3877,M00411,2026-03-27,gym,11:30
3878,M00286,2026-07-12,badminton,21:15
3879,M00269,2026-02-01,football,09:45
3880,M00326,2026-06-16,gym,12:30
3881,M00281,2026-01-08,football,19:45
3882,M00065,2026-05-01,basketball,08:15
3883,M00265,2026-06-02,football,07:00
3884,M00411,2026-04-29,football,10:00
3885,M00279,2026-01-21,basketball,14:45
3886,M00530,2026-08-06,gym,13:30
3887,M00190,2026-08-24,basketball,18:30
3888,M00560,2026-04-19,football,13:45
3889,M00563,2026-04-23,badminton,18:30
3890,M00093,2026-03-25,badminton,14:30
3891,M00051,2026-01-29,gym,10:15
3892,M00060,2026-08-05,basketball,17:15
3893,M00391,2026-08-16,gym,17:00
3894,M00073,2026-05-02,gym,19:00
3895,M00233,2026-08-02,football,18:15
3896,M00432,2026-03-22,swimming pool,19:15
3897,M00103,2026-05-12,football,14:30
3898,M00382,2026-06-03,gym,18:45
3899,M00008,2026-01-13,gym,15:15
3900,M00306,2026-05-16,football,14:15
3901,M00049,2026-03-17,basketball,18:30
3902,M00571,2026-06-07,basketball,19:45
3903,M00421,2026-01-13,badminton,19:30
3904,M00166,2026-01-04,badminton,16:45
3905,M00373,2026-05-06,basketball,16:00
3906,M00585,2026-04-26,badminton,16:15
3907,M00197,2026-07-20,football,06:45
3908,M00134,2026-03-04,badminton,14:45
3909,M00391,2026-07-20,swimming pool,11:45
3910,M00345,2026-06-29,badminton,07:00
3911,M00407,2026-06-11,badminton,17:15
3912,M00055,2026-01-03,basketball,11:15
3913,M00122,2026-02-14,swimming pool,15:15
3914,M00463,2026-04-20,basketball,21:30
3915,M00411,2026-02-04,badminton,08:45
3916,M00029,2026-01-27,gym,11:30
3917,M00103,2026-01-24,badminton,14:45
3918,M00062,2026-01-02,football,06:00
3919,M00486,2026-05-31,football,18:45
3920,M00507,2026-05-24,swimming pool,12:00
3921,M00178,2026-05-28,football,17:45
3922,M00014,2026-08-27,badminton,20:15
3923,M00419,2026-07-22,badminton,11:45
3924,M00078,2026-02-07,gym,11:00
3925,M00209,2026-05-16,badminton,13:45
3926,M00351,2026-02-28,basketball,17:45
3927,M00546,2026-01-13,basketball,17:15
3928,M00378,2026-03-09,football,11:30
3929,M00131,2026-02-01,football,13:30
3930,M00260,2026-04-03,badminton,07:00
3931,M00440,2026-03-07,badminton,17:30
3932,M00479,2026-03-28,swimming pool,12:00
3933,M00115,2026-02-05,swimming pool,10:45
3934,M00293,2026-07-17,football,21:00
3935,M00462,2026-04-23,basketball,12:15
3936,M00301,2026-06-15,swimming pool,21:15
3937,M00032,2026-02-19,football,18:15
3938,M00075,2026-08-18,basketball,17:00
3939,M00556,2026-01-16,gym,18:15
3940,M00043,2026-03-07,badminton,12:00
3941,M00396,2026-06-05,swimming pool,16:15
3942,M00274,2026-06-09,swimming pool,16:15
3943,M00313,2026-01-04,gym,09:00
3944,M00406,2026-04-23,basketball,15:00
3945,M00436,2026-03-30,swimming pool,14:30
3946,M00261,2026-08-23,badminton,14:30
3947,M00438,2026-01-14,football,12:30
3948,M00068,2026-05-02,football,12:45
3949,M00566,2026-01-28,gym,16:15
3950,M00127,2026-02-07,football,20:30
3951,M00552,2026-07-08,basketball,19:15
3952,M00063,2026-03-20,badminton,21:15
3953,M00491,2026-01-27,badminton,20:15
3954,M00260,2026-04-07,swimming pool,07:00
3955,M00554,2026-07-11,basketball,14:15
3956,M00275,2026-02-03,swimming pool,13:45
3957,M00167,2026-05-14,swimming pool,13:00
3958,M00155,2026-01-29,football,21:00
3959,M00402,2026-08-24,swimming pool,12:15
3960,M00530,2026-08-10,football,07:15
3961,M00172,2026-02-07,gym,07:00
3962,M00016,2026-02-17,swimming pool,11:00
3963,M00017,2026-01-17,football,18:45
3964,M00445,2026-04-08,gym,07:00
3965,M00521,2026-08-04,football,21:45
3966,M00125,2026-01-03,football,08:30
3967,M00194,2026-04-06,basketball,08:30
3968,M00064,2026-08-23,swimming pool,15:30
3969,M00250,2026-06-14,gym,07:45
3970,M00283,2026-04-18,football,10:15
3971,M00323,2026-03-21,basketball,16:00
3972,M00036,2026-01-01,swimming pool,06:45
3973,M00414,2026-08-23,swimming pool,06:30
3974,M00286,2026-08-30,badminton,18:45
3975,M00077,2026-03-26,gym,07:45
3976,M00444,2026-08-18,basketball,19:30
3977,M00095,2026-01-19,gym,18:30
3978,M00307,2026-08-11,gym,08:15
3979,M00289,2026-01-01,basketball,16:00
3980,M00409,2026-06-07,football,14:45
3981,M00043,2026-05-14,football,06:30
3982,M00576,2026-07-14,swimming pool,19:45
3983,M00562,2026-02-21,badminton,10:45
3984,M00548,2026-07-05,football,18:15
3985,M00398,2026-06-05,basketball,06:15
3986,M00553,2026-04-21,football,09:45
3987,M00542,2026-06-24,basketball,08:30
3988,M00032,2026-04-05,football,19:15
3989,M00372,2026-04-27,gym,20:45
3990,M00024,2026-06-27,football,13:15
3991,M00023,2026-08-30,gym,10:45
3992,M00368,2026-04-27,football,11:45
3993,M00016,2026-03-19,gym,06:30
3994,M00143,2026-08-29,gym,20:30
3995,M00344,2026-05-11,badminton,09:45
3996,M00499,2026-04-27,badminton,08:15
3997,M00500,2026-03-17,basketball,11:00
3998,M00099,2026-05-19,football,10:30
3999,M00095,2026-06-05,football,18:15
4000,M00447,2026-03-10,swimming pool,11:15
4001,M00489,2026-03-27,football,08:45
4002,M00055,2026-07-27,badminton,17:30
4003,M00136,2026-01-27,football,17:30
4004,M00382,2026-05-05,gym,16:45
4005,M00518,2026-02-02,gym,10:15
4006,M00376,2026-05-08,gym,06:00
4007,M00065,2026-06-11,basketball,13:30
4008,M00420,2026-03-12,gym,20:15
4009,M00217,2026-07-31,swimming pool,14:45
4010,M00182,2026-05-09,swimming pool,16:30
4011,M00006,2026-01-15,gym,21:15
4012,M00165,2026-06-26,badminton,20:15
4013,M00093,2026-02-04,basketball,08:45
4014,M00556,2026-08-25,badminton,06:45
4015,M00068,2026-01-16,badminton,07:00
4016,M00119,2026-05-28,badminton,06:15
4017,M00475,2026-08-15,gym,08:30
4018,M00191,2026-04-20,gym,07:30
4019,M00233,2026-08-31,basketball,07:15
4020,M00205,2026-01-12,gym,20:00
4021,M00441,2026-06-01,badminton,06:00
4022,M00496,2026-03-07,gym,15:30
4023,M00301,2026-02-28,swimming pool,20:45
4024,M00569,2026-05-27,swimming pool,19:30
4025,M00135,2026-06-02,badminton,14:45
4026,M00119,2026-04-16,gym,10:45
4027,M00208,2026-07-26,badminton,08:15
4028,M00073,2026-01-10,badminton,16:00
4029,M00158,2026-04-01,football,18:15
4030,M00188,2026-01-18,basketball,15:15
4031,M00369,2026-04-23,badminton,13:30
4032,M00156,2026-04-18,football,07:45
4033,M00280,2026-05-20,basketball,07:45
4034,M00459,2026-02-19,football,13:30
4035,M00307,2026-08-27,football,12:30
4036,M00182,2026-03-23,swimming pool,18:30
4037,M00416,2026-08-23,swimming pool,07:30
4038,M00343,2026-01-14,basketball,20:30
4039,M00052,2026-04-11,badminton,20:30
4040,M00361,2026-01-21,badminton,18:15
4041,M00211,2026-05-25,swimming pool,06:00
4042,M00554,2026-08-28,badminton,16:00
4043,M00044,2026-05-07,badminton,06:00
4044,M00240,2026-01-26,gym,09:45
4045,M00520,2026-08-29,basketball,09:00
4046,M00146,2026-03-26,badminton,20:45
4047,M00056,2026-06-25,swimming pool,11:00
4048,M00416,2026-07-03,football,17:15
4049,M00323,2026-07-29,badminton,08:15
4050,M00001,2026-08-17,gym,10:15
4051,M00449,2026-08-19,badminton,17:00
4052,M00011,2026-02-10,basketball,07:00
4053,M00328,2026-01-29,badminton,12:15
4054,M00356,2026-07-24,football,14:45
4055,M00348,2026-01-09,basketball,15:00
4056,M00505,2026-01-26,basketball,12:15
4057,M00475,2026-06-02,football,07:30
4058,M00375,2026-06-14,gym,13:00
4059,M00050,2026-01-03,basketball,15:15
4060,M00312,2026-07-17,gym,12:00
4061,M00004,2026-03-13,badminton,10:00
4062,M00220,2026-04-20,gym,15:00
4063,M00074,2026-05-19,badminton,09:15
4064,M00345,2026-08-14,football,11:30
4065,M00355,2026-07-14,swimming pool,17:30
4066,M00151,2026-01-12,badminton,18:00
4067,M00035,2026-01-16,basketball,21:00
4068,M00020,2026-04-12,football,19:00
4069,M00076,2026-05-20,basketball,20:45
4070,M00270,2026-01-12,swimming pool,21:30
4071,M00129,2026-07-03,swimming pool,12:30
4072,M00315,2026-05-29,badminton,13:00
4073,M00003,2026-04-11,basketball,20:45
4074,M00161,2026-03-27,badminton,06:15
4075,M00165,2026-06-12,badminton,06:00
4076,M00506,2026-02-24,basketball,16:30
4077,M00134,2026-08-19,basketball,11:30
4078,M00109,2026-04-28,football,14:15
4079,M00597,2026-01-16,swimming pool,10:15
4080,M00227,2026-03-20,badminton,09:00
4081,M00016,2026-07-08,gym,07:45
4082,M00048,2026-04-02,swimming pool,06:45
4083,M00523,2026-03-06,swimming pool,06:15
4084,M00120,2026-01-23,basketball,18:45
4085,M00226,2026-07-23,swimming pool,06:30
4086,M00343,2026-08-25,basketball,16:45
4087,M00332,2026-08-08,football,11:00
4088,M00176,2026-06-01,football,19:30
4089,M00172,2026-04-12,gym,13:15
4090,M00430,2026-06-21,swimming pool,06:15
4091,M00469,2026-04-05,badminton,11:00
4092,M00262,2026-04-29,basketball,06:15
4093,M00002,2026-08-21,basketball,09:00
4094,M00353,2026-08-04,swimming pool,13:00
4095,M00186,2026-02-18,basketball,11:00
4096,M00176,2026-01-18,badminton,09:45
4097,M00005,2026-06-25,badminton,09:45
4098,M00109,2026-07-17,gym,19:15
4099,M00549,2026-04-06,badminton,08:30
4100,M00583,2026-07-11,basketball,21:15
4101,M00097,2026-04-08,football,07:00
4102,M00348,2026-08-23,swimming pool,21:15
4103,M00069,2026-05-21,basketball,10:45
4104,M00177,2026-07-25,football,14:30
4105,M00319,2026-08-10,gym,09:15
4106,M00173,2026-07-04,basketball,11:00
4107,M00056,2026-02-15,football,12:30
4108,M00550,2026-02-02,swimming pool,10:15
4109,M00061,2026-03-06,gym,14:30
4110,M00499,2026-03-13,swimming pool,10:00
4111,M00068,2026-04-18,badminton,12:00
4112,M00130,2026-07-08,gym,10:00
4113,M00213,2026-01-13,badminton,10:15
4114,M00135,2026-02-03,basketball,21:30
4115,M00131,2026-06-28,gym,13:30
4116,M00199,2026-01-11,swimming pool,08:45
4117,M00344,2026-08-15,gym,19:30
4118,M00406,2026-02-20,gym,07:30
4119,M00237,2026-08-28,basketball,20:45
4120,M00365,2026-04-12,football,09:15
4121,M00136,2026-07-16,gym,06:15
4122,M00092,2026-04-17,gym,21:30
4123,M00388,2026-08-10,football,07:15
4124,M00597,2026-07-11,football,12:00
4125,M00030,2026-03-09,swimming pool,14:00
4126,M00397,2026-04-11,swimming pool,10:00
4127,M00208,2026-08-29,gym,19:45
4128,M00015,2026-05-09,gym,17:45
4129,M00571,2026-08-15,badminton,19:45
4130,M00472,2026-07-12,gym,18:15
4131,M00404,2026-08-27,swimming pool,08:45
4132,M00371,2026-04-03,gym,15:30
4133,M00261,2026-03-18,gym,20:45
4134,M00401,2026-02-20,badminton,12:15
4135,M00582,2026-04-17,badminton,06:30
4136,M00386,2026-02-12,basketball,12:15
4137,M00173,2026-04-09,swimming pool,19:00
4138,M00091,2026-03-17,swimming pool,14:15
4139,M00421,2026-06-20,swimming pool,16:30
4140,M00273,2026-06-22,swimming pool,09:00
4141,M00547,2026-07-08,basketball,09:45
4142,M00152,2026-06-13,swimming pool,15:00
4143,M00585,2026-06-24,basketball,14:15
4144,M00206,2026-05-24,badminton,13:15
4145,M00289,2026-08-31,basketball,11:30
4146,M00059,2026-04-04,football,13:15
4147,M00252,2026-03-08,swimming pool,07:15
4148,M00080,2026-01-21,badminton,21:45
4149,M00029,2026-04-06,badminton,17:45
4150,M00400,2026-08-23,football,14:45
4151,M00339,2026-07-23,basketball,18:30
4152,M00344,2026-08-31,swimming pool,17:15
4153,M00448,2026-04-05,football,21:30
4154,M00403,2026-04-09,football,18:00
4155,M00442,2026-02-23,badminton,10:00
4156,M00182,2026-03-29,badminton,17:00
4157,M00549,2026-06-28,gym,16:30
4158,M00521,2026-01-23,badminton,11:45
4159,M00147,2026-03-24,badminton,18:45
4160,M00310,2026-08-05,basketball,11:00
4161,M00246,2026-01-04,basketball,14:15
4162,M00246,2026-04-05,football,09:30
4163,M00186,2026-04-09,gym,15:00
4164,M00272,2026-06-16,football,12:15
4165,M00162,2026-08-29,basketball,09:30
4166,M00325,2026-08-15,badminton,12:00
4167,M00464,2026-05-26,basketball,13:45
4168,M00232,2026-01-27,gym,06:00
4169,M00508,2026-08-29,football,17:15
4170,M00146,2026-08-27,gym,08:30
4171,M00563,2026-04-25,gym,14:30
4172,M00161,2026-02-23,badminton,14:15
4173,M00444,2026-08-16,football,20:30
4174,M00274,2026-08-05,basketball,07:00
4175,M00510,2026-02-19,swimming pool,06:45
4176,M00350,2026-08-13,swimming pool,13:45
4177,M00474,2026-04-26,swimming pool,19:45
4178,M00332,2026-04-15,swimming pool,12:45
4179,M00004,2026-01-29,badminton,07:00
4180,M00366,2026-07-28,swimming pool,20:00
4181,M00026,2026-08-26,badminton,16:00
4182,M00038,2026-01-07,swimming pool,21:15
4183,M00132,2026-01-17,badminton,11:30
4184,M00475,2026-06-19,swimming pool,09:45
4185,M00028,2026-06-04,badminton,13:00
4186,M00223,2026-07-15,basketball,08:45
4187,M00169,2026-08-21,gym,12:00
4188,M00203,2026-04-07,football,17:30
4189,M00158,2026-05-13,basketball,11:00
4190,M00191,2026-05-28,basketball,13:30
4191,M00131,2026-07-04,badminton,17:15
4192,M00241,2026-02-07,swimming pool,10:45
4193,M00233,2026-06-29,football,12:15
4194,M00002,2026-03-15,badminton,21:15
4195,M00363,2026-02-27,swimming pool,13:45
4196,M00438,2026-01-23,football,17:00
4197,M00481,2026-04-12,gym,07:45
4198,M00047,2026-05-11,swimming pool,18:45
4199,M00124,2026-07-15,football,11:15
4200,M00391,2026-01-10,gym,06:45
4201,M00128,2026-02-09,basketball,09:30
4202,M00567,2026-02-26,football,11:00
4203,M00505,2026-06-20,basketball,14:30
4204,M00413,2026-05-03,swimming pool,16:45
4205,M00269,2026-02-03,swimming pool,12:15
4206,M00157,2026-02-06,swimming pool,06:00
4207,M00300,2026-03-06,swimming pool,17:15
4208,M00189,2026-02-15,badminton,18:00
4209,M00387,2026-02-16,football,16:15
4210,M00381,2026-06-17,gym,18:15
4211,M00491,2026-08-10,swimming pool,08:00
4212,M00545,2026-01-15,badminton,18:45
4213,M00283,2026-01-27,swimming pool,06:45
4214,M00323,2026-02-28,football,15:00
4215,M00576,2026-03-24,swimming pool,06:00
4216,M00226,2026-07-18,basketball,11:45
4217,M00059,2026-05-11,badminton,18:15
4218,M00585,2026-08-01,basketball,17:45
4219,M00065,2026-03-22,badminton,21:00
4220,M00371,2026-03-23,badminton,08:15
4221,M00069,2026-04-05,gym,19:30
4222,M00074,2026-01-20,football,16:30
4223,M00439,2026-03-11,gym,08:45
4224,M00217,2026-06-01,badminton,20:45
4225,M00367,2026-07-26,swimming pool,07:45
4226,M00001,2026-07-27,swimming pool,06:30
4227,M00173,2026-04-22,swimming pool,06:00
4228,M00509,2026-01-25,swimming pool,08:15
4229,M00315,2026-01-19,swimming pool,13:45
4230,M00414,2026-04-29,football,20:45
4231,M00038,2026-05-25,football,21:15
4232,M00076,2026-02-12,basketball,21:45
4233,M00237,2026-01-21,football,11:15
4234,M00449,2026-06-16,basketball,06:45
4235,M00348,2026-06-28,football,21:45
4236,M00361,2026-03-02,swimming pool,15:15
4237,M00119,2026-06-04,gym,18:30
4238,M00317,2026-02-18,gym,16:15
4239,M00239,2026-02-01,swimming pool,07:15
4240,M00124,2026-05-31,gym,17:00
4241,M00358,2026-05-05,basketball,14:30
4242,M00577,2026-06-13,basketball,15:45
4243,M00008,2026-07-02,gym,06:15
4244,M00431,2026-05-24,basketball,18:30
4245,M00317,2026-05-20,basketball,21:45
4246,M00305,2026-05-27,basketball,20:30
4247,M00092,2026-04-18,swimming pool,18:30
4248,M00437,2026-06-26,gym,14:30
4249,M00034,2026-01-06,basketball,13:30
4250,M00323,2026-06-28,swimming pool,21:15
4251,M00039,2026-05-31,basketball,14:45
4252,M00191,2026-04-29,basketball,08:00
4253,M00580,2026-06-16,badminton,10:45
4254,M00229,2026-03-24,swimming pool,07:30
4255,M00478,2026-07-04,gym,11:30
4256,M00359,2026-01-29,swimming pool,11:45
4257,M00424,2026-06-22,swimming pool,19:30
4258,M00241,2026-01-21,badminton,15:30
4259,M00403,2026-03-31,badminton,19:45
4260,M00254,2026-03-18,badminton,14:30
4261,M00227,2026-03-20,badminton,08:30
4262,M00125,2026-04-12,football,13:15
4263,M00265,2026-03-12,football,20:30
4264,M00232,2026-05-28,badminton,19:30
4265,M00018,2026-05-15,football,11:15
4266,M00230,2026-01-13,football,16:45
4267,M00132,2026-06-04,basketball,12:30
4268,M00103,2026-03-05,swimming pool,09:00
4269,M00585,2026-04-25,swimming pool,07:15
4270,M00118,2026-08-09,basketball,07:45
4271,M00335,2026-03-19,football,17:15
4272,M00294,2026-06-11,basketball,17:30
4273,M00484,2026-07-24,football,10:15
4274,M00039,2026-03-04,gym,07:30
4275,M00285,2026-05-26,basketball,15:45
4276,M00066,2026-02-07,football,13:00
4277,M00029,2026-02-06,badminton,09:15
4278,M00118,2026-02-22,basketball,16:45
4279,M00365,2026-05-16,football,18:15
4280,M00339,2026-05-30,badminton,21:00
4281,M00569,2026-08-29,basketball,08:15
4282,M00071,2026-03-08,badminton,15:15
4283,M00266,2026-06-28,badminton,18:45
4284,M00227,2026-01-22,gym,13:30
4285,M00050,2026-08-15,swimming pool,15:15
4286,M00196,2026-08-01,basketball,11:15
4287,M00035,2026-08-08,swimming pool,12:30
4288,M00469,2026-03-16,swimming pool,14:45
4289,M00213,2026-06-17,gym,06:30
4290,M00238,2026-06-19,basketball,19:45
4291,M00554,2026-08-01,gym,07:30
4292,M00145,2026-05-26,badminton,18:00
4293,M00157,2026-08-15,gym,21:45
4294,M00293,2026-01-17,basketball,14:15
4295,M00039,2026-03-19,swimming pool,16:00
4296,M00159,2026-02-28,football,17:00
4297,M00168,2026-02-11,football,14:45
4298,M00401,2026-03-28,swimming pool,20:30
4299,M00164,2026-02-20,swimming pool,10:15
4300,M00240,2026-01-03,swimming pool,06:15
4301,M00339,2026-04-13,football,09:15
4302,M00210,2026-08-13,gym,13:00
4303,M00225,2026-02-20,badminton,19:45
4304,M00452,2026-01-18,gym,19:45
4305,M00374,2026-08-27,gym,20:45
4306,M00146,2026-07-18,basketball,17:30
4307,M00256,2026-08-19,gym,11:30
4308,M00380,2026-02-23,gym,08:15
4309,M00237,2026-07-08,football,14:45
4310,M00175,2026-03-02,gym,12:30
4311,M00135,2026-01-12,swimming pool,15:45
4312,M00070,2026-08-31,football,06:00
4313,M00466,2026-07-03,swimming pool,11:15
4314,M00300,2026-01-14,badminton,07:45
4315,M00424,2026-08-23,badminton,20:00
4316,M00488,2026-06-14,basketball,16:30
4317,M00424,2026-01-28,football,11:30
4318,M00052,2026-04-09,badminton,13:45
4319,M00158,2026-07-21,basketball,10:30
4320,M00518,2026-08-12,gym,11:15
4321,M00325,2026-06-03,gym,16:45
4322,M00404,2026-07-14,football,15:30
4323,M00520,2026-07-05,swimming pool,13:45
4324,M00256,2026-06-10,swimming pool,20:00
4325,M00191,2026-01-26,swimming pool,08:00
4326,M00049,2026-01-31,football,20:00
4327,M00242,2026-06-28,badminton,19:00
4328,M00076,2026-04-27,gym,21:30
4329,M00037,2026-07-24,swimming pool,10:30
4330,M00107,2026-05-31,football,14:30
4331,M00183,2026-06-03,badminton,09:45
4332,M00105,2026-02-14,swimming pool,10:45
4333,M00398,2026-07-11,badminton,13:15
4334,M00571,2026-04-27,swimming pool,11:00
4335,M00370,2026-08-08,badminton,10:15
4336,M00116,2026-04-07,swimming pool,18:30
4337,M00267,2026-06-01,basketball,12:15
4338,M00002,2026-06-27,football,12:15
4339,M00297,2026-03-17,badminton,20:00
4340,M00313,2026-05-09,football,21:30
4341,M00013,2026-03-11,basketball,06:15
4342,M00011,2026-08-09,badminton,18:30
4343,M00074,2026-06-06,badminton,12:45
4344,M00509,2026-03-07,football,11:45
4345,M00438,2026-06-12,swimming pool,11:30
4346,M00425,2026-03-01,badminton,11:45
4347,M00510,2026-05-02,badminton,11:15
4348,M00368,2026-05-26,swimming pool,06:45
4349,M00083,2026-08-15,basketball,17:00
4350,M00146,2026-07-27,football,10:00
4351,M00378,2026-05-27,swimming pool,10:30
4352,M00120,2026-01-19,badminton,19:15
4353,M00044,2026-02-08,football,16:30
4354,M00596,2026-04-13,swimming pool,19:15
4355,M00475,2026-06-21,swimming pool,19:15
4356,M00304,2026-06-20,swimming pool,07:45
4357,M00387,2026-01-20,badminton,14:00
4358,M00565,2026-03-28,gym,12:15
4359,M00110,2026-02-27,football,07:00
4360,M00280,2026-05-27,football,13:15
4361,M00066,2026-07-29,gym,11:15
4362,M00097,2026-08-01,swimming pool,08:30
4363,M00304,2026-05-11,gym,17:15
4364,M00446,2026-05-20,basketball,21:45
4365,M00306,2026-08-17,gym,09:00
4366,M00544,2026-03-25,badminton,07:45
4367,M00317,2026-03-20,swimming pool,06:00
4368,M00398,2026-02-15,football,21:45
4369,M00538,2026-05-03,swimming pool,16:30
4370,M00398,2026-06-13,basketball,15:45
4371,M00319,2026-07-18,gym,19:15
4372,M00223,2026-03-17,swimming pool,09:15
4373,M00447,2026-07-27,swimming pool,11:00
4374,M00198,2026-02-16,gym,15:00
4375,M00047,2026-03-14,swimming pool,14:15
4376,M00116,2026-03-14,basketball,09:00
4377,M00483,2026-08-09,football,20:15
4378,M00417,2026-05-31,football,14:00
4379,M00165,2026-05-12,swimming pool,09:00
4380,M00059,2026-02-26,basketball,19:45
4381,M00022,2026-07-08,swimming pool,06:00
4382,M00006,2026-03-31,swimming pool,11:30
4383,M00199,2026-05-20,basketball,12:00
4384,M00004,2026-03-24,gym,16:15
4385,M00277,2026-03-04,football,13:00
4386,M00364,2026-05-22,swimming pool,19:15
4387,M00579,2026-07-16,football,07:00
4388,M00462,2026-04-12,football,19:15
4389,M00469,2026-07-13,basketball,13:15
4390,M00182,2026-08-05,football,12:45
4391,M00209,2026-02-24,basketball,19:00
4392,M00518,2026-03-28,gym,18:15
4393,M00408,2026-04-27,gym,13:45
4394,M00566,2026-03-20,gym,06:00
4395,M00195,2026-02-09,football,11:15
4396,M00232,2026-07-03,football,10:00
4397,M00554,2026-08-06,football,13:30
4398,M00192,2026-04-29,football,08:45
4399,M00334,2026-07-01,gym,18:45
4400,M00505,2026-04-09,gym,07:45
4401,M00380,2026-07-31,football,11:00
4402,M00552,2026-05-14,gym,14:15
4403,M00077,2026-06-09,swimming pool,20:45
4404,M00420,2026-01-30,basketball,09:30
4405,M00430,2026-05-29,football,13:30
4406,M00359,2026-06-19,basketball,11:00
4407,M00155,2026-06-29,basketball,18:30
4408,M00409,2026-05-17,basketball,11:30
4409,M00589,2026-08-01,gym,10:30
4410,M00459,2026-02-22,badminton,11:30
4411,M00334,2026-02-27,football,14:45
4412,M00010,2026-07-15,basketball,15:15
4413,M00594,2026-08-09,football,06:45
4414,M00275,2026-06-10,basketball,10:45
4415,M00434,2026-06-01,badminton,08:45
4416,M00588,2026-06-08,basketball,21:00
4417,M00576,2026-01-01,football,20:30
4418,M00510,2026-03-07,football,17:30
4419,M00416,2026-03-12,gym,12:30
4420,M00116,2026-04-16,basketball,13:30
4421,M00470,2026-05-13,badminton,12:45
4422,M00596,2026-05-18,football,09:45
4423,M00300,2026-07-18,football,06:30
4424,M00297,2026-03-22,gym,11:45
4425,M00011,2026-03-25,swimming pool,09:00
4426,M00168,2026-04-13,swimming pool,20:00
4427,M00407,2026-04-13,badminton,07:00
4428,M00558,2026-02-15,badminton,14:30
4429,M00533,2026-01-27,swimming pool,06:15
4430,M00043,2026-03-26,basketball,15:15
4431,M00486,2026-03-09,gym,17:45
4432,M00243,2026-01-04,swimming pool,20:30
4433,M00014,2026-01-13,gym,12:00
4434,M00354,2026-07-04,basketball,18:00
4435,M00365,2026-06-15,swimming pool,06:30
4436,M00397,2026-03-16,gym,14:15
4437,M00449,2026-05-19,badminton,19:45
4438,M00584,2026-01-14,football,21:00
4439,M00122,2026-05-16,basketball,11:45
4440,M00036,2026-01-08,gym,12:45
4441,M00382,2026-08-16,gym,07:15
4442,M00278,2026-08-24,badminton,15:30
4443,M00135,2026-06-03,football,07:45
4444,M00496,2026-03-12,badminton,19:45
4445,M00384,2026-02-12,badminton,07:45
4446,M00146,2026-07-21,swimming pool,09:30
4447,M00353,2026-06-06,football,19:45
4448,M00141,2026-03-22,basketball,11:15
4449,M00186,2026-02-01,football,06:30
4450,M00242,2026-02-25,badminton,20:00
4451,M00265,2026-05-08,badminton,21:45
4452,M00311,2026-05-19,badminton,16:30
4453,M00229,2026-06-03,basketball,16:15
4454,M00099,2026-08-06,swimming pool,13:30
4455,M00007,2026-05-06,gym,10:30
4456,M00342,2026-07-06,badminton,12:00
4457,M00171,2026-06-29,football,07:00
4458,M00256,2026-04-11,swimming pool,11:00
4459,M00070,2026-08-26,basketball,13:15
4460,M00475,2026-05-07,swimming pool,19:30
4461,M00549,2026-06-14,football,13:30
4462,M00570,2026-03-24,badminton,16:15
4463,M00186,2026-05-30,badminton,11:30
4464,M00144,2026-07-02,badminton,09:45
4465,M00119,2026-05-09,badminton,21:30
4466,M00087,2026-04-25,gym,07:30
4467,M00054,2026-05-16,gym,17:30
4468,M00095,2026-03-08,basketball,20:30
4469,M00276,2026-05-01,swimming pool,17:15
4470,M00366,2026-07-17,swimming pool,15:45
4471,M00542,2026-07-07,badminton,09:45
4472,M00122,2026-04-02,football,15:45
4473,M00205,2026-03-08,badminton,12:00
4474,M00342,2026-03-01,basketball,06:15
4475,M00200,2026-02-01,football,12:45
4476,M00086,2026-08-12,gym,12:15
4477,M00534,2026-08-24,football,11:45
4478,M00039,2026-05-12,basketball,11:00
4479,M00362,2026-07-23,swimming pool,21:45
4480,M00202,2026-01-03,badminton,19:15
4481,M00324,2026-06-25,gym,16:15
4482,M00126,2026-04-24,badminton,19:30
4483,M00218,2026-08-26,badminton,13:45
4484,M00525,2026-01-13,gym,09:30
4485,M00436,2026-06-25,basketball,12:30
4486,M00286,2026-08-11,basketball,21:00
4487,M00491,2026-04-24,basketball,11:45
4488,M00067,2026-03-21,swimming pool,12:45
4489,M00140,2026-05-31,football,14:45
4490,M00441,2026-03-09,badminton,07:00
4491,M00038,2026-01-29,gym,16:45
4492,M00234,2026-05-28,gym,13:30
4493,M00168,2026-01-25,gym,19:30
4494,M00295,2026-02-13,badminton,18:30
4495,M00527,2026-07-18,football,15:45
4496,M00597,2026-04-05,basketball,11:30
4497,M00503,2026-03-26,football,17:15
4498,M00531,2026-07-09,gym,07:15
4499,M00147,2026-01-19,basketball,20:00
4500,M00141,2026-03-18,football,12:45
4501,M00084,2026-04-29,gym,16:30
4502,M00269,2026-08-25,badminton,09:30
4503,M00212,2026-04-19,basketball,11:45
4504,M00536,2026-01-27,gym,11:15
4505,M00031,2026-02-23,football,16:45
4506,M00550,2026-01-30,gym,13:45
4507,M00552,2026-01-21,badminton,16:00
4508,M00024,2026-07-08,football,11:00
4509,M00456,2026-04-30,football,07:30
4510,M00324,2026-02-07,football,19:45
4511,M00600,2026-02-23,swimming pool,17:00
4512,M00321,2026-07-10,football,06:45
4513,M00013,2026-07-16,badminton,12:15
4514,M00405,2026-01-06,gym,09:15
4515,M00599,2026-01-21,gym,13:15
4516,M00588,2026-05-02,badminton,10:30
4517,M00358,2026-02-01,swimming pool,19:00
4518,M00588,2026-01-16,football,16:00
4519,M00515,2026-07-03,gym,07:30
4520,M00336,2026-01-16,swimming pool,15:15
4521,M00473,2026-02-22,basketball,08:30
4522,M00544,2026-05-08,swimming pool,18:45
4523,M00144,2026-08-23,basketball,08:15
4524,M00358,2026-05-11,football,18:15
4525,M00215,2026-04-01,swimming pool,07:00
4526,M00342,2026-05-20,badminton,19:00
4527,M00376,2026-06-12,badminton,20:15
4528,M00089,2026-06-16,badminton,18:45
4529,M00246,2026-05-30,basketball,11:30
4530,M00356,2026-07-22,gym,09:45
4531,M00298,2026-03-05,basketball,07:15
4532,M00521,2026-08-22,swimming pool,21:45
4533,M00187,2026-04-27,gym,11:45
4534,M00388,2026-04-15,gym,16:15
4535,M00303,2026-02-15,football,08:45
4536,M00262,2026-03-07,gym,19:00
4537,M00036,2026-08-17,gym,20:30
4538,M00210,2026-03-27,football,15:45
4539,M00272,2026-01-11,badminton,09:00
4540,M00194,2026-06-21,football,06:15
4541,M00503,2026-02-24,gym,14:15
4542,M00499,2026-04-18,swimming pool,19:15
4543,M00522,2026-08-12,gym,14:30
4544,M00278,2026-04-27,gym,13:30
4545,M00217,2026-08-26,gym,19:00
4546,M00429,2026-05-07,basketball,14:00
4547,M00584,2026-02-14,swimming pool,14:45
4548,M00277,2026-08-12,badminton,17:00
4549,M00243,2026-08-01,badminton,20:15
4550,M00503,2026-02-01,basketball,14:15
4551,M00022,2026-06-14,basketball,09:00
4552,M00393,2026-08-03,badminton,07:15
4553,M00313,2026-08-31,swimming pool,08:45
4554,M00211,2026-05-21,basketball,20:30
4555,M00525,2026-02-26,swimming pool,12:45
4556,M00291,2026-07-14,basketball,20:00
4557,M00258,2026-01-25,swimming pool,06:00
4558,M00116,2026-08-30,badminton,12:45
4559,M00024,2026-02-17,football,10:45
4560,M00137,2026-03-31,badminton,11:00
4561,M00269,2026-01-18,swimming pool,13:00
4562,M00036,2026-07-05,badminton,20:45
4563,M00138,2026-01-02,badminton,14:00
4564,M00021,2026-01-15,basketball,14:00
4565,M00579,2026-02-25,swimming pool,14:30
4566,M00246,2026-08-04,football,08:00
4567,M00495,2026-07-02,football,15:00
4568,M00148,2026-02-06,badminton,20:00
4569,M00572,2026-05-02,swimming pool,18:30
4570,M00589,2026-04-15,swimming pool,11:15
4571,M00383,2026-01-21,basketball,15:15
4572,M00190,2026-03-16,gym,14:15
4573,M00177,2026-04-18,gym,09:00
4574,M00037,2026-02-19,badminton,18:45
4575,M00102,2026-06-26,basketball,12:00
4576,M00487,2026-01-04,swimming pool,18:45
4577,M00174,2026-01-15,swimming pool,07:00
4578,M00344,2026-07-19,swimming pool,18:45
4579,M00139,2026-01-18,football,17:15
4580,M00420,2026-05-20,football,06:00
4581,M00348,2026-04-30,basketball,16:00
4582,M00062,2026-01-25,basketball,13:15
4583,M00342,2026-07-24,football,06:00
4584,M00473,2026-02-25,football,20:00
4585,M00195,2026-07-12,gym,20:15
4586,M00165,2026-01-24,gym,12:45
4587,M00580,2026-01-11,football,21:00
4588,M00400,2026-05-07,swimming pool,11:00
4589,M00026,2026-07-25,badminton,16:30
4590,M00418,2026-07-22,gym,21:00
4591,M00584,2026-02-12,football,08:45
4592,M00007,2026-04-27,badminton,15:15
4593,M00417,2026-01-14,swimming pool,13:30
4594,M00301,2026-08-08,swimming pool,11:30
4595,M00148,2026-01-24,basketball,06:15
4596,M00351,2026-02-16,swimming pool,14:00
4597,M00146,2026-07-07,gym,14:30
4598,M00457,2026-07-24,basketball,11:45
4599,M00024,2026-02-23,swimming pool,19:30
4600,M00324,2026-01-25,swimming pool,10:45
4601,M00419,2026-01-21,basketball,15:00
4602,M00138,2026-03-11,badminton,17:30
4603,M00115,2026-04-08,gym,10:00
4604,M00109,2026-05-28,gym,16:00
4605,M00175,2026-07-26,basketball,18:30
4606,M00549,2026-08-15,basketball,14:45
4607,M00570,2026-04-20,football,19:15
4608,M00220,2026-04-29,basketball,07:00
4609,M00513,2026-05-15,badminton,15:45
4610,M00266,2026-01-07,football,13:45
4611,M00571,2026-01-23,football,09:00
4612,M00503,2026-03-16,football,10:00
4613,M00448,2026-03-18,gym,07:45
4614,M00585,2026-07-08,football,12:45
4615,M00131,2026-08-02,swimming pool,16:15
4616,M00286,2026-05-19,badminton,19:30
4617,M00460,2026-08-30,gym,11:00
4618,M00230,2026-05-27,football,19:30
4619,M00281,2026-04-21,swimming pool,10:00
4620,M00173,2026-01-17,swimming pool,12:45
4621,M00152,2026-08-10,gym,17:30
4622,M00002,2026-08-13,swimming pool,12:00
4623,M00063,2026-01-06,gym,18:15
4624,M00299,2026-07-10,basketball,20:15
4625,M00114,2026-06-06,gym,06:00
4626,M00125,2026-03-06,gym,18:00
4627,M00024,2026-05-29,gym,18:15
4628,M00241,2026-02-05,basketball,12:45
4629,M00596,2026-06-22,football,20:00
4630,M00398,2026-01-03,football,16:30
4631,M00557,2026-08-04,gym,19:45
4632,M00265,2026-04-10,swimming pool,07:00
4633,M00024,2026-08-24,football,14:15
4634,M00256,2026-04-22,gym,09:15
4635,M00457,2026-01-22,gym,08:30
4636,M00095,2026-06-19,football,17:30
4637,M00338,2026-05-09,swimming pool,15:15
4638,M00019,2026-02-18,badminton,06:00
4639,M00372,2026-02-22,badminton,13:30
4640,M00423,2026-04-16,gym,20:30
4641,M00385,2026-08-30,football,14:30
4642,M00596,2026-08-16,badminton,18:45
4643,M00453,2026-02-07,gym,09:00
4644,M00564,2026-02-05,badminton,06:15
4645,M00553,2026-08-22,gym,10:15
4646,M00228,2026-05-12,basketball,15:00
4647,M00153,2026-08-17,basketball,10:00
4648,M00544,2026-03-30,football,08:45
4649,M00269,2026-06-26,badminton,10:45
4650,M00233,2026-07-22,badminton,12:45
4651,M00320,2026-02-10,swimming pool,17:45
4652,M00018,2026-01-03,badminton,08:15
4653,M00097,2026-07-17,football,10:30
4654,M00110,2026-05-21,gym,19:00
4655,M00181,2026-07-21,badminton,17:00
4656,M00294,2026-06-20,basketball,09:00
4657,M00063,2026-04-29,football,11:15
4658,M00057,2026-03-09,basketball,19:00
4659,M00056,2026-01-22,swimming pool,13:15
4660,M00470,2026-01-23,gym,08:15
4661,M00206,2026-08-20,swimming pool,19:00
4662,M00360,2026-01-23,swimming pool,06:30
4663,M00546,2026-07-03,badminton,06:45
4664,M00440,2026-04-22,badminton,13:30
4665,M00320,2026-04-08,gym,15:15
4666,M00148,2026-04-23,basketball,13:30
4667,M00393,2026-07-31,gym,09:00
4668,M00341,2026-03-02,gym,17:45
4669,M00210,2026-07-07,badminton,21:15
4670,M00266,2026-03-02,badminton,19:00
4671,M00503,2026-04-15,football,11:15
4672,M00326,2026-07-13,gym,10:45
4673,M00188,2026-04-11,basketball,06:45
4674,M00429,2026-06-30,basketball,17:45
4675,M00157,2026-08-08,swimming pool,14:00
4676,M00453,2026-08-15,basketball,20:30
4677,M00301,2026-05-02,basketball,08:15
4678,M00593,2026-01-16,swimming pool,17:00
4679,M00038,2026-04-16,gym,15:45
4680,M00309,2026-02-07,swimming pool,13:30
4681,M00279,2026-07-27,swimming pool,15:00
4682,M00315,2026-07-05,basketball,18:15
4683,M00114,2026-02-08,gym,16:45
4684,M00259,2026-06-04,badminton,11:30
4685,M00263,2026-05-28,swimming pool,06:45
4686,M00284,2026-07-25,badminton,08:00
4687,M00104,2026-06-21,football,21:15
4688,M00560,2026-05-21,gym,10:45
4689,M00256,2026-01-01,basketball,13:30
4690,M00231,2026-03-28,football,15:15
4691,M00067,2026-05-16,football,14:45
4692,M00550,2026-01-06,basketball,18:30
4693,M00019,2026-03-30,gym,09:00
4694,M00187,2026-01-24,swimming pool,17:30
4695,M00201,2026-06-18,badminton,08:15
4696,M00254,2026-08-09,gym,09:45
4697,M00053,2026-03-21,football,19:00
4698,M00246,2026-05-08,swimming pool,09:45
4699,M00055,2026-01-15,swimming pool,11:00
4700,M00207,2026-01-27,football,20:00
4701,M00083,2026-01-23,badminton,07:00
4702,M00215,2026-03-18,basketball,09:15
4703,M00110,2026-07-12,basketball,09:45
4704,M00569,2026-04-17,gym,09:45
4705,M00160,2026-07-14,badminton,07:30
4706,M00101,2026-05-29,badminton,20:30
4707,M00374,2026-08-24,gym,09:00
4708,M00211,2026-04-23,badminton,13:30
4709,M00543,2026-02-12,gym,06:45
4710,M00171,2026-05-23,football,20:00
4711,M00483,2026-02-05,basketball,07:15
4712,M00480,2026-01-29,basketball,09:45
4713,M00029,2026-05-22,football,09:45
4714,M00159,2026-02-03,swimming pool,18:30
4715,M00493,2026-05-06,gym,12:45
4716,M00347,2026-08-03,swimming pool,07:45
4717,M00430,2026-05-24,gym,06:15
4718,M00294,2026-05-21,gym,17:30
4719,M00477,2026-08-10,football,07:00
4720,M00174,2026-06-16,badminton,15:15
4721,M00139,2026-02-24,basketball,11:15
4722,M00125,2026-04-11,football,07:45
4723,M00392,2026-05-22,badminton,20:30
4724,M00408,2026-06-20,basketball,06:45
4725,M00454,2026-06-24,badminton,08:45
4726,M00122,2026-03-04,football,17:15
4727,M00092,2026-03-24,gym,09:45
4728,M00306,2026-07-30,swimming pool,18:00
4729,M00005,2026-05-03,gym,12:15
4730,M00373,2026-01-12,football,14:15
4731,M00289,2026-08-06,swimming pool,09:15
4732,M00592,2026-02-05,badminton,15:00
4733,M00226,2026-01-07,gym,15:00
4734,M00436,2026-06-03,gym,06:30
4735,M00235,2026-01-12,swimming pool,09:30
4736,M00073,2026-04-07,basketball,17:45
4737,M00298,2026-04-14,swimming pool,13:30
4738,M00239,2026-03-21,football,08:00
4739,M00004,2026-03-25,gym,09:30
4740,M00511,2026-04-18,badminton,10:45
4741,M00518,2026-07-29,football,19:00
4742,M00328,2026-05-01,swimming pool,16:30
4743,M00114,2026-02-05,football,08:45
4744,M00505,2026-03-26,gym,10:15
4745,M00382,2026-07-15,football,21:00
4746,M00350,2026-04-03,badminton,10:45
4747,M00047,2026-07-15,football,20:15
4748,M00233,2026-07-07,basketball,06:15
4749,M00303,2026-07-21,badminton,19:30
4750,M00287,2026-04-19,basketball,20:15
4751,M00038,2026-04-02,gym,20:00
4752,M00028,2026-04-28,swimming pool,07:45
4753,M00126,2026-04-03,basketball,14:45
4754,M00545,2026-06-14,swimming pool,21:00
4755,M00222,2026-01-26,basketball,16:30
4756,M00234,2026-05-16,gym,11:45
4757,M00304,2026-07-30,gym,15:30
4758,M00471,2026-06-21,swimming pool,18:00
4759,M00166,2026-05-25,swimming pool,16:30
4760,M00404,2026-06-25,football,18:15
4761,M00462,2026-02-17,football,15:00
4762,M00460,2026-04-17,basketball,14:15
4763,M00011,2026-04-25,basketball,12:15
4764,M00490,2026-08-31,gym,12:30
4765,M00214,2026-07-06,football,18:45
4766,M00428,2026-06-27,swimming pool,17:15
4767,M00224,2026-08-17,football,19:45
4768,M00054,2026-04-15,gym,14:45
4769,M00240,2026-02-15,gym,16:30
4770,M00241,2026-03-08,gym,17:00
4771,M00538,2026-08-30,football,10:45
4772,M00205,2026-05-28,basketball,08:30
4773,M00461,2026-04-20,badminton,06:30
4774,M00197,2026-06-24,badminton,19:45
4775,M00060,2026-07-08,basketball,20:45
4776,M00348,2026-03-30,badminton,11:45
4777,M00079,2026-05-31,gym,13:30
4778,M00151,2026-08-05,swimming pool,21:15
4779,M00413,2026-07-11,swimming pool,20:15
4780,M00185,2026-01-16,swimming pool,11:15
4781,M00494,2026-01-27,gym,08:45
4782,M00380,2026-06-16,basketball,19:00
4783,M00504,2026-01-28,basketball,11:00
4784,M00302,2026-02-10,football,17:00
4785,M00296,2026-03-10,football,18:15
4786,M00034,2026-04-06,swimming pool,09:45
4787,M00593,2026-01-03,swimming pool,11:15
4788,M00031,2026-08-19,swimming pool,19:00
4789,M00098,2026-08-16,badminton,11:45
4790,M00276,2026-05-07,gym,07:45
4791,M00560,2026-01-07,gym,20:45
4792,M00020,2026-08-24,swimming pool,08:45
4793,M00199,2026-04-25,gym,16:00
4794,M00034,2026-03-16,football,12:15
4795,M00190,2026-04-16,basketball,11:30
4796,M00287,2026-04-07,football,13:00
4797,M00452,2026-02-10,football,14:45
4798,M00444,2026-03-03,football,06:15
4799,M00577,2026-01-09,basketball,16:30
4800,M00063,2026-02-10,badminton,16:00
4801,M00225,2026-07-08,football,13:15
4802,M00474,2026-06-29,swimming pool,21:15
4803,M00554,2026-08-09,gym,11:00
4804,M00397,2026-02-26,badminton,07:30
4805,M00577,2026-07-29,basketball,07:15
4806,M00441,2026-07-03,basketball,20:45
4807,M00340,2026-07-30,swimming pool,20:15
4808,M00567,2026-06-14,badminton,17:15
4809,M00501,2026-03-09,football,17:00
4810,M00464,2026-07-05,gym,19:30
4811,M00003,2026-04-18,basketball,17:45
4812,M00023,2026-02-13,gym,06:00
4813,M00579,2026-08-04,swimming pool,07:15
4814,M00191,2026-07-17,gym,17:30
4815,M00244,2026-06-08,gym,14:30
4816,M00556,2026-05-27,gym,13:15
4817,M00161,2026-03-31,swimming pool,13:15
4818,M00178,2026-01-02,swimming pool,13:30
4819,M00069,2026-01-11,swimming pool,17:30
4820,M00353,2026-08-07,gym,09:15
4821,M00346,2026-03-14,badminton,07:15
4822,M00415,2026-05-29,football,15:15
4823,M00199,2026-07-13,swimming pool,12:15
4824,M00302,2026-08-06,swimming pool,18:15
4825,M00437,2026-02-03,gym,06:30
4826,M00578,2026-07-11,football,13:00
4827,M00130,2026-08-01,badminton,14:00
4828,M00166,2026-08-14,football,07:45
4829,M00342,2026-07-12,football,18:30
4830,M00138,2026-01-15,gym,10:15
4831,M00509,2026-04-13,swimming pool,08:45
4832,M00471,2026-03-21,football,17:30
4833,M00164,2026-01-17,gym,18:15
4834,M00275,2026-06-14,gym,12:45
4835,M00351,2026-06-09,gym,10:15
4836,M00406,2026-04-25,gym,13:00
4837,M00494,2026-04-06,swimming pool,18:15
4838,M00434,2026-08-07,badminton,21:30
4839,M00155,2026-06-20,football,18:30
4840,M00393,2026-01-27,swimming pool,06:45
4841,M00124,2026-04-25,swimming pool,06:00
4842,M00585,2026-06-01,swimming pool,14:30
4843,M00141,2026-03-11,gym,12:15
4844,M00109,2026-01-17,badminton,13:30
4845,M00364,2026-01-03,badminton,09:30
4846,M00215,2026-07-04,swimming pool,09:00
4847,M00307,2026-03-02,gym,20:45
4848,M00473,2026-06-13,swimming pool,14:45
4849,M00130,2026-04-06,badminton,10:15
4850,M00096,2026-05-09,football,13:30
4851,M00330,2026-06-29,football,09:15
4852,M00008,2026-03-19,football,21:45
4853,M00043,2026-04-21,basketball,18:15
4854,M00214,2026-08-14,swimming pool,11:45
4855,M00363,2026-01-25,badminton,07:15
4856,M00349,2026-04-30,football,15:45
4857,M00282,2026-01-15,football,16:30
4858,M00540,2026-05-16,swimming pool,11:30
4859,M00448,2026-07-01,basketball,10:45
4860,M00177,2026-01-05,football,14:45
4861,M00494,2026-02-02,football,11:30
4862,M00313,2026-08-25,swimming pool,16:30
4863,M00083,2026-07-21,football,18:15
4864,M00569,2026-02-10,swimming pool,11:30
4865,M00009,2026-07-13,gym,11:30
4866,M00416,2026-02-13,badminton,20:15
4867,M00566,2026-04-16,swimming pool,14:15
4868,M00014,2026-01-24,swimming pool,11:15
4869,M00281,2026-01-23,badminton,11:00
4870,M00014,2026-06-05,basketball,18:15
4871,M00455,2026-01-11,swimming pool,19:45
4872,M00001,2026-03-09,badminton,07:30
4873,M00441,2026-02-19,swimming pool,08:45
4874,M00292,2026-06-15,gym,06:15
4875,M00077,2026-01-13,gym,13:15
4876,M00380,2026-07-15,swimming pool,11:15
4877,M00165,2026-03-18,basketball,08:00
4878,M00228,2026-04-08,gym,07:45
4879,M00022,2026-08-27,football,10:45
4880,M00498,2026-06-18,gym,16:45
4881,M00288,2026-04-13,gym,19:00
4882,M00486,2026-04-22,swimming pool,18:30
4883,M00224,2026-07-01,football,17:00
4884,M00016,2026-05-27,badminton,13:45
4885,M00178,2026-02-21,badminton,19:00
4886,M00456,2026-07-31,basketball,10:15
4887,M00114,2026-02-22,swimming pool,19:00
4888,M00013,2026-06-14,football,14:30
4889,M00096,2026-04-22,badminton,10:15
4890,M00102,2026-04-10,badminton,14:30
4891,M00120,2026-08-23,swimming pool,20:15
4892,M00476,2026-05-01,basketball,17:45
4893,M00431,2026-08-17,gym,19:15
4894,M00258,2026-06-04,badminton,11:00
4895,M00285,2026-08-14,basketball,08:45
4896,M00336,2026-08-08,badminton,09:45
4897,M00021,2026-01-23,basketball,12:15
4898,M00307,2026-06-28,swimming pool,07:15
4899,M00294,2026-05-24,swimming pool,20:30
4900,M00274,2026-07-17,badminton,08:45
4901,M00173,2026-02-26,badminton,17:45
4902,M00344,2026-07-23,swimming pool,18:30
4903,M00460,2026-05-26,gym,11:30
4904,M00301,2026-07-17,football,17:15
4905,M00388,2026-08-04,swimming pool,19:00
4906,M00288,2026-06-26,basketball,11:15
4907,M00529,2026-04-22,badminton,08:00
4908,M00004,2026-06-02,badminton,13:30
4909,M00321,2026-05-04,badminton,11:00
4910,M00401,2026-07-05,badminton,13:30
4911,M00017,2026-08-02,gym,13:45
4912,M00547,2026-01-20,badminton,19:00
4913,M00313,2026-05-06,basketball,09:30
4914,M00228,2026-04-27,football,14:30
4915,M00218,2026-04-28,gym,18:45
4916,M00085,2026-05-19,basketball,17:45
4917,M00263,2026-08-18,basketball,20:15
4918,M00398,2026-07-13,swimming pool,18:00
4919,M00377,2026-06-18,badminton,08:30
4920,M00530,2026-07-11,football,07:00
4921,M00153,2026-04-26,basketball,11:00
4922,M00012,2026-07-18,football,15:30
4923,M00042,2026-06-28,basketball,18:00
4924,M00298,2026-03-02,badminton,19:45
4925,M00035,2026-03-28,gym,13:15
4926,M00455,2026-03-10,basketball,13:15
4927,M00028,2026-04-12,basketball,20:15
4928,M00023,2026-07-29,basketball,21:00
4929,M00562,2026-08-27,swimming pool,11:15
4930,M00431,2026-04-16,basketball,14:00
4931,M00017,2026-07-17,football,20:45
4932,M00337,2026-02-25,football,16:00
4933,M00397,2026-05-01,swimming pool,19:15
4934,M00312,2026-06-24,swimming pool,21:45
4935,M00025,2026-07-09,badminton,16:00
4936,M00310,2026-05-27,swimming pool,10:00
4937,M00467,2026-01-16,badminton,19:00
4938,M00559,2026-08-10,basketball,20:00
4939,M00417,2026-04-11,swimming pool,11:00
4940,M00072,2026-04-13,swimming pool,06:45
4941,M00197,2026-08-30,football,11:00
4942,M00581,2026-07-28,football,11:45
4943,M00123,2026-05-24,swimming pool,19:30
4944,M00209,2026-07-17,swimming pool,20:00
4945,M00469,2026-07-08,gym,19:30
4946,M00269,2026-02-13,basketball,15:15
4947,M00031,2026-02-22,football,13:00
4948,M00244,2026-03-25,badminton,06:00
4949,M00290,2026-04-02,football,19:45
4950,M00028,2026-04-08,football,11:00
4951,M00349,2026-07-29,football,20:15
4952,M00003,2026-04-05,badminton,11:30
4953,M00238,2026-05-24,football,14:15
4954,M00056,2026-06-28,swimming pool,08:45
4955,M00552,2026-01-29,basketball,21:00
4956,M00396,2026-06-12,basketball,14:15
4957,M00117,2026-03-29,football,07:00
4958,M00389,2026-06-16,badminton,10:00
4959,M00337,2026-01-01,swimming pool,20:00
4960,M00118,2026-05-02,gym,10:45
4961,M00306,2026-01-11,basketball,07:15
4962,M00032,2026-05-12,football,07:00
4963,M00466,2026-02-10,basketball,10:15
4964,M00425,2026-05-21,swimming pool,15:30
4965,M00540,2026-03-25,gym,06:45
4966,M00151,2026-05-13,football,16:15
4967,M00479,2026-06-11,badminton,08:00
4968,M00430,2026-05-19,gym,19:00
4969,M00395,2026-08-08,gym,11:45
4970,M00416,2026-04-11,swimming pool,06:00
4971,M00544,2026-02-04,gym,13:00
4972,M00468,2026-01-15,swimming pool,19:15
4973,M00271,2026-03-13,badminton,12:30
4974,M00391,2026-06-11,swimming pool,14:30
4975,M00535,2026-06-24,basketball,06:00
4976,M00183,2026-01-03,badminton,10:30
4977,M00167,2026-06-18,badminton,12:45
4978,M00020,2026-05-30,gym,10:15
4979,M00470,2026-04-04,swimming pool,06:15
4980,M00565,2026-08-21,badminton,20:45
4981,M00061,2026-03-05,football,18:45
4982,M00001,2026-02-03,badminton,13:45
4983,M00326,2026-02-04,badminton,07:30
4984,M00364,2026-02-26,basketball,14:00
4985,M00546,2026-07-28,basketball,17:30
4986,M00017,2026-03-04,basketball,14:15
4987,M00122,2026-04-01,football,20:45
4988,M00255,2026-05-13,badminton,14:45
4989,M00421,2026-02-08,swimming pool,10:15
4990,M00439,2026-01-10,basketball,18:45
4991,M00542,2026-04-15,badminton,08:15
4992,M00382,2026-05-29,badminton,21:15
4993,M00139,2026-07-11,gym,14:15
4994,M00538,2026-04-10,swimming pool,11:45
4995,M00578,2026-06-08,swimming pool,06:45
4996,M00427,2026-04-12,gym,20:45
4997,M00182,2026-02-18,badminton,18:15
4998,M00562,2026-03-05,swimming pool,16:45
4999,M00410,2026-05-23,football,20:45
5000,M00462,2026-06-06,swimming pool,17:45
5001,M00013,2026-03-19,gym,13:30
5002,M00538,2026-02-14,gym,14:15
5003,M00098,2026-03-25,swimming pool,12:00
5004,M00159,2026-02-02,basketball,06:00
5005,M00005,2026-08-18,gym,15:30
5006,M00051,2026-06-17,basketball,18:15
5007,M00069,2026-07-22,badminton,13:00
5008,M00292,2026-07-07,football,08:15
5009,M00308,2026-01-31,gym,12:45
5010,M00330,2026-02-08,football,21:15
5011,M00034,2026-06-01,football,19:30
5012,M00393,2026-03-18,swimming pool,10:30
5013,M00012,2026-03-26,football,10:00
5014,M00532,2026-02-16,swimming pool,16:15
5015,M00032,2026-05-26,basketball,19:45
5016,M00105,2026-06-09,badminton,18:15
5017,M00583,2026-08-29,football,07:30
5018,M00412,2026-05-17,swimming pool,06:00
5019,M00486,2026-06-18,badminton,13:00
5020,M00460,2026-06-07,basketball,19:00
5021,M00539,2026-04-21,football,16:45
5022,M00157,2026-07-13,badminton,06:30
5023,M00254,2026-07-23,badminton,21:30
5024,M00124,2026-07-01,swimming pool,16:15
5025,M00075,2026-06-18,swimming pool,21:30
5026,M00415,2026-01-25,gym,07:45
5027,M00502,2026-05-07,swimming pool,11:00
5028,M00509,2026-03-31,gym,13:45
5029,M00089,2026-07-13,football,11:00
5030,M00151,2026-06-27,badminton,08:15
5031,M00529,2026-05-04,swimming pool,12:45
5032,M00042,2026-02-18,badminton,11:30
5033,M00318,2026-03-12,basketball,15:00
5034,M00278,2026-05-07,basketball,06:45
5035,M00548,2026-04-17,swimming pool,13:30
5036,M00068,2026-08-25,gym,21:45
5037,M00330,2026-01-20,football,08:45
5038,M00035,2026-08-24,football,17:00
5039,M00495,2026-06-27,swimming pool,11:30
5040,M00081,2026-03-10,badminton,18:15
5041,M00262,2026-01-10,football,08:30
5042,M00522,2026-01-01,badminton,17:00
5043,M00098,2026-03-24,basketball,14:30
5044,M00402,2026-06-21,badminton,13:00
5045,M00408,2026-01-13,basketball,21:00
5046,M00052,2026-03-14,gym,13:00
5047,M00319,2026-03-23,badminton,09:30
5048,M00019,2026-07-14,swimming pool,10:15
5049,M00084,2026-07-25,football,06:15
5050,M00392,2026-04-11,swimming pool,07:15
5051,M00527,2026-04-06,football,18:30
5052,M00022,2026-06-18,basketball,06:15
5053,M00402,2026-03-24,swimming pool,16:00
5054,M00392,2026-03-14,basketball,12:15
5055,M00243,2026-03-29,basketball,10:15
5056,M00057,2026-08-27,swimming pool,20:30
5057,M00270,2026-08-06,gym,07:45
5058,M00500,2026-01-11,football,21:00
5059,M00173,2026-01-11,gym,08:30
5060,M00228,2026-01-21,gym,12:15
5061,M00400,2026-04-07,gym,09:30
5062,M00551,2026-03-12,football,16:00
5063,M00352,2026-02-11,basketball,13:15
5064,M00123,2026-01-29,football,18:00
5065,M00303,2026-04-27,swimming pool,10:00
5066,M00322,2026-02-27,football,21:00
5067,M00488,2026-05-03,badminton,17:30
5068,M00304,2026-05-03,gym,10:15
5069,M00082,2026-04-24,gym,15:45
5070,M00076,2026-07-30,football,16:15
5071,M00591,2026-03-11,basketball,21:45
5072,M00418,2026-02-03,basketball,11:15
5073,M00335,2026-06-29,football,18:00
5074,M00373,2026-03-01,gym,10:45
5075,M00076,2026-07-09,football,15:00
5076,M00133,2026-04-06,basketball,20:00
5077,M00222,2026-08-21,basketball,18:00
5078,M00339,2026-08-26,gym,18:15
5079,M00043,2026-04-12,basketball,13:45
5080,M00009,2026-04-05,gym,10:00
5081,M00440,2026-03-10,gym,09:00
5082,M00222,2026-05-31,gym,09:15
5083,M00061,2026-07-26,swimming pool,06:15
5084,M00374,2026-02-04,gym,14:30
5085,M00162,2026-06-26,swimming pool,20:30
5086,M00583,2026-04-30,football,17:15
5087,M00115,2026-05-28,swimming pool,18:00
5088,M00051,2026-06-09,football,19:00
5089,M00137,2026-08-09,basketball,17:45
5090,M00303,2026-06-19,badminton,14:30
5091,M00141,2026-01-12,badminton,15:30
5092,M00293,2026-08-25,badminton,13:00
5093,M00128,2026-05-23,gym,09:45
5094,M00357,2026-06-11,badminton,12:30
5095,M00290,2026-07-15,badminton,18:45
5096,M00161,2026-08-10,swimming pool,17:15
5097,M00127,2026-05-07,football,21:00
5098,M00323,2026-06-29,basketball,18:00
5099,M00241,2026-07-27,basketball,09:45
5100,M00143,2026-03-21,football,19:00
5101,M00459,2026-01-03,badminton,20:15
5102,M00432,2026-08-19,basketball,06:15
5103,M00202,2026-04-01,gym,17:30
5104,M00028,2026-01-19,badminton,12:00
5105,M00070,2026-04-23,swimming pool,08:45
5106,M00509,2026-07-27,gym,16:45
5107,M00056,2026-03-30,football,20:00
5108,M00383,2026-02-03,swimming pool,14:30
5109,M00077,2026-02-23,swimming pool,16:30
5110,M00453,2026-05-26,badminton,07:45
5111,M00271,2026-07-07,badminton,12:00
5112,M00328,2026-06-27,basketball,07:30
5113,M00472,2026-02-01,football,08:45
5114,M00446,2026-07-10,badminton,18:15
5115,M00440,2026-03-26,basketball,09:15
5116,M00200,2026-08-14,badminton,21:30
5117,M00573,2026-04-28,basketball,06:30
5118,M00480,2026-01-13,swimming pool,13:45
5119,M00486,2026-07-25,gym,14:15
5120,M00007,2026-07-26,gym,11:15
5121,M00027,2026-06-04,badminton,19:45
5122,M00248,2026-02-25,swimming pool,10:45
5123,M00218,2026-07-21,swimming pool,12:45
5124,M00297,2026-03-08,gym,11:15
5125,M00330,2026-03-03,swimming pool,18:45
5126,M00386,2026-06-08,football,11:30
5127,M00170,2026-04-23,basketball,13:15
5128,M00230,2026-07-04,football,16:15
5129,M00048,2026-02-04,swimming pool,11:00
5130,M00590,2026-01-25,badminton,06:00
5131,M00434,2026-06-07,swimming pool,13:15
5132,M00529,2026-03-13,badminton,10:15
5133,M00305,2026-05-07,gym,10:00
5134,M00495,2026-03-26,badminton,08:30
5135,M00276,2026-06-26,badminton,10:45
5136,M00059,2026-08-23,basketball,16:45
5137,M00583,2026-06-26,football,08:15
5138,M00565,2026-02-26,gym,06:00
5139,M00403,2026-07-21,badminton,13:15
5140,M00159,2026-02-17,basketball,10:15
5141,M00505,2026-04-26,basketball,20:15
5142,M00209,2026-08-29,gym,19:00
5143,M00408,2026-04-13,badminton,21:00
5144,M00454,2026-01-01,swimming pool,17:00
5145,M00244,2026-04-07,gym,16:30
5146,M00174,2026-06-09,football,15:15
5147,M00295,2026-01-22,gym,21:30
5148,M00055,2026-02-03,basketball,14:00
5149,M00445,2026-05-02,badminton,11:45
5150,M00465,2026-04-18,swimming pool,17:00
5151,M00441,2026-08-01,swimming pool,06:00
5152,M00251,2026-06-30,basketball,12:30
5153,M00414,2026-08-15,badminton,19:00
5154,M00290,2026-05-27,basketball,14:30
5155,M00498,2026-06-15,football,12:00
5156,M00536,2026-08-25,swimming pool,21:30
5157,M00080,2026-03-07,football,19:00
5158,M00323,2026-07-28,badminton,06:30
5159,M00213,2026-02-06,basketball,19:30
5160,M00222,2026-02-02,swimming pool,13:30
5161,M00391,2026-01-26,swimming pool,09:15
5162,M00562,2026-05-30,football,08:00
5163,M00338,2026-06-07,badminton,16:15
5164,M00258,2026-01-05,gym,08:15
5165,M00462,2026-04-22,swimming pool,10:15
5166,M00544,2026-06-30,badminton,21:30
5167,M00177,2026-07-31,swimming pool,16:45
5168,M00473,2026-07-11,football,21:00
5169,M00526,2026-07-18,football,10:15
5170,M00210,2026-04-26,football,21:00
5171,M00338,2026-06-18,football,15:00
5172,M00398,2026-05-14,gym,18:00
5173,M00205,2026-06-28,badminton,17:45
5174,M00314,2026-04-30,football,14:45
5175,M00026,2026-07-12,badminton,19:45
5176,M00276,2026-05-26,basketball,12:15
5177,M00004,2026-08-08,football,20:15
5178,M00207,2026-04-12,gym,07:00
5179,M00588,2026-08-14,swimming pool,19:00
5180,M00394,2026-04-13,swimming pool,06:00
5181,M00429,2026-03-24,badminton,16:45
5182,M00519,2026-04-15,badminton,16:45
5183,M00536,2026-08-31,basketball,16:30
5184,M00368,2026-08-16,basketball,17:00
5185,M00177,2026-03-07,basketball,19:30
5186,M00006,2026-01-02,gym,18:45
5187,M00346,2026-05-14,basketball,10:30
5188,M00059,2026-04-02,gym,19:45
5189,M00362,2026-03-07,badminton,09:15
5190,M00180,2026-08-17,badminton,15:30
5191,M00071,2026-07-17,football,21:30
5192,M00006,2026-02-06,swimming pool,12:45
5193,M00548,2026-04-20,gym,13:30
5194,M00482,2026-08-11,gym,08:45
5195,M00021,2026-03-04,basketball,12:00
5196,M00306,2026-07-27,badminton,10:15
5197,M00525,2026-06-14,basketball,07:15
5198,M00047,2026-07-24,badminton,07:15
5199,M00032,2026-06-05,badminton,08:15
5200,M00276,2026-06-21,football,06:45
5201,M00068,2026-07-30,football,21:45
5202,M00590,2026-08-13,basketball,10:30
5203,M00345,2026-02-09,football,14:00
5204,M00215,2026-04-03,basketball,14:00
5205,M00306,2026-03-23,gym,20:15
5206,M00363,2026-07-12,basketball,21:30
5207,M00522,2026-01-04,football,16:45
5208,M00229,2026-05-27,badminton,06:30
5209,M00599,2026-08-01,football,07:15
5210,M00443,2026-01-01,swimming pool,14:30
5211,M00151,2026-06-16,gym,13:00
5212,M00363,2026-08-22,football,10:30
5213,M00534,2026-03-13,football,06:45
5214,M00196,2026-08-05,badminton,10:00
5215,M00233,2026-01-25,football,20:45
5216,M00483,2026-03-15,football,19:45
5217,M00372,2026-06-06,badminton,09:30
5218,M00069,2026-05-12,basketball,14:15
5219,M00207,2026-01-01,football,10:30
5220,M00533,2026-08-12,basketball,14:00
5221,M00585,2026-04-18,swimming pool,13:15
5222,M00173,2026-08-17,basketball,06:30
5223,M00562,2026-04-07,football,14:15
5224,M00471,2026-04-18,basketball,15:15
5225,M00102,2026-08-06,basketball,12:00
5226,M00394,2026-04-14,swimming pool,12:00
5227,M00381,2026-01-24,football,08:45
5228,M00554,2026-05-09,swimming pool,15:15
5229,M00391,2026-07-30,badminton,16:30
5230,M00425,2026-06-09,football,06:45
5231,M00157,2026-03-02,swimming pool,20:15
5232,M00226,2026-06-17,basketball,09:45
5233,M00515,2026-08-31,football,06:15
5234,M00176,2026-02-28,basketball,07:00
5235,M00439,2026-03-22,badminton,20:00
5236,M00566,2026-03-13,basketball,20:30
5237,M00266,2026-01-19,basketball,19:45
5238,M00322,2026-03-22,swimming pool,08:00
5239,M00464,2026-07-11,swimming pool,20:00
5240,M00362,2026-05-30,gym,16:45
5241,M00060,2026-05-23,football,15:30
5242,M00523,2026-06-05,basketball,11:45
5243,M00564,2026-02-23,football,14:45
5244,M00421,2026-02-22,football,06:15
5245,M00018,2026-06-25,basketball,18:00
5246,M00155,2026-03-02,football,18:00
5247,M00185,2026-01-30,football,06:30
5248,M00091,2026-05-21,football,09:15
5249,M00581,2026-06-15,football,18:00
5250,M00524,2026-07-16,swimming pool,06:45
5251,M00008,2026-08-23,basketball,18:00
5252,M00122,2026-01-13,basketball,10:15
5253,M00493,2026-07-19,swimming pool,10:45
5254,M00567,2026-06-05,swimming pool,13:30
5255,M00524,2026-06-19,basketball,15:45
5256,M00048,2026-03-04,badminton,07:45
5257,M00503,2026-03-25,basketball,19:15
5258,M00196,2026-03-28,badminton,20:00
5259,M00499,2026-04-24,swimming pool,09:15
5260,M00224,2026-01-26,badminton,16:30
5261,M00044,2026-06-24,badminton,20:00
5262,M00367,2026-02-02,gym,21:15
5263,M00529,2026-03-12,badminton,14:00
5264,M00319,2026-04-05,football,12:00
5265,M00079,2026-03-21,gym,15:45
5266,M00053,2026-06-16,gym,10:15
5267,M00331,2026-08-06,gym,12:45
5268,M00549,2026-04-24,gym,16:45
5269,M00547,2026-06-04,gym,07:45
5270,M00462,2026-06-08,basketball,07:15
5271,M00238,2026-06-13,badminton,14:30
5272,M00437,2026-05-12,badminton,14:45
5273,M00485,2026-05-28,badminton,06:15
5274,M00434,2026-07-05,basketball,15:00
5275,M00068,2026-04-21,swimming pool,10:30
5276,M00492,2026-02-25,basketball,12:00
5277,M00364,2026-05-30,basketball,17:45
5278,M00165,2026-06-03,swimming pool,20:15
5279,M00107,2026-05-11,basketball,12:00
5280,M00140,2026-05-25,gym,16:30
5281,M00312,2026-06-14,swimming pool,13:15
5282,M00180,2026-03-18,gym,18:30
5283,M00071,2026-05-21,badminton,14:15
5284,M00598,2026-04-21,basketball,06:45
5285,M00213,2026-03-18,badminton,18:45
5286,M00261,2026-04-10,swimming pool,09:30
5287,M00587,2026-04-02,football,15:00
5288,M00499,2026-03-10,football,09:45
5289,M00066,2026-04-24,gym,16:00
5290,M00166,2026-08-18,swimming pool,08:00
5291,M00415,2026-05-25,football,08:30
5292,M00102,2026-02-28,badminton,14:45
5293,M00396,2026-06-28,gym,14:15
5294,M00499,2026-07-27,basketball,15:00
5295,M00132,2026-06-01,swimming pool,18:30
5296,M00248,2026-02-21,gym,10:45
5297,M00357,2026-08-27,gym,18:15
5298,M00120,2026-05-23,swimming pool,19:45
5299,M00464,2026-04-28,gym,18:45
5300,M00424,2026-04-22,gym,06:15
5301,M00321,2026-07-11,basketball,13:30
5302,M00179,2026-07-27,gym,10:15
5303,M00137,2026-06-24,swimming pool,14:00
5304,M00075,2026-08-19,swimming pool,20:45
5305,M00568,2026-02-26,basketball,21:30
5306,M00017,2026-01-25,basketball,20:00
5307,M00336,2026-02-08,badminton,14:45
5308,M00124,2026-03-12,badminton,06:15
5309,M00217,2026-03-04,badminton,08:45
5310,M00312,2026-08-06,basketball,17:45
5311,M00315,2026-02-05,basketball,07:00
5312,M00563,2026-04-09,swimming pool,21:15
5313,M00389,2026-02-25,gym,17:45
5314,M00343,2026-04-02,football,11:15
5315,M00498,2026-06-25,basketball,18:30
5316,M00095,2026-03-18,football,07:00
5317,M00222,2026-08-26,football,16:00
5318,M00184,2026-07-10,badminton,16:00
5319,M00214,2026-08-01,badminton,15:30
5320,M00563,2026-04-13,basketball,10:15
5321,M00547,2026-08-22,football,13:00
5322,M00308,2026-05-01,swimming pool,13:00
5323,M00259,2026-08-25,badminton,14:45
5324,M00086,2026-04-06,basketball,15:15
5325,M00153,2026-04-02,gym,09:30
5326,M00469,2026-05-15,football,20:30
5327,M00219,2026-01-17,swimming pool,06:30
5328,M00015,2026-05-30,badminton,15:15
5329,M00452,2026-05-07,basketball,19:00
5330,M00527,2026-02-19,gym,17:00
5331,M00062,2026-01-26,football,21:15
5332,M00088,2026-03-21,swimming pool,08:30
5333,M00095,2026-08-29,gym,14:15
5334,M00444,2026-05-04,football,19:15
5335,M00107,2026-08-30,gym,21:00
5336,M00562,2026-04-27,gym,07:45
5337,M00538,2026-03-23,basketball,15:15
5338,M00339,2026-07-14,basketball,07:45
5339,M00562,2026-06-16,gym,10:45
5340,M00593,2026-06-18,swimming pool,13:00
5341,M00382,2026-08-30,badminton,11:15
5342,M00013,2026-04-14,gym,07:15
5343,M00200,2026-01-14,swimming pool,19:30
5344,M00344,2026-08-21,gym,16:15
5345,M00173,2026-03-15,gym,09:30
5346,M00158,2026-01-07,basketball,19:45
5347,M00038,2026-01-27,badminton,08:30
5348,M00328,2026-07-09,football,10:00
5349,M00098,2026-08-09,basketball,19:15
5350,M00211,2026-08-06,football,10:15
5351,M00139,2026-08-07,swimming pool,14:00
5352,M00033,2026-03-23,swimming pool,10:15
5353,M00181,2026-01-13,badminton,18:15
5354,M00029,2026-01-25,football,07:00
5355,M00117,2026-07-14,swimming pool,14:30
5356,M00215,2026-02-27,football,09:15
5357,M00234,2026-06-14,swimming pool,17:15
5358,M00530,2026-04-07,gym,12:15
5359,M00250,2026-07-07,football,14:30
5360,M00422,2026-06-23,badminton,16:15
5361,M00222,2026-03-19,swimming pool,18:30
5362,M00306,2026-06-06,basketball,19:00
5363,M00178,2026-03-09,football,19:45
5364,M00198,2026-03-10,swimming pool,07:30
5365,M00254,2026-04-22,basketball,21:15
5366,M00284,2026-06-19,football,17:15
5367,M00484,2026-08-01,swimming pool,17:45
5368,M00095,2026-03-27,swimming pool,18:45
5369,M00380,2026-07-28,badminton,08:30
5370,M00500,2026-07-15,basketball,11:30
5371,M00253,2026-08-12,football,07:45
5372,M00427,2026-03-18,gym,14:45
5373,M00379,2026-02-26,swimming pool,18:30
5374,M00164,2026-03-15,basketball,14:45
5375,M00445,2026-07-04,badminton,13:30
5376,M00214,2026-05-24,football,19:15
5377,M00591,2026-05-22,badminton,13:15
5378,M00297,2026-02-21,basketball,21:15
5379,M00305,2026-01-27,badminton,21:00
5380,M00161,2026-06-14,basketball,19:15
5381,M00561,2026-08-27,swimming pool,16:30
5382,M00218,2026-08-29,badminton,19:30
5383,M00513,2026-07-11,basketball,13:00
5384,M00423,2026-07-20,gym,18:15
5385,M00304,2026-05-25,basketball,13:00
5386,M00426,2026-01-25,badminton,13:00
5387,M00104,2026-04-11,football,12:45
5388,M00091,2026-01-08,swimming pool,06:45
5389,M00214,2026-05-02,swimming pool,18:00
5390,M00483,2026-06-26,swimming pool,06:00
5391,M00281,2026-05-18,football,19:45
5392,M00568,2026-08-20,gym,10:45
5393,M00282,2026-05-27,swimming pool,09:15
5394,M00126,2026-03-15,basketball,12:30
5395,M00453,2026-04-12,swimming pool,16:30
5396,M00148,2026-07-11,football,11:45
5397,M00304,2026-03-30,basketball,12:15
5398,M00112,2026-04-28,swimming pool,15:00
5399,M00221,2026-04-12,football,14:00
5400,M00113,2026-02-16,basketball,18:30
5401,M00581,2026-04-28,gym,19:45
5402,M00027,2026-04-16,football,13:15
5403,M00337,2026-02-26,football,09:00
5404,M00108,2026-04-10,gym,11:30
5405,M00585,2026-01-08,gym,18:15
5406,M00582,2026-06-04,badminton,07:00
5407,M00200,2026-02-27,swimming pool,14:30
5408,M00221,2026-05-02,basketball,21:15
5409,M00281,2026-05-17,gym,15:00
5410,M00577,2026-05-20,badminton,08:00
5411,M00073,2026-08-10,basketball,21:15
5412,M00039,2026-01-19,badminton,08:00
5413,M00411,2026-01-03,badminton,08:00
5414,M00049,2026-08-06,badminton,11:00
5415,M00155,2026-05-16,football,19:45
5416,M00122,2026-04-14,football,07:00
5417,M00041,2026-03-05,badminton,10:00
5418,M00206,2026-03-08,football,16:30
5419,M00567,2026-03-08,swimming pool,07:15
5420,M00327,2026-02-20,gym,19:00
5421,M00490,2026-05-25,gym,21:00
5422,M00211,2026-08-24,football,18:00
5423,M00082,2026-03-24,basketball,09:00
5424,M00508,2026-01-30,swimming pool,10:00
5425,M00597,2026-06-24,badminton,06:15
5426,M00311,2026-08-20,basketball,06:15
5427,M00534,2026-05-23,gym,15:00
5428,M00123,2026-02-03,football,20:30
5429,M00325,2026-02-04,basketball,08:15
5430,M00447,2026-05-02,football,17:45
5431,M00390,2026-03-17,basketball,12:00
5432,M00245,2026-05-22,gym,07:45
5433,M00309,2026-06-07,gym,18:00
5434,M00592,2026-03-15,swimming pool,13:15
5435,M00122,2026-03-31,badminton,07:00
5436,M00244,2026-01-22,badminton,12:30
5437,M00053,2026-04-16,football,19:15
5438,M00398,2026-01-18,basketball,14:30
5439,M00346,2026-02-12,badminton,11:45
5440,M00320,2026-08-17,gym,06:15
5441,M00373,2026-03-14,basketball,08:45
5442,M00598,2026-05-19,football,14:30
5443,M00437,2026-04-10,football,15:15
5444,M00060,2026-01-08,badminton,09:30
5445,M00444,2026-04-26,badminton,18:15
5446,M00375,2026-04-04,football,15:15
5447,M00189,2026-04-25,gym,20:15
5448,M00400,2026-04-14,swimming pool,17:45
5449,M00376,2026-01-07,badminton,18:00
5450,M00488,2026-01-06,gym,08:30
5451,M00282,2026-01-29,swimming pool,06:45
5452,M00522,2026-06-15,basketball,11:30
5453,M00042,2026-07-21,football,20:00
5454,M00006,2026-01-01,basketball,19:00
5455,M00279,2026-07-25,gym,21:15
5456,M00550,2026-02-06,gym,21:45
5457,M00173,2026-02-19,football,09:00
5458,M00360,2026-08-11,swimming pool,10:15
5459,M00147,2026-05-22,swimming pool,11:15
5460,M00570,2026-02-09,badminton,06:30
5461,M00483,2026-03-25,swimming pool,12:30
5462,M00305,2026-01-09,gym,14:00
5463,M00040,2026-07-05,football,14:45
5464,M00119,2026-02-28,badminton,09:00
5465,M00253,2026-03-30,gym,16:15
5466,M00327,2026-07-19,basketball,10:15
5467,M00544,2026-06-01,swimming pool,06:45
5468,M00297,2026-01-31,badminton,21:00
5469,M00476,2026-05-15,swimming pool,06:15
5470,M00554,2026-01-05,gym,06:30
5471,M00105,2026-06-09,badminton,16:15
5472,M00309,2026-01-20,football,16:15
5473,M00523,2026-07-14,gym,14:30
5474,M00481,2026-05-23,basketball,20:30
5475,M00132,2026-05-21,gym,11:00
5476,M00523,2026-06-22,football,13:00
5477,M00395,2026-02-26,badminton,21:00
5478,M00233,2026-04-29,football,09:15
5479,M00100,2026-02-26,football,20:30
5480,M00246,2026-07-30,basketball,06:30
5481,M00340,2026-05-22,badminton,17:45
5482,M00382,2026-06-01,football,15:00
5483,M00558,2026-07-14,badminton,11:00
5484,M00430,2026-06-04,basketball,07:30
5485,M00368,2026-08-17,swimming pool,19:00
5486,M00387,2026-01-18,gym,18:30
5487,M00431,2026-04-28,swimming pool,13:45
5488,M00280,2026-04-06,basketball,07:00
5489,M00409,2026-03-23,swimming pool,20:45
5490,M00096,2026-08-26,swimming pool,19:00
5491,M00307,2026-05-31,football,07:15
5492,M00367,2026-02-26,gym,14:15
5493,M00491,2026-07-05,basketball,11:45
5494,M00303,2026-03-10,badminton,20:45
5495,M00185,2026-03-24,gym,15:15
5496,M00247,2026-07-10,swimming pool,14:15
5497,M00218,2026-03-19,football,06:00
5498,M00281,2026-01-21,basketball,10:30
5499,M00114,2026-07-04,badminton,16:15
5500,M00408,2026-06-03,gym,16:30
5501,M00323,2026-04-28,badminton,06:45
5502,M00179,2026-08-02,basketball,18:00
5503,M00167,2026-03-13,swimming pool,17:45
5504,M00063,2026-03-03,swimming pool,13:15
5505,M00347,2026-06-22,football,15:30
5506,M00186,2026-08-27,swimming pool,08:30
5507,M00551,2026-08-24,swimming pool,18:15
5508,M00048,2026-03-13,gym,10:45
5509,M00402,2026-02-17,football,08:45
5510,M00162,2026-01-26,basketball,15:15
5511,M00143,2026-08-01,swimming pool,06:30
5512,M00090,2026-04-15,basketball,11:00
5513,M00368,2026-06-25,swimming pool,11:45
5514,M00392,2026-06-04,swimming pool,21:00
5515,M00406,2026-02-26,swimming pool,17:00
5516,M00221,2026-02-01,swimming pool,11:00
5517,M00310,2026-05-17,badminton,06:15
5518,M00155,2026-01-12,basketball,09:00
5519,M00109,2026-05-28,swimming pool,13:15
5520,M00383,2026-06-08,swimming pool,21:45
5521,M00087,2026-06-04,gym,06:00
5522,M00023,2026-02-17,football,16:45
5523,M00102,2026-04-07,swimming pool,11:30
5524,M00386,2026-07-03,badminton,21:00
5525,M00527,2026-07-09,badminton,17:30
5526,M00003,2026-07-06,basketball,10:15
5527,M00001,2026-03-15,badminton,12:15
5528,M00240,2026-01-22,basketball,20:45
5529,M00548,2026-07-16,gym,15:30
5530,M00386,2026-03-16,basketball,15:15
5531,M00455,2026-01-04,gym,15:30
5532,M00201,2026-06-23,football,09:00
5533,M00463,2026-05-08,basketball,19:45
5534,M00349,2026-01-15,badminton,11:45
5535,M00429,2026-01-18,swimming pool,06:15
5536,M00568,2026-01-23,badminton,21:00
5537,M00417,2026-06-19,gym,07:15
5538,M00136,2026-03-04,gym,09:45
5539,M00490,2026-06-10,football,20:00
5540,M00396,2026-06-11,basketball,19:15
5541,M00344,2026-03-04,swimming pool,10:15
5542,M00498,2026-02-01,football,17:15
5543,M00074,2026-08-11,swimming pool,18:30
5544,M00525,2026-04-05,basketball,13:45
5545,M00086,2026-01-22,badminton,10:30
5546,M00198,2026-01-06,gym,06:15
5547,M00465,2026-08-01,badminton,13:15
5548,M00250,2026-06-29,gym,12:15
5549,M00266,2026-04-22,badminton,18:45
5550,M00214,2026-02-02,basketball,14:00
5551,M00503,2026-06-18,football,12:45
5552,M00423,2026-03-29,football,08:30
5553,M00216,2026-08-24,football,10:00
5554,M00097,2026-01-26,badminton,06:45
5555,M00362,2026-02-11,basketball,18:30
5556,M00189,2026-04-21,basketball,13:30
5557,M00066,2026-07-26,swimming pool,21:15
5558,M00287,2026-03-22,badminton,13:15
5559,M00501,2026-08-02,badminton,18:30
5560,M00396,2026-06-07,basketball,19:30
5561,M00542,2026-04-23,football,15:45
5562,M00164,2026-02-12,badminton,15:30
5563,M00124,2026-01-06,badminton,19:15
5564,M00323,2026-01-02,basketball,10:45
5565,M00335,2026-04-09,football,16:00
5566,M00147,2026-07-29,gym,19:15
5567,M00459,2026-08-13,basketball,21:15
5568,M00237,2026-07-09,badminton,06:45
5569,M00599,2026-07-19,swimming pool,14:30
5570,M00142,2026-01-19,swimming pool,09:30
5571,M00448,2026-08-11,badminton,06:15
5572,M00151,2026-07-21,swimming pool,15:45
5573,M00473,2026-05-21,gym,15:30
5574,M00505,2026-07-05,football,20:15
5575,M00383,2026-01-30,football,15:00
5576,M00470,2026-01-07,swimming pool,13:15
5577,M00096,2026-03-16,basketball,10:15
5578,M00198,2026-04-24,swimming pool,07:30
5579,M00325,2026-01-17,basketball,21:45
5580,M00456,2026-01-04,basketball,12:45
5581,M00225,2026-06-21,swimming pool,19:15
5582,M00005,2026-01-29,gym,10:15
5583,M00028,2026-07-30,gym,15:30
5584,M00130,2026-04-10,badminton,12:15
5585,M00218,2026-04-19,basketball,18:00
5586,M00522,2026-02-12,football,18:45
5587,M00088,2026-06-28,swimming pool,18:00
5588,M00344,2026-06-13,badminton,15:45
5589,M00137,2026-01-07,football,17:45
5590,M00287,2026-05-26,gym,09:15
5591,M00150,2026-03-08,football,17:00
5592,M00578,2026-08-27,swimming pool,17:00
5593,M00001,2026-01-20,gym,16:30
5594,M00401,2026-01-29,basketball,17:00
5595,M00554,2026-08-13,gym,12:00
5596,M00293,2026-03-07,gym,07:30
5597,M00063,2026-03-11,swimming pool,08:30
5598,M00416,2026-04-09,football,16:00
5599,M00219,2026-08-02,badminton,12:00
5600,M00282,2026-05-12,swimming pool,21:30
5601,M00470,2026-03-23,badminton,07:15
5602,M00044,2026-06-09,gym,09:45
5603,M00529,2026-08-27,badminton,18:30
5604,M00459,2026-01-29,basketball,20:30
5605,M00037,2026-01-24,football,07:15
5606,M00474,2026-07-22,gym,18:15
5607,M00496,2026-06-29,gym,19:00
5608,M00110,2026-04-04,football,18:45
5609,M00530,2026-04-19,gym,08:45
5610,M00395,2026-04-23,badminton,12:15
5611,M00164,2026-04-16,gym,21:00
5612,M00329,2026-08-10,gym,16:15
5613,M00384,2026-02-18,badminton,17:00
5614,M00357,2026-04-19,badminton,20:15
5615,M00559,2026-04-05,swimming pool,17:15
5616,M00254,2026-05-29,football,11:30
5617,M00164,2026-04-10,basketball,10:00
5618,M00480,2026-08-20,basketball,16:00
5619,M00069,2026-06-24,badminton,14:45
5620,M00439,2026-05-21,basketball,12:00
5621,M00208,2026-01-02,swimming pool,16:15
5622,M00162,2026-08-19,basketball,11:45
5623,M00394,2026-04-21,football,13:30
5624,M00325,2026-01-18,badminton,07:15
5625,M00328,2026-02-02,football,17:30
5626,M00437,2026-01-28,swimming pool,06:45
5627,M00196,2026-08-29,gym,21:15
5628,M00009,2026-06-13,basketball,13:15
5629,M00496,2026-07-23,basketball,21:45
5630,M00119,2026-01-31,football,15:15
5631,M00327,2026-02-02,basketball,18:15
5632,M00002,2026-07-19,football,07:00
5633,M00454,2026-08-21,gym,10:00
5634,M00050,2026-07-31,swimming pool,14:15
5635,M00199,2026-03-17,badminton,21:15
5636,M00054,2026-03-31,basketball,20:45
5637,M00097,2026-07-13,football,19:00
5638,M00594,2026-05-30,basketball,09:45
5639,M00374,2026-07-01,football,19:30
5640,M00409,2026-04-14,basketball,19:30
5641,M00042,2026-06-05,football,18:15
5642,M00200,2026-03-15,badminton,06:00
5643,M00376,2026-02-08,swimming pool,15:15
5644,M00389,2026-06-24,badminton,12:45
5645,M00206,2026-06-27,swimming pool,10:00
5646,M00594,2026-01-20,badminton,13:00
5647,M00470,2026-01-06,badminton,15:45
5648,M00250,2026-04-18,gym,09:30
5649,M00505,2026-07-21,football,09:00
5650,M00337,2026-01-10,gym,07:00
5651,M00407,2026-07-01,swimming pool,19:00
5652,M00032,2026-05-10,gym,10:45
5653,M00358,2026-05-24,football,12:30
5654,M00480,2026-08-21,badminton,20:15
5655,M00226,2026-03-23,badminton,12:30
5656,M00504,2026-08-17,gym,11:00
5657,M00291,2026-05-27,basketball,21:00
5658,M00259,2026-04-09,swimming pool,19:45
5659,M00291,2026-06-23,swimming pool,10:00
5660,M00213,2026-01-24,basketball,10:45
5661,M00434,2026-04-04,swimming pool,10:30
5662,M00403,2026-05-18,badminton,14:15
5663,M00511,2026-06-21,swimming pool,15:00
5664,M00041,2026-07-27,gym,10:00
5665,M00560,2026-04-11,gym,08:30
5666,M00387,2026-07-22,gym,16:00
5667,M00025,2026-05-24,badminton,14:15
5668,M00147,2026-05-07,gym,18:15
5669,M00059,2026-08-14,swimming pool,13:30
5670,M00431,2026-08-05,swimming pool,18:15
5671,M00014,2026-01-23,gym,07:00
5672,M00054,2026-05-15,football,13:00
5673,M00567,2026-04-24,football,09:00
5674,M00318,2026-08-07,football,07:15
5675,M00540,2026-06-14,swimming pool,16:30
5676,M00067,2026-03-27,football,11:00
5677,M00236,2026-01-13,badminton,13:45
5678,M00428,2026-04-19,gym,13:45
5679,M00404,2026-02-13,football,06:00
5680,M00144,2026-02-05,basketball,08:30
5681,M00586,2026-03-19,basketball,14:45
5682,M00004,2026-08-12,badminton,13:00
5683,M00091,2026-01-10,badminton,12:15
5684,M00009,2026-08-09,football,19:45
5685,M00208,2026-06-04,basketball,15:15
5686,M00097,2026-05-23,football,09:30
5687,M00144,2026-06-20,basketball,13:45
5688,M00418,2026-07-07,badminton,06:00
5689,M00416,2026-07-27,basketball,19:45
5690,M00101,2026-05-11,basketball,21:45
5691,M00129,2026-06-18,football,12:45
5692,M00242,2026-04-21,football,17:00
5693,M00090,2026-07-06,basketball,11:45
5694,M00412,2026-02-14,football,11:15
5695,M00436,2026-04-21,basketball,20:00
5696,M00584,2026-06-29,swimming pool,20:45
5697,M00088,2026-04-12,badminton,11:15
5698,M00564,2026-08-23,football,06:45
5699,M00299,2026-05-29,football,13:30
5700,M00580,2026-05-18,gym,10:30
5701,M00350,2026-06-09,basketball,21:45
5702,M00156,2026-04-22,badminton,21:45
5703,M00304,2026-01-07,football,12:30
5704,M00545,2026-01-07,badminton,06:00
5705,M00298,2026-02-01,basketball,09:45
5706,M00338,2026-05-04,football,12:00
5707,M00143,2026-06-01,badminton,18:30
5708,M00096,2026-05-17,football,20:00
5709,M00117,2026-08-04,badminton,19:00
5710,M00058,2026-08-12,badminton,07:00
5711,M00189,2026-03-09,badminton,11:45
5712,M00575,2026-08-02,basketball,17:45
5713,M00051,2026-06-10,swimming pool,06:15
5714,M00201,2026-01-05,gym,09:15
5715,M00349,2026-06-12,gym,08:45
5716,M00037,2026-05-07,badminton,11:00
5717,M00412,2026-06-19,football,17:15
5718,M00186,2026-02-11,swimming pool,12:45
5719,M00216,2026-07-30,gym,06:45
5720,M00173,2026-08-15,gym,06:45
5721,M00201,2026-01-06,swimming pool,14:15
5722,M00395,2026-06-16,basketball,10:30
5723,M00588,2026-04-26,badminton,13:45
5724,M00296,2026-01-07,badminton,21:00
5725,M00284,2026-03-20,basketball,17:45
5726,M00508,2026-03-07,gym,18:45
5727,M00214,2026-04-03,badminton,14:30
5728,M00225,2026-03-07,badminton,08:30
5729,M00390,2026-06-17,basketball,19:30
5730,M00527,2026-02-20,badminton,12:30
5731,M00576,2026-07-09,swimming pool,17:45
5732,M00164,2026-08-07,basketball,21:15
5733,M00445,2026-04-11,badminton,16:15
5734,M00158,2026-01-08,basketball,21:30
5735,M00538,2026-05-01,gym,15:15
5736,M00163,2026-07-17,basketball,12:30
5737,M00308,2026-03-04,basketball,16:00
5738,M00365,2026-01-07,badminton,16:00
5739,M00370,2026-07-04,gym,11:30
5740,M00411,2026-04-29,swimming pool,06:00
5741,M00469,2026-02-20,badminton,11:15
5742,M00581,2026-01-12,basketball,20:15
5743,M00502,2026-08-21,swimming pool,16:30
5744,M00354,2026-06-20,gym,13:00
5745,M00065,2026-04-18,swimming pool,16:30
5746,M00113,2026-04-01,gym,10:00
5747,M00308,2026-03-29,gym,11:00
5748,M00320,2026-02-23,badminton,13:00
5749,M00143,2026-08-21,basketball,14:15
5750,M00230,2026-07-12,basketball,16:15
5751,M00081,2026-07-24,gym,09:15
5752,M00245,2026-06-18,badminton,06:30
5753,M00171,2026-04-13,badminton,11:45
5754,M00271,2026-02-08,football,19:45
5755,M00188,2026-07-26,badminton,09:00
5756,M00537,2026-04-04,basketball,13:15
5757,M00568,2026-07-03,badminton,17:30
5758,M00351,2026-01-21,badminton,19:00
5759,M00083,2026-05-30,swimming pool,16:00
5760,M00081,2026-05-03,badminton,17:30
5761,M00321,2026-07-13,swimming pool,20:00
5762,M00428,2026-02-04,basketball,11:00
5763,M00426,2026-04-27,swimming pool,13:45
5764,M00257,2026-04-09,gym,10:00
5765,M00326,2026-08-01,basketball,17:45
5766,M00171,2026-07-14,basketball,14:00
5767,M00178,2026-07-12,basketball,06:30
5768,M00539,2026-01-31,football,20:45
5769,M00164,2026-01-04,football,07:45
5770,M00585,2026-03-01,gym,19:15
5771,M00021,2026-07-22,swimming pool,16:00
5772,M00447,2026-07-10,basketball,07:30
5773,M00344,2026-01-09,badminton,10:15
5774,M00429,2026-04-23,swimming pool,09:15
5775,M00221,2026-03-13,swimming pool,07:30
5776,M00515,2026-03-30,gym,15:15
5777,M00059,2026-02-07,badminton,13:45
5778,M00305,2026-04-04,gym,10:15
5779,M00244,2026-01-28,swimming pool,14:15
5780,M00483,2026-04-03,badminton,20:45
5781,M00478,2026-02-17,football,08:00
5782,M00340,2026-03-16,football,06:30
5783,M00265,2026-02-19,gym,12:30
5784,M00255,2026-04-22,football,17:15
5785,M00087,2026-08-15,gym,11:45
5786,M00496,2026-01-31,gym,16:00
5787,M00418,2026-02-07,football,09:45
5788,M00130,2026-04-10,badminton,08:45
5789,M00219,2026-08-08,swimming pool,09:45
5790,M00145,2026-06-25,football,08:00
5791,M00516,2026-05-06,swimming pool,10:15
5792,M00101,2026-06-01,football,13:45
5793,M00581,2026-08-19,gym,16:45
5794,M00224,2026-06-23,basketball,19:45
5795,M00117,2026-07-17,gym,17:15
5796,M00579,2026-05-12,basketball,21:00
5797,M00453,2026-06-14,badminton,17:00
5798,M00383,2026-08-10,swimming pool,07:30
5799,M00281,2026-03-23,gym,06:15
5800,M00007,2026-02-03,basketball,13:45
5801,M00569,2026-06-06,gym,12:30
5802,M00355,2026-08-14,gym,11:30
5803,M00516,2026-04-13,basketball,18:00
5804,M00244,2026-06-16,gym,14:00
5805,M00211,2026-03-11,basketball,20:30
5806,M00305,2026-06-10,gym,10:15
5807,M00435,2026-05-19,football,09:00
5808,M00078,2026-08-16,swimming pool,10:45
5809,M00177,2026-01-19,gym,16:00
5810,M00250,2026-03-04,badminton,18:00
5811,M00103,2026-05-20,badminton,11:15
5812,M00003,2026-01-26,swimming pool,11:30
5813,M00242,2026-02-14,gym,12:00
5814,M00397,2026-05-14,gym,19:15
5815,M00426,2026-08-04,gym,13:00
5816,M00491,2026-03-04,basketball,06:45
5817,M00523,2026-06-01,badminton,21:45
5818,M00494,2026-02-17,gym,07:00
5819,M00363,2026-02-03,gym,14:00
5820,M00052,2026-05-02,gym,20:00
5821,M00445,2026-03-03,badminton,17:00
5822,M00546,2026-08-03,football,16:00
5823,M00185,2026-02-25,basketball,06:30
5824,M00083,2026-07-15,gym,08:30
5825,M00312,2026-04-03,badminton,17:45
5826,M00484,2026-02-06,football,18:30
5827,M00347,2026-04-10,gym,11:45
5828,M00439,2026-05-08,gym,13:45
5829,M00457,2026-07-07,gym,19:15
5830,M00436,2026-03-03,football,17:45
5831,M00110,2026-02-04,basketball,18:45
5832,M00557,2026-02-26,gym,17:30
5833,M00507,2026-02-23,basketball,09:15
5834,M00558,2026-08-05,football,21:30
5835,M00048,2026-02-12,swimming pool,12:30
5836,M00390,2026-01-18,badminton,15:45
5837,M00391,2026-02-15,basketball,19:15
5838,M00224,2026-01-01,badminton,09:00
5839,M00469,2026-04-17,gym,15:15
5840,M00105,2026-04-06,swimming pool,15:15
5841,M00116,2026-06-03,basketball,19:15
5842,M00426,2026-03-09,basketball,06:30
5843,M00398,2026-03-22,basketball,18:45
5844,M00023,2026-02-25,basketball,13:00
5845,M00029,2026-03-13,football,13:45
5846,M00234,2026-04-13,swimming pool,08:30
5847,M00591,2026-02-16,swimming pool,09:15
5848,M00495,2026-08-28,gym,18:30
5849,M00229,2026-03-13,gym,07:30
5850,M00052,2026-04-07,swimming pool,09:00
5851,M00557,2026-04-26,swimming pool,10:15
5852,M00288,2026-05-03,gym,12:00
5853,M00090,2026-05-18,gym,20:45
5854,M00055,2026-08-06,basketball,16:45
5855,M00539,2026-06-06,football,14:45
5856,M00292,2026-05-29,football,20:00
5857,M00324,2026-02-11,swimming pool,09:45
5858,M00128,2026-01-29,badminton,19:30
5859,M00428,2026-04-02,football,09:00
5860,M00010,2026-04-21,gym,21:15
5861,M00321,2026-04-15,swimming pool,09:45
5862,M00205,2026-08-01,gym,11:45
5863,M00376,2026-08-02,badminton,20:15
5864,M00425,2026-01-27,basketball,15:45
5865,M00224,2026-05-05,football,08:00
5866,M00588,2026-08-03,swimming pool,07:45
5867,M00544,2026-08-31,swimming pool,07:00
5868,M00213,2026-06-14,gym,21:00
5869,M00437,2026-05-07,badminton,12:15
5870,M00118,2026-04-10,swimming pool,12:45
5871,M00124,2026-07-25,swimming pool,08:45
5872,M00540,2026-03-26,badminton,07:00
5873,M00318,2026-06-26,football,07:15
5874,M00488,2026-06-22,swimming pool,17:30
5875,M00381,2026-05-13,badminton,13:30
5876,M00432,2026-08-20,swimming pool,09:15
5877,M00494,2026-08-06,badminton,12:15
5878,M00149,2026-08-22,badminton,16:00
5879,M00449,2026-07-27,badminton,08:15
5880,M00331,2026-05-23,gym,14:45
5881,M00432,2026-08-18,swimming pool,09:15
5882,M00193,2026-04-14,gym,09:45
5883,M00239,2026-05-27,football,14:30
5884,M00265,2026-01-26,swimming pool,14:30
5885,M00240,2026-01-25,badminton,18:15
5886,M00054,2026-06-04,swimming pool,06:45
5887,M00410,2026-05-14,badminton,07:45
5888,M00314,2026-04-03,football,20:15
5889,M00285,2026-08-23,gym,11:00
5890,M00472,2026-05-04,swimming pool,16:00
5891,M00429,2026-04-13,football,08:00
5892,M00212,2026-02-25,football,21:15
5893,M00440,2026-04-26,gym,21:15
5894,M00124,2026-05-03,swimming pool,15:00
5895,M00185,2026-03-20,swimming pool,11:15
5896,M00277,2026-01-25,football,13:00
5897,M00422,2026-06-22,swimming pool,11:15
5898,M00445,2026-03-22,badminton,06:00
5899,M00558,2026-01-26,badminton,15:30
5900,M00173,2026-03-17,football,14:15
5901,M00032,2026-02-10,badminton,13:30
5902,M00008,2026-06-28,football,15:45
5903,M00422,2026-03-31,gym,09:45
5904,M00067,2026-03-28,basketball,14:00
5905,M00590,2026-03-14,gym,15:45
5906,M00360,2026-02-19,football,08:15
5907,M00479,2026-01-10,badminton,15:15
5908,M00308,2026-08-03,badminton,08:00
5909,M00521,2026-08-21,swimming pool,18:00
5910,M00073,2026-01-07,swimming pool,16:45
5911,M00328,2026-06-07,badminton,11:15
5912,M00037,2026-06-12,swimming pool,13:45
5913,M00392,2026-07-02,basketball,19:45
5914,M00178,2026-07-18,swimming pool,17:15
5915,M00238,2026-05-18,basketball,08:30
5916,M00096,2026-08-02,gym,12:00
5917,M00237,2026-07-20,badminton,10:30
5918,M00153,2026-03-17,gym,18:45
5919,M00182,2026-05-12,swimming pool,14:45
5920,M00196,2026-02-21,badminton,13:15
5921,M00264,2026-02-23,basketball,17:00
5922,M00540,2026-04-08,basketball,14:00
5923,M00520,2026-04-22,badminton,15:15
5924,M00292,2026-03-05,football,11:45
5925,M00137,2026-05-22,badminton,16:00
5926,M00461,2026-03-10,swimming pool,16:00
5927,M00592,2026-08-09,badminton,11:30
5928,M00279,2026-08-14,basketball,06:15
5929,M00583,2026-04-20,football,19:30
5930,M00335,2026-02-23,badminton,09:45
5931,M00415,2026-03-26,gym,14:45
5932,M00128,2026-07-25,football,12:00
5933,M00039,2026-07-15,football,16:30
5934,M00140,2026-05-21,football,20:15
5935,M00282,2026-03-14,football,18:45
5936,M00529,2026-04-22,basketball,20:30
5937,M00468,2026-01-05,basketball,09:45
5938,M00023,2026-08-12,basketball,07:00
5939,M00268,2026-06-09,basketball,08:00
5940,M00027,2026-07-14,swimming pool,14:45
5941,M00106,2026-03-28,basketball,21:30
5942,M00429,2026-04-21,badminton,06:30
5943,M00079,2026-05-19,football,19:00
5944,M00099,2026-04-09,basketball,15:30
5945,M00577,2026-08-16,swimming pool,12:30
5946,M00213,2026-04-05,football,19:30
5947,M00020,2026-08-15,badminton,16:00
5948,M00344,2026-07-20,basketball,19:15
5949,M00497,2026-03-29,badminton,07:15
5950,M00271,2026-08-19,swimming pool,19:00
5951,M00483,2026-08-01,football,11:30
5952,M00457,2026-02-01,badminton,07:15
5953,M00339,2026-01-15,swimming pool,16:45
5954,M00439,2026-07-10,swimming pool,18:30
5955,M00527,2026-07-22,gym,19:15
5956,M00530,2026-06-15,badminton,13:45
5957,M00573,2026-08-11,gym,18:15
5958,M00331,2026-05-12,badminton,13:00
5959,M00087,2026-01-06,gym,10:45
5960,M00563,2026-05-28,basketball,16:00
5961,M00214,2026-01-01,badminton,17:15
5962,M00502,2026-04-28,badminton,18:45
5963,M00050,2026-08-17,swimming pool,18:30
5964,M00425,2026-02-07,gym,12:45
5965,M00221,2026-03-06,badminton,15:15
5966,M00265,2026-04-14,football,18:15
5967,M00239,2026-01-27,football,08:15
5968,M00201,2026-02-26,badminton,20:45
5969,M00091,2026-05-03,gym,20:15
5970,M00128,2026-08-15,basketball,15:30
5971,M00366,2026-04-29,basketball,19:15
5972,M00424,2026-08-16,swimming pool,18:15
5973,M00402,2026-04-24,football,16:00
5974,M00522,2026-06-07,football,21:45
5975,M00272,2026-07-20,basketball,17:30
5976,M00294,2026-06-16,swimming pool,15:30
5977,M00142,2026-05-31,badminton,12:45
5978,M00471,2026-07-21,badminton,06:15
5979,M00488,2026-04-10,basketball,19:45
5980,M00289,2026-01-07,badminton,10:00
5981,M00492,2026-04-18,basketball,17:00
5982,M00316,2026-06-02,basketball,17:15
5983,M00306,2026-01-23,gym,16:45
5984,M00213,2026-06-16,swimming pool,07:00
5985,M00034,2026-06-14,gym,14:00
5986,M00419,2026-04-06,basketball,17:15
5987,M00248,2026-07-10,badminton,14:30
5988,M00251,2026-05-15,badminton,19:30
5989,M00252,2026-03-29,swimming pool,12:15
5990,M00422,2026-04-21,gym,06:00
5991,M00267,2026-04-30,gym,08:00
5992,M00062,2026-07-08,swimming pool,15:30
5993,M00432,2026-01-20,gym,18:30
5994,M00083,2026-01-23,football,09:30
5995,M00515,2026-02-25,basketball,14:45
5996,M00437,2026-01-20,badminton,15:45
5997,M00460,2026-04-19,gym,19:45
5998,M00001,2026-03-13,basketball,19:45
5999,M00393,2026-05-21,swimming pool,06:30
6000,M00137,2026-04-05,basketball,16:30
6001,M00018,2026-05-15,football,08:30
6002,M00169,2026-06-29,swimming pool,13:00
6003,M00185,2026-05-28,swimming pool,21:45
6004,M00293,2026-08-07,gym,16:30
6005,M00493,2026-06-24,swimming pool,19:15
6006,M00160,2026-01-18,badminton,07:30
6007,M00069,2026-02-25,gym,18:45
6008,M00034,2026-03-20,basketball,15:45
6009,M00250,2026-02-24,football,08:30
6010,M00465,2026-07-07,football,16:15
6011,M00268,2026-04-27,badminton,15:15
6012,M00003,2026-02-18,badminton,14:30
6013,M00106,2026-01-05,swimming pool,13:45
6014,M00232,2026-08-03,badminton,08:45
6015,M00424,2026-03-21,basketball,21:30
6016,M00098,2026-02-22,gym,12:30
6017,M00079,2026-05-10,swimming pool,06:15
6018,M00364,2026-05-12,badminton,12:30
6019,M00429,2026-07-17,badminton,08:30
6020,M00216,2026-06-09,football,17:15
6021,M00122,2026-05-06,football,16:30
6022,M00060,2026-07-27,football,15:00
6023,M00175,2026-05-22,basketball,16:30
6024,M00532,2026-08-03,gym,18:45
6025,M00354,2026-07-14,football,11:15
6026,M00551,2026-02-22,gym,13:30
6027,M00546,2026-07-15,football,08:00
6028,M00057,2026-02-20,football,08:30
6029,M00395,2026-02-18,badminton,10:15
6030,M00320,2026-08-23,swimming pool,09:30
6031,M00589,2026-04-29,swimming pool,07:00
6032,M00178,2026-01-17,football,16:15
6033,M00484,2026-08-20,swimming pool,15:00
6034,M00090,2026-03-17,basketball,08:15
6035,M00256,2026-01-22,badminton,17:30
6036,M00201,2026-08-06,gym,08:30
6037,M00229,2026-01-10,swimming pool,07:30
6038,M00304,2026-01-03,basketball,20:00
6039,M00103,2026-08-17,gym,19:30
6040,M00563,2026-03-19,badminton,16:45
6041,M00417,2026-07-09,basketball,13:30
6042,M00334,2026-08-15,badminton,09:15
6043,M00101,2026-02-06,basketball,14:30
6044,M00157,2026-01-15,basketball,15:00
6045,M00106,2026-01-06,basketball,09:45
6046,M00390,2026-06-26,football,08:00
6047,M00061,2026-08-18,football,10:15
6048,M00257,2026-02-04,gym,18:15
6049,M00428,2026-07-31,football,10:15
6050,M00086,2026-06-12,basketball,17:45
6051,M00175,2026-06-16,basketball,18:15
6052,M00032,2026-05-16,swimming pool,14:45
6053,M00587,2026-07-24,gym,06:00
6054,M00354,2026-05-26,swimming pool,10:30
6055,M00505,2026-02-03,swimming pool,20:00
6056,M00207,2026-02-10,swimming pool,06:00
6057,M00475,2026-08-22,badminton,16:45
6058,M00132,2026-03-07,swimming pool,20:00
6059,M00149,2026-06-06,badminton,08:30
6060,M00343,2026-02-17,gym,16:00
6061,M00151,2026-08-22,football,18:00
6062,M00390,2026-01-12,badminton,06:15
6063,M00187,2026-03-09,gym,19:30
6064,M00308,2026-08-15,basketball,14:45
6065,M00409,2026-06-27,football,16:00
6066,M00594,2026-01-06,badminton,08:30
6067,M00447,2026-04-11,badminton,12:00
6068,M00097,2026-08-19,basketball,16:30
6069,M00442,2026-07-26,swimming pool,13:45
6070,M00544,2026-05-11,football,20:45
6071,M00356,2026-04-19,football,13:00
6072,M00211,2026-04-10,gym,19:15
6073,M00142,2026-08-04,football,06:00
6074,M00101,2026-07-24,swimming pool,18:00
6075,M00287,2026-05-04,football,14:45
6076,M00082,2026-07-12,football,06:15
6077,M00522,2026-01-05,swimming pool,16:00
6078,M00263,2026-08-08,football,16:15
6079,M00574,2026-02-13,football,15:30
6080,M00076,2026-05-31,gym,14:45
6081,M00577,2026-07-07,gym,17:15
6082,M00316,2026-04-23,swimming pool,13:30
6083,M00096,2026-07-08,basketball,21:15
6084,M00058,2026-07-29,football,16:15
6085,M00130,2026-06-18,basketball,21:00
6086,M00570,2026-03-07,football,18:45
6087,M00340,2026-04-08,swimming pool,11:30
6088,M00548,2026-06-19,swimming pool,11:15
6089,M00550,2026-08-19,gym,09:15
6090,M00158,2026-03-04,badminton,12:00
6091,M00448,2026-08-18,football,16:45
6092,M00549,2026-07-06,badminton,19:45
6093,M00420,2026-06-13,basketball,06:45
6094,M00286,2026-03-24,football,13:45
6095,M00276,2026-07-07,badminton,16:45
6096,M00343,2026-02-07,gym,13:30
6097,M00206,2026-01-21,basketball,16:30
6098,M00338,2026-06-03,swimming pool,21:30
6099,M00551,2026-07-01,basketball,14:00
6100,M00066,2026-06-30,badminton,18:15
6101,M00439,2026-04-24,badminton,09:00
6102,M00505,2026-04-19,badminton,16:15
6103,M00275,2026-06-06,basketball,17:30
6104,M00074,2026-07-16,badminton,19:30
6105,M00115,2026-06-06,basketball,20:45
6106,M00244,2026-08-28,gym,07:15
6107,M00360,2026-07-08,football,11:00
6108,M00113,2026-04-12,swimming pool,07:00
6109,M00336,2026-05-28,basketball,10:15
6110,M00288,2026-02-07,swimming pool,14:15
6111,M00313,2026-07-17,football,11:45
6112,M00391,2026-04-16,football,07:30
6113,M00447,2026-06-17,gym,08:00
6114,M00282,2026-01-03,swimming pool,12:30
6115,M00567,2026-01-02,gym,16:15
6116,M00450,2026-07-11,swimming pool,17:45
6117,M00410,2026-07-11,basketball,09:30
6118,M00335,2026-03-08,badminton,19:00
6119,M00354,2026-03-04,football,10:45
6120,M00042,2026-06-07,basketball,21:30
6121,M00413,2026-06-12,swimming pool,21:15
6122,M00050,2026-06-11,badminton,12:45
6123,M00307,2026-06-09,football,08:00
6124,M00157,2026-07-01,football,17:45
6125,M00456,2026-07-09,swimming pool,17:00
6126,M00175,2026-01-22,badminton,16:15
6127,M00571,2026-03-04,gym,21:45
6128,M00349,2026-08-12,badminton,10:00
6129,M00163,2026-04-09,swimming pool,19:30
6130,M00223,2026-08-30,football,17:45
6131,M00490,2026-06-14,football,14:30
6132,M00405,2026-01-01,basketball,06:45
6133,M00352,2026-01-22,football,09:00
6134,M00468,2026-05-04,badminton,17:00
6135,M00157,2026-05-27,badminton,15:00
6136,M00315,2026-06-04,swimming pool,16:15
6137,M00103,2026-04-20,badminton,11:15
6138,M00530,2026-07-19,badminton,21:30
6139,M00451,2026-04-24,basketball,17:45
6140,M00327,2026-05-30,gym,21:00
6141,M00371,2026-03-25,badminton,14:15
6142,M00314,2026-02-26,basketball,21:45
6143,M00105,2026-03-28,basketball,11:15
6144,M00003,2026-08-01,football,14:00
6145,M00499,2026-04-14,swimming pool,15:00
6146,M00355,2026-02-23,badminton,20:45
6147,M00128,2026-01-14,gym,09:00
6148,M00342,2026-06-14,badminton,20:45
6149,M00235,2026-07-16,badminton,14:15
6150,M00074,2026-07-29,badminton,21:15
6151,M00178,2026-04-01,badminton,20:30
6152,M00411,2026-03-07,gym,13:30
6153,M00277,2026-06-15,basketball,15:00
6154,M00403,2026-05-17,badminton,17:45
6155,M00220,2026-06-08,badminton,10:15
6156,M00149,2026-05-18,badminton,17:30
6157,M00566,2026-01-05,football,17:45
6158,M00309,2026-08-02,basketball,17:00
6159,M00419,2026-04-14,gym,10:30
6160,M00121,2026-07-18,swimming pool,19:15
6161,M00245,2026-02-24,badminton,20:00
6162,M00308,2026-01-05,basketball,09:30
6163,M00411,2026-07-26,football,20:00
6164,M00261,2026-07-06,basketball,21:15
6165,M00298,2026-02-01,football,17:30
6166,M00586,2026-03-29,gym,12:45
6167,M00291,2026-04-06,basketball,07:00
6168,M00473,2026-01-07,swimming pool,18:00
6169,M00020,2026-01-20,basketball,17:00
6170,M00041,2026-07-14,gym,20:00
6171,M00393,2026-04-28,football,14:00
6172,M00501,2026-05-20,basketball,11:30
6173,M00322,2026-06-24,gym,18:15
6174,M00113,2026-07-11,badminton,13:45
6175,M00456,2026-04-13,swimming pool,17:15
6176,M00439,2026-05-05,swimming pool,17:30
6177,M00540,2026-06-02,basketball,07:45
6178,M00060,2026-04-27,swimming pool,10:15
6179,M00277,2026-07-19,gym,12:15
6180,M00354,2026-07-29,gym,12:00
6181,M00077,2026-03-11,swimming pool,07:45
6182,M00318,2026-02-12,basketball,15:15
6183,M00443,2026-04-14,swimming pool,16:45
6184,M00582,2026-04-16,basketball,08:30
6185,M00533,2026-01-06,swimming pool,06:00
6186,M00468,2026-06-22,swimming pool,17:45
6187,M00374,2026-05-24,swimming pool,18:00
6188,M00526,2026-02-14,badminton,11:45
6189,M00243,2026-08-18,basketball,14:00
6190,M00145,2026-08-15,football,18:45
6191,M00598,2026-01-27,gym,10:15
6192,M00201,2026-07-23,swimming pool,08:30
6193,M00171,2026-03-24,swimming pool,18:00
6194,M00111,2026-05-30,basketball,10:30
6195,M00314,2026-04-11,badminton,20:30
6196,M00280,2026-04-07,badminton,12:15
6197,M00384,2026-06-25,badminton,14:30
6198,M00079,2026-01-29,football,09:30
6199,M00088,2026-02-24,basketball,20:15
6200,M00524,2026-01-05,badminton,10:00
6201,M00212,2026-05-22,football,09:15
6202,M00456,2026-08-03,basketball,15:00
6203,M00550,2026-07-19,badminton,21:00
6204,M00267,2026-04-08,swimming pool,11:00
6205,M00077,2026-03-08,football,13:15
6206,M00249,2026-03-24,badminton,07:00
6207,M00114,2026-02-17,basketball,11:15
6208,M00399,2026-01-03,swimming pool,06:45
6209,M00405,2026-08-24,badminton,20:45
6210,M00048,2026-07-07,football,06:45
6211,M00495,2026-04-22,gym,13:45
6212,M00387,2026-02-06,football,17:00
6213,M00495,2026-04-18,basketball,08:45
6214,M00190,2026-01-25,basketball,10:00
6215,M00289,2026-05-20,football,18:00
6216,M00307,2026-01-27,football,18:15
6217,M00046,2026-02-27,swimming pool,18:30
6218,M00337,2026-07-23,basketball,14:45
6219,M00479,2026-03-18,gym,08:45
6220,M00038,2026-03-24,swimming pool,06:45
6221,M00257,2026-07-23,football,07:45
6222,M00016,2026-02-28,badminton,10:30
6223,M00118,2026-06-30,football,20:00
6224,M00127,2026-05-22,gym,17:00
6225,M00193,2026-04-12,football,10:45
6226,M00476,2026-01-03,basketball,14:15
6227,M00121,2026-03-27,swimming pool,08:15
6228,M00408,2026-07-06,swimming pool,16:15
6229,M00412,2026-07-23,gym,10:15
6230,M00116,2026-04-19,football,06:45
6231,M00376,2026-07-22,badminton,06:15
6232,M00238,2026-02-20,badminton,13:30
6233,M00197,2026-06-24,football,08:00
6234,M00419,2026-04-03,basketball,13:30
6235,M00087,2026-05-03,badminton,16:30
6236,M00387,2026-05-27,swimming pool,17:00
6237,M00027,2026-08-13,swimming pool,08:30
6238,M00049,2026-08-21,gym,10:15
6239,M00194,2026-01-23,football,16:30
6240,M00526,2026-06-12,football,21:00
6241,M00226,2026-03-28,football,20:00
6242,M00505,2026-08-26,basketball,08:45
6243,M00028,2026-02-19,gym,17:45
6244,M00513,2026-04-26,gym,15:00
6245,M00133,2026-03-06,basketball,06:30
6246,M00096,2026-04-11,badminton,13:30
6247,M00214,2026-03-03,basketball,18:30
6248,M00119,2026-07-13,football,20:45
6249,M00469,2026-04-29,basketball,07:00
6250,M00398,2026-03-13,swimming pool,15:30
6251,M00466,2026-06-23,swimming pool,08:45
6252,M00243,2026-01-12,swimming pool,13:15
6253,M00271,2026-05-29,basketball,20:30
6254,M00512,2026-08-18,badminton,16:00
6255,M00001,2026-03-19,football,14:00
6256,M00311,2026-06-29,basketball,12:00
6257,M00555,2026-01-24,badminton,18:00
6258,M00350,2026-08-05,badminton,11:45
6259,M00053,2026-04-27,football,17:30
6260,M00489,2026-04-16,gym,09:00
6261,M00053,2026-05-04,football,21:45
6262,M00315,2026-08-14,basketball,17:30
6263,M00360,2026-04-18,badminton,20:15
6264,M00525,2026-05-25,basketball,10:15
6265,M00397,2026-06-24,football,12:30
6266,M00520,2026-03-28,badminton,06:15
6267,M00594,2026-01-03,football,14:45
6268,M00542,2026-08-08,badminton,19:00
6269,M00445,2026-04-08,football,11:45
6270,M00070,2026-02-25,football,10:45
6271,M00562,2026-05-02,gym,20:45
6272,M00468,2026-04-23,football,17:45
6273,M00042,2026-07-13,swimming pool,19:15
6274,M00386,2026-02-27,basketball,20:15
6275,M00455,2026-01-18,gym,07:45
6276,M00245,2026-04-02,gym,10:45
6277,M00177,2026-02-17,gym,19:15
6278,M00295,2026-02-21,swimming pool,13:15
6279,M00248,2026-01-14,swimming pool,12:15
6280,M00259,2026-03-13,basketball,06:45
6281,M00029,2026-08-02,basketball,14:15
6282,M00003,2026-04-13,football,17:15
6283,M00196,2026-03-29,basketball,18:30
6284,M00144,2026-06-03,badminton,08:15
6285,M00518,2026-03-29,swimming pool,21:00
6286,M00034,2026-07-21,basketball,14:30
6287,M00544,2026-08-15,football,16:30
6288,M00545,2026-05-03,badminton,13:00
6289,M00120,2026-05-29,football,06:30
6290,M00171,2026-04-03,badminton,15:15
6291,M00543,2026-07-25,gym,16:15
6292,M00455,2026-04-16,badminton,10:30
6293,M00342,2026-07-24,gym,21:45
6294,M00564,2026-05-16,basketball,18:00
6295,M00185,2026-01-11,swimming pool,10:15
6296,M00126,2026-03-05,gym,21:00
6297,M00096,2026-06-09,badminton,18:45
6298,M00214,2026-06-01,football,10:45
6299,M00580,2026-05-15,basketball,11:45
6300,M00208,2026-07-31,gym,14:15
6301,M00318,2026-05-26,badminton,19:15
6302,M00591,2026-07-29,gym,21:45
6303,M00318,2026-03-18,gym,19:00
6304,M00241,2026-02-19,swimming pool,06:45
6305,M00005,2026-01-05,badminton,08:00
6306,M00184,2026-05-15,basketball,15:30
6307,M00082,2026-02-08,gym,10:15
6308,M00004,2026-01-22,basketball,17:30
6309,M00376,2026-08-31,badminton,08:45
6310,M00283,2026-05-16,basketball,10:00
6311,M00057,2026-08-11,badminton,18:45
6312,M00135,2026-08-12,basketball,16:00
6313,M00101,2026-04-02,swimming pool,18:45
6314,M00259,2026-03-12,swimming pool,07:15
6315,M00408,2026-01-15,basketball,16:30
6316,M00556,2026-08-27,swimming pool,12:00
6317,M00587,2026-04-06,football,21:15
6318,M00244,2026-06-26,football,12:45
6319,M00548,2026-07-01,gym,19:00
6320,M00091,2026-08-10,badminton,16:45
6321,M00158,2026-02-28,swimming pool,18:45
6322,M00078,2026-03-10,football,16:00
6323,M00472,2026-01-02,gym,17:00
6324,M00110,2026-05-25,basketball,21:45
6325,M00136,2026-01-08,football,10:30
6326,M00076,2026-05-27,swimming pool,07:00
6327,M00576,2026-02-09,football,17:15
6328,M00244,2026-02-28,swimming pool,20:00
6329,M00276,2026-05-28,swimming pool,21:30
6330,M00518,2026-02-11,football,09:30
6331,M00549,2026-08-29,badminton,16:00
6332,M00080,2026-04-20,swimming pool,20:00
6333,M00290,2026-06-03,swimming pool,06:45
6334,M00343,2026-08-01,basketball,15:00
6335,M00318,2026-08-23,swimming pool,15:45
6336,M00244,2026-05-30,basketball,11:45
6337,M00134,2026-03-30,football,08:15
6338,M00072,2026-02-15,badminton,21:45
6339,M00242,2026-07-14,basketball,20:45
6340,M00176,2026-08-14,badminton,15:15
6341,M00314,2026-02-20,badminton,15:45
6342,M00532,2026-05-07,swimming pool,18:30
6343,M00488,2026-01-29,badminton,18:30
6344,M00229,2026-08-17,football,07:15
6345,M00586,2026-01-13,swimming pool,14:00
6346,M00304,2026-02-02,badminton,21:45
6347,M00052,2026-06-10,gym,07:30
6348,M00010,2026-06-03,gym,19:30
6349,M00495,2026-02-28,basketball,19:15
6350,M00295,2026-08-14,swimming pool,18:45
6351,M00142,2026-02-02,badminton,14:15
6352,M00034,2026-02-26,basketball,13:00
6353,M00087,2026-07-03,badminton,07:00
6354,M00341,2026-02-07,basketball,13:00
6355,M00117,2026-07-12,basketball,11:15
6356,M00406,2026-03-21,gym,14:45
6357,M00337,2026-04-18,football,06:00
6358,M00068,2026-05-14,badminton,10:15
6359,M00223,2026-03-26,football,14:45
6360,M00314,2026-02-11,swimming pool,13:30
6361,M00428,2026-06-25,basketball,21:45
6362,M00085,2026-04-01,swimming pool,06:15
6363,M00171,2026-04-21,swimming pool,15:45
6364,M00242,2026-04-14,badminton,06:00
6365,M00208,2026-02-06,football,06:00
6366,M00057,2026-04-21,badminton,20:45
6367,M00070,2026-08-10,badminton,15:15
6368,M00463,2026-05-09,basketball,13:30
6369,M00326,2026-03-08,gym,15:15
6370,M00255,2026-02-01,basketball,21:15
6371,M00063,2026-07-08,basketball,20:30
6372,M00275,2026-08-31,football,13:15
6373,M00314,2026-03-01,football,18:00
6374,M00284,2026-03-23,swimming pool,11:30
6375,M00179,2026-05-12,basketball,13:30
6376,M00468,2026-02-20,swimming pool,09:15
6377,M00253,2026-01-06,basketball,13:30
6378,M00349,2026-03-05,swimming pool,07:15
6379,M00236,2026-04-19,badminton,09:15
6380,M00157,2026-03-17,basketball,14:00
6381,M00584,2026-05-18,badminton,12:45
6382,M00162,2026-01-15,swimming pool,13:30
6383,M00046,2026-03-24,gym,18:00
6384,M00129,2026-03-05,swimming pool,16:00
6385,M00030,2026-05-05,gym,17:30
6386,M00333,2026-05-17,basketball,07:30
6387,M00054,2026-03-11,swimming pool,10:30
6388,M00350,2026-04-11,badminton,08:00
6389,M00161,2026-04-06,badminton,08:15
6390,M00329,2026-03-01,football,07:45
6391,M00530,2026-01-20,football,08:15
6392,M00354,2026-08-20,gym,17:15
6393,M00318,2026-06-06,badminton,08:45
6394,M00113,2026-03-27,basketball,16:30
6395,M00509,2026-02-01,basketball,19:15
6396,M00178,2026-05-12,swimming pool,14:45
6397,M00252,2026-01-05,basketball,09:45
6398,M00138,2026-08-05,gym,17:45
6399,M00244,2026-03-22,swimming pool,06:00
6400,M00470,2026-04-22,gym,16:00
6401,M00297,2026-02-09,gym,16:45
6402,M00513,2026-07-27,badminton,19:45
6403,M00472,2026-08-13,gym,15:15
6404,M00221,2026-06-27,basketball,06:00
6405,M00039,2026-01-28,gym,08:30
6406,M00428,2026-07-07,gym,07:15
6407,M00153,2026-05-05,football,09:15
6408,M00040,2026-03-13,basketball,09:45
6409,M00249,2026-05-23,football,09:45
6410,M00521,2026-05-02,football,17:00
6411,M00541,2026-07-29,badminton,19:00
6412,M00359,2026-06-10,gym,18:30
6413,M00410,2026-07-14,football,11:45
6414,M00491,2026-02-15,football,07:00
6415,M00491,2026-02-09,basketball,11:00
6416,M00568,2026-01-29,badminton,20:15
6417,M00198,2026-04-28,swimming pool,17:45
6418,M00290,2026-01-05,basketball,13:00
6419,M00547,2026-02-26,gym,18:45
6420,M00533,2026-07-14,football,17:00
6421,M00262,2026-03-30,badminton,12:45
6422,M00473,2026-08-17,gym,14:45
6423,M00493,2026-03-09,football,07:45
6424,M00389,2026-05-15,football,19:45
6425,M00382,2026-01-18,football,16:45
6426,M00104,2026-01-22,basketball,15:30
6427,M00442,2026-01-12,badminton,17:45
6428,M00213,2026-03-19,swimming pool,08:00
6429,M00450,2026-02-23,football,10:00
6430,M00034,2026-02-04,badminton,17:45
6431,M00340,2026-07-14,swimming pool,13:45
6432,M00489,2026-05-04,swimming pool,06:15
6433,M00102,2026-04-07,basketball,21:00
6434,M00165,2026-08-03,basketball,09:30
6435,M00290,2026-05-21,basketball,10:00
6436,M00106,2026-02-06,badminton,07:15
6437,M00384,2026-07-29,badminton,16:30
6438,M00025,2026-06-18,gym,16:30
6439,M00033,2026-05-10,gym,12:45
6440,M00412,2026-06-11,basketball,13:45
6441,M00139,2026-03-21,basketball,09:45
6442,M00220,2026-01-04,swimming pool,15:15
6443,M00539,2026-02-26,gym,06:00
6444,M00595,2026-01-21,badminton,13:30
6445,M00162,2026-06-07,badminton,13:00
6446,M00504,2026-06-27,badminton,09:45
6447,M00582,2026-05-25,basketball,16:30
6448,M00424,2026-07-13,basketball,10:45
6449,M00200,2026-04-02,gym,18:15
6450,M00149,2026-03-28,swimming pool,20:30
6451,M00414,2026-01-15,gym,11:15
6452,M00256,2026-01-10,swimming pool,13:30
6453,M00040,2026-04-06,basketball,20:45
6454,M00105,2026-02-17,badminton,08:30
6455,M00532,2026-05-25,gym,14:00
6456,M00529,2026-08-06,swimming pool,06:30
6457,M00072,2026-04-16,basketball,19:00
6458,M00556,2026-07-25,gym,11:15
6459,M00594,2026-02-02,basketball,15:30
6460,M00498,2026-06-12,football,07:45
6461,M00199,2026-04-17,gym,16:15
6462,M00486,2026-04-11,football,16:30
6463,M00311,2026-03-19,swimming pool,06:15
6464,M00164,2026-07-24,badminton,10:30
6465,M00550,2026-05-20,basketball,12:00
6466,M00251,2026-08-11,basketball,13:45
6467,M00079,2026-03-18,badminton,07:15
6468,M00076,2026-08-03,gym,07:15
6469,M00390,2026-06-23,basketball,09:30
6470,M00125,2026-06-04,swimming pool,19:00
6471,M00393,2026-01-22,gym,14:45
6472,M00095,2026-08-12,football,09:00
6473,M00595,2026-07-25,football,10:30
6474,M00388,2026-06-18,football,10:30
6475,M00498,2026-04-15,football,12:30
6476,M00065,2026-01-12,swimming pool,14:00
6477,M00288,2026-01-24,swimming pool,08:00
6478,M00114,2026-08-30,football,09:30
6479,M00010,2026-08-31,badminton,08:15
6480,M00161,2026-03-22,gym,20:00
6481,M00318,2026-03-21,basketball,07:30
6482,M00425,2026-01-01,football,14:00
6483,M00396,2026-04-27,gym,15:45
6484,M00540,2026-02-24,gym,06:15
6485,M00108,2026-03-09,badminton,18:30
6486,M00323,2026-05-02,swimming pool,10:45
6487,M00336,2026-06-19,basketball,14:00
6488,M00466,2026-07-05,badminton,06:15
6489,M00220,2026-08-08,basketball,14:30
6490,M00595,2026-06-07,football,20:00
6491,M00236,2026-03-05,football,09:15
6492,M00403,2026-07-11,football,15:00
6493,M00191,2026-07-28,basketball,15:00
6494,M00005,2026-08-02,basketball,06:15
6495,M00172,2026-04-20,basketball,17:15
6496,M00067,2026-06-29,football,07:30
6497,M00501,2026-08-25,basketball,13:00
6498,M00038,2026-01-21,gym,18:30
6499,M00303,2026-04-15,gym,11:30
6500,M00232,2026-04-12,gym,18:30
6501,M00022,2026-01-16,badminton,20:30
6502,M00534,2026-04-13,basketball,15:45
6503,M00598,2026-07-28,football,14:30
6504,M00530,2026-01-18,basketball,06:15
6505,M00416,2026-07-26,gym,06:00
6506,M00467,2026-07-24,basketball,06:00
6507,M00456,2026-05-05,swimming pool,21:30
6508,M00588,2026-08-21,badminton,12:15
6509,M00038,2026-04-24,football,09:00
6510,M00076,2026-04-24,gym,19:00
6511,M00038,2026-03-13,football,06:15
6512,M00096,2026-03-10,badminton,15:00
6513,M00366,2026-03-27,football,19:45
6514,M00287,2026-02-28,swimming pool,13:30
6515,M00579,2026-07-06,basketball,16:30
6516,M00166,2026-02-28,football,09:45
6517,M00028,2026-07-29,swimming pool,13:30
6518,M00250,2026-08-21,gym,07:30
6519,M00600,2026-05-30,swimming pool,18:45
6520,M00357,2026-02-24,basketball,09:45
6521,M00468,2026-03-02,gym,20:15
6522,M00582,2026-08-11,badminton,19:15
6523,M00280,2026-05-10,basketball,10:15
6524,M00574,2026-07-30,badminton,18:30
6525,M00250,2026-08-02,football,10:45
6526,M00398,2026-05-22,basketball,08:30
6527,M00081,2026-08-25,swimming pool,14:15
6528,M00128,2026-08-18,basketball,18:45
6529,M00035,2026-04-21,gym,17:30
6530,M00573,2026-06-14,gym,21:15
6531,M00328,2026-04-29,football,10:00
6532,M00125,2026-04-10,swimming pool,16:00
6533,M00403,2026-06-28,football,12:30
6534,M00270,2026-04-11,badminton,18:15
6535,M00548,2026-06-27,football,20:00
6536,M00105,2026-08-29,badminton,16:30
6537,M00498,2026-01-02,swimming pool,13:30
6538,M00136,2026-05-02,gym,18:45
6539,M00598,2026-02-08,badminton,16:15
6540,M00057,2026-03-26,gym,11:45
6541,M00055,2026-01-02,gym,08:00
6542,M00057,2026-01-22,badminton,19:00
6543,M00426,2026-01-19,football,20:15
6544,M00576,2026-03-08,badminton,08:15
6545,M00090,2026-08-07,swimming pool,06:00
6546,M00570,2026-05-12,swimming pool,12:30
6547,M00385,2026-08-02,football,07:45
6548,M00490,2026-02-02,swimming pool,12:00
6549,M00063,2026-03-09,badminton,09:45
6550,M00478,2026-08-31,swimming pool,19:30
6551,M00325,2026-07-05,basketball,08:15
6552,M00130,2026-01-19,football,10:15
6553,M00022,2026-04-16,swimming pool,08:45
6554,M00295,2026-02-01,basketball,18:00
6555,M00229,2026-08-01,gym,10:15
6556,M00424,2026-03-09,gym,19:15
6557,M00434,2026-05-10,swimming pool,16:00
6558,M00424,2026-08-05,basketball,19:30
6559,M00016,2026-08-03,swimming pool,10:15
6560,M00592,2026-06-20,gym,13:15
6561,M00352,2026-02-05,football,10:45
6562,M00466,2026-08-22,gym,11:45
6563,M00247,2026-04-29,football,14:30
6564,M00170,2026-08-28,swimming pool,16:15
6565,M00425,2026-07-14,badminton,14:30
6566,M00533,2026-03-13,swimming pool,19:45
6567,M00520,2026-01-29,gym,08:30
6568,M00228,2026-02-26,gym,19:30
6569,M00025,2026-06-04,football,06:30
6570,M00576,2026-05-08,basketball,08:30
6571,M00325,2026-06-29,badminton,07:45
6572,M00171,2026-07-19,basketball,21:00
6573,M00176,2026-08-25,badminton,09:15
6574,M00017,2026-07-02,badminton,18:15
6575,M00480,2026-02-13,gym,19:15
6576,M00407,2026-04-12,gym,12:15
6577,M00195,2026-03-24,football,15:00
6578,M00549,2026-07-23,gym,11:30
6579,M00353,2026-06-18,football,21:45
6580,M00233,2026-07-04,basketball,12:30
6581,M00501,2026-08-07,football,16:30
6582,M00070,2026-05-25,swimming pool,14:45
6583,M00276,2026-06-24,gym,08:00
6584,M00491,2026-06-22,swimming pool,18:45
6585,M00013,2026-02-25,football,19:15
6586,M00364,2026-04-11,basketball,19:00
6587,M00106,2026-02-11,badminton,15:15
6588,M00211,2026-02-23,gym,06:00
6589,M00371,2026-04-12,swimming pool,07:15
6590,M00592,2026-02-12,badminton,10:45
6591,M00229,2026-08-21,swimming pool,09:00
6592,M00484,2026-06-24,football,12:00
6593,M00176,2026-06-12,basketball,13:45
6594,M00362,2026-07-15,badminton,17:15
6595,M00189,2026-01-01,basketball,10:00
6596,M00066,2026-06-07,basketball,06:30
6597,M00142,2026-05-20,basketball,14:00
6598,M00448,2026-06-24,swimming pool,21:45
6599,M00215,2026-06-11,basketball,16:00
6600,M00161,2026-06-09,badminton,17:30
6601,M00094,2026-06-25,gym,06:30
6602,M00083,2026-01-09,football,09:30
6603,M00551,2026-07-16,badminton,10:15
6604,M00440,2026-08-13,swimming pool,12:00
6605,M00014,2026-02-23,basketball,06:45
6606,M00138,2026-02-03,swimming pool,16:00
6607,M00158,2026-07-10,football,13:00
6608,M00195,2026-06-21,badminton,10:30
6609,M00203,2026-04-27,badminton,12:00
6610,M00446,2026-07-16,football,10:00
6611,M00115,2026-08-12,basketball,18:15
6612,M00127,2026-04-19,basketball,18:45
6613,M00313,2026-01-03,swimming pool,12:00
6614,M00261,2026-04-06,badminton,14:00
6615,M00020,2026-04-10,gym,19:45
6616,M00271,2026-05-29,basketball,06:00
6617,M00560,2026-03-15,badminton,16:00
6618,M00103,2026-03-26,gym,21:45
6619,M00307,2026-02-06,football,19:15
6620,M00529,2026-01-01,football,10:30
6621,M00099,2026-01-31,badminton,06:30
6622,M00019,2026-06-17,football,19:45
6623,M00102,2026-07-07,swimming pool,09:30
6624,M00167,2026-07-01,badminton,17:15
6625,M00251,2026-06-28,swimming pool,10:00
6626,M00333,2026-05-09,football,12:45
6627,M00456,2026-06-12,badminton,13:30
6628,M00278,2026-07-09,gym,15:45
6629,M00415,2026-02-14,badminton,12:30
6630,M00048,2026-07-17,gym,08:00
6631,M00338,2026-07-18,swimming pool,16:30
6632,M00519,2026-06-25,basketball,11:45
6633,M00457,2026-06-30,football,11:45
6634,M00042,2026-02-26,gym,20:30
6635,M00545,2026-05-31,gym,13:00
6636,M00261,2026-08-21,badminton,06:45
6637,M00121,2026-08-03,football,19:00
6638,M00317,2026-07-31,swimming pool,11:15
6639,M00377,2026-06-29,badminton,15:30
6640,M00186,2026-01-12,badminton,17:45
6641,M00454,2026-03-24,basketball,21:00
6642,M00110,2026-06-24,swimming pool,20:15
6643,M00019,2026-07-01,badminton,16:45
6644,M00422,2026-02-06,basketball,14:30
6645,M00107,2026-01-23,basketball,06:30
6646,M00544,2026-05-27,basketball,07:00
6647,M00357,2026-06-18,swimming pool,11:00
6648,M00211,2026-02-21,basketball,18:00
6649,M00008,2026-08-23,football,12:30
6650,M00470,2026-04-21,gym,10:15
6651,M00008,2026-06-25,basketball,14:45
6652,M00109,2026-07-09,gym,13:45
6653,M00592,2026-08-15,football,10:45
6654,M00108,2026-06-12,badminton,18:00
6655,M00226,2026-02-24,football,21:30
6656,M00150,2026-05-12,badminton,18:00
6657,M00560,2026-07-17,badminton,13:45
6658,M00406,2026-06-28,swimming pool,07:00
6659,M00005,2026-05-01,swimming pool,21:30
6660,M00597,2026-06-06,badminton,14:30
6661,M00474,2026-06-25,badminton,15:30
6662,M00113,2026-08-06,gym,20:45
6663,M00596,2026-08-20,swimming pool,19:15
6664,M00395,2026-06-13,badminton,15:15
6665,M00305,2026-07-16,basketball,17:00
6666,M00401,2026-01-08,badminton,13:30
6667,M00594,2026-06-16,football,12:30
6668,M00582,2026-07-09,gym,20:45
6669,M00373,2026-05-10,badminton,20:15
6670,M00509,2026-03-26,basketball,08:45
6671,M00489,2026-05-15,badminton,12:30
6672,M00040,2026-05-06,swimming pool,07:45
6673,M00101,2026-07-26,basketball,20:45
6674,M00097,2026-08-14,swimming pool,16:00
6675,M00003,2026-05-06,football,12:45
6676,M00598,2026-02-10,swimming pool,12:15
6677,M00514,2026-03-24,badminton,06:15
6678,M00194,2026-04-15,football,16:15
6679,M00568,2026-03-27,gym,11:15
6680,M00090,2026-07-15,swimming pool,18:30
6681,M00201,2026-02-10,basketball,13:30
6682,M00339,2026-07-27,gym,15:45
6683,M00160,2026-03-09,football,07:15
6684,M00144,2026-02-02,swimming pool,14:45
6685,M00499,2026-01-20,badminton,19:30
6686,M00035,2026-05-30,swimming pool,17:30
6687,M00377,2026-03-30,basketball,07:15
6688,M00038,2026-01-11,basketball,09:45
6689,M00258,2026-01-19,swimming pool,19:30
6690,M00272,2026-08-28,badminton,14:45
6691,M00402,2026-01-29,swimming pool,09:15
6692,M00096,2026-06-12,swimming pool,21:00
6693,M00429,2026-03-25,gym,20:45
6694,M00106,2026-08-20,swimming pool,11:15
6695,M00555,2026-06-16,swimming pool,06:30
6696,M00396,2026-03-17,badminton,19:30
6697,M00255,2026-06-21,gym,14:30
6698,M00379,2026-03-24,badminton,16:00
6699,M00130,2026-04-15,swimming pool,16:45
6700,M00007,2026-05-08,basketball,21:30
6701,M00222,2026-03-01,swimming pool,21:45
6702,M00197,2026-05-28,football,07:30
6703,M00421,2026-01-10,gym,11:15
6704,M00410,2026-05-25,basketball,10:45
6705,M00577,2026-01-05,swimming pool,11:15
6706,M00064,2026-05-25,basketball,17:30
6707,M00024,2026-04-13,gym,20:00
6708,M00443,2026-06-14,basketball,06:00
6709,M00349,2026-06-23,gym,11:00
6710,M00058,2026-02-23,football,12:30
6711,M00317,2026-06-06,gym,20:45
6712,M00488,2026-08-17,swimming pool,09:45
6713,M00187,2026-07-06,gym,12:15
6714,M00237,2026-05-31,gym,11:45
6715,M00151,2026-01-29,gym,16:15
6716,M00026,2026-05-03,gym,11:15
6717,M00428,2026-01-11,gym,10:15
6718,M00524,2026-03-01,basketball,20:30
6719,M00187,2026-04-27,gym,16:30
6720,M00574,2026-03-24,basketball,20:15
6721,M00561,2026-08-27,swimming pool,07:45
6722,M00199,2026-02-08,swimming pool,06:00
6723,M00172,2026-04-18,football,07:30
6724,M00265,2026-04-17,basketball,17:30
6725,M00141,2026-07-09,badminton,21:45
6726,M00014,2026-08-05,football,19:00
6727,M00437,2026-08-15,badminton,20:15
6728,M00264,2026-08-23,badminton,11:30
6729,M00473,2026-02-25,basketball,20:30
6730,M00481,2026-05-07,football,14:00
6731,M00453,2026-01-01,football,14:45
6732,M00326,2026-05-03,basketball,20:00
6733,M00445,2026-01-23,swimming pool,20:15
6734,M00559,2026-03-20,swimming pool,18:00
6735,M00140,2026-05-12,swimming pool,18:00
6736,M00387,2026-03-07,gym,20:00
6737,M00002,2026-03-29,swimming pool,21:00
6738,M00529,2026-08-30,basketball,07:30
6739,M00397,2026-07-06,basketball,06:15
6740,M00077,2026-06-26,basketball,18:30
6741,M00484,2026-08-11,football,17:00
6742,M00148,2026-04-30,football,12:00
6743,M00179,2026-07-14,badminton,10:30
6744,M00244,2026-04-06,badminton,08:45
6745,M00019,2026-01-22,football,08:30
6746,M00570,2026-01-06,football,20:00
6747,M00122,2026-05-01,gym,18:45
6748,M00106,2026-04-04,swimming pool,07:45
6749,M00479,2026-06-16,gym,07:45
6750,M00293,2026-01-15,badminton,13:15
6751,M00435,2026-05-21,football,17:45
6752,M00389,2026-04-26,swimming pool,15:45
6753,M00086,2026-06-21,gym,16:00
6754,M00094,2026-01-09,football,06:00
6755,M00481,2026-01-14,gym,21:30
6756,M00029,2026-07-05,swimming pool,06:30
6757,M00050,2026-02-08,badminton,15:45
6758,M00168,2026-06-25,swimming pool,11:00
6759,M00084,2026-01-04,swimming pool,21:30
6760,M00485,2026-03-10,basketball,16:15
6761,M00433,2026-03-24,football,20:30
6762,M00261,2026-08-01,swimming pool,17:15
6763,M00393,2026-06-19,football,14:15
6764,M00058,2026-03-14,gym,18:30
6765,M00116,2026-03-31,swimming pool,20:30
6766,M00041,2026-08-29,badminton,08:15
6767,M00245,2026-04-28,football,13:45
6768,M00434,2026-07-23,basketball,20:45
6769,M00547,2026-01-30,basketball,06:30
6770,M00352,2026-05-08,gym,20:30
6771,M00048,2026-07-24,badminton,15:45
6772,M00529,2026-05-11,gym,14:30
6773,M00036,2026-05-12,gym,12:30
6774,M00516,2026-04-13,swimming pool,15:00
6775,M00365,2026-04-24,badminton,14:30
6776,M00028,2026-05-25,football,19:15
6777,M00188,2026-03-08,badminton,13:30
6778,M00149,2026-04-23,football,09:00
6779,M00120,2026-01-24,gym,17:00
6780,M00548,2026-03-06,basketball,19:30
6781,M00228,2026-07-29,swimming pool,08:15
6782,M00366,2026-07-31,football,19:00
6783,M00513,2026-06-20,swimming pool,07:45
6784,M00204,2026-06-16,badminton,06:00
6785,M00160,2026-02-07,basketball,14:15
6786,M00355,2026-06-07,basketball,10:00
6787,M00343,2026-08-06,badminton,15:15
6788,M00589,2026-05-13,basketball,09:15
6789,M00066,2026-08-07,badminton,21:30
6790,M00553,2026-03-13,basketball,15:45
6791,M00006,2026-03-17,swimming pool,13:45
6792,M00107,2026-05-04,football,14:45
6793,M00185,2026-01-21,badminton,19:00
6794,M00470,2026-02-16,basketball,16:00
6795,M00278,2026-03-30,swimming pool,11:45
6796,M00457,2026-08-10,basketball,20:45
6797,M00482,2026-03-26,badminton,14:30
6798,M00526,2026-03-08,basketball,15:00
6799,M00242,2026-03-13,gym,09:15
6800,M00596,2026-06-27,swimming pool,19:00
6801,M00337,2026-06-04,basketball,11:45
6802,M00341,2026-06-19,gym,12:30
6803,M00386,2026-08-18,swimming pool,06:00
6804,M00157,2026-08-04,badminton,15:30
6805,M00491,2026-06-04,swimming pool,19:30
6806,M00417,2026-01-31,gym,17:45
6807,M00568,2026-07-25,basketball,10:15
6808,M00246,2026-08-11,gym,20:00
6809,M00429,2026-03-27,football,14:00
6810,M00324,2026-03-01,gym,18:00
6811,M00135,2026-06-30,swimming pool,20:30
6812,M00248,2026-03-05,gym,12:45
6813,M00181,2026-07-26,basketball,08:45
6814,M00166,2026-03-14,badminton,20:30
6815,M00429,2026-02-18,gym,09:15
6816,M00079,2026-02-23,football,06:45
6817,M00558,2026-08-05,swimming pool,21:00
6818,M00405,2026-04-17,gym,16:30
6819,M00356,2026-06-09,football,16:45
6820,M00386,2026-03-01,badminton,19:30
6821,M00304,2026-01-21,football,06:15
6822,M00565,2026-06-24,football,11:30
6823,M00143,2026-01-20,swimming pool,18:45
6824,M00599,2026-01-11,badminton,14:45
6825,M00539,2026-07-14,badminton,11:15
6826,M00546,2026-03-15,basketball,07:30
6827,M00158,2026-01-12,swimming pool,08:15
6828,M00172,2026-07-28,football,20:00
6829,M00172,2026-02-23,swimming pool,06:15
6830,M00443,2026-08-30,basketball,19:30
6831,M00130,2026-07-21,basketball,21:45
6832,M00140,2026-04-20,football,16:15
6833,M00483,2026-02-06,football,20:45
6834,M00030,2026-07-04,swimming pool,10:00
6835,M00518,2026-08-22,basketball,20:15
6836,M00276,2026-04-23,gym,06:45
6837,M00187,2026-06-20,football,13:15
6838,M00273,2026-06-13,badminton,17:45
6839,M00249,2026-03-29,basketball,11:15
6840,M00133,2026-08-08,basketball,21:00
6841,M00058,2026-03-07,badminton,12:30
6842,M00544,2026-04-02,football,21:15
6843,M00063,2026-08-30,swimming pool,20:15
6844,M00130,2026-02-13,football,17:45
6845,M00024,2026-03-21,swimming pool,14:00
6846,M00157,2026-03-26,badminton,16:30
6847,M00421,2026-05-14,football,13:45
6848,M00470,2026-06-16,gym,15:00
6849,M00107,2026-04-17,basketball,08:30
6850,M00598,2026-04-18,badminton,18:45
6851,M00239,2026-05-16,basketball,16:45
6852,M00011,2026-03-18,badminton,14:45
6853,M00512,2026-07-11,swimming pool,12:15
6854,M00183,2026-06-09,gym,11:30
6855,M00558,2026-06-04,badminton,17:45
6856,M00449,2026-01-08,gym,19:15
6857,M00245,2026-06-23,football,14:30
6858,M00597,2026-08-04,football,14:15
6859,M00432,2026-03-12,gym,21:45
6860,M00025,2026-06-12,football,16:15
6861,M00061,2026-01-22,swimming pool,07:15
6862,M00251,2026-05-28,football,06:00
6863,M00248,2026-07-04,football,21:00
6864,M00385,2026-02-06,football,13:15
6865,M00365,2026-04-19,football,07:30
6866,M00562,2026-07-18,gym,07:00
6867,M00120,2026-04-04,swimming pool,12:45
6868,M00287,2026-08-03,swimming pool,16:45
6869,M00470,2026-01-06,swimming pool,20:45
6870,M00170,2026-05-11,basketball,08:30
6871,M00391,2026-04-04,football,19:30
6872,M00474,2026-06-28,football,15:30
6873,M00507,2026-03-29,football,16:30
6874,M00377,2026-01-07,badminton,16:15
6875,M00397,2026-02-04,football,08:45
6876,M00118,2026-03-18,football,17:30
6877,M00077,2026-05-24,swimming pool,17:15
6878,M00321,2026-02-03,badminton,10:00
6879,M00465,2026-08-17,football,11:00
6880,M00404,2026-06-16,badminton,09:00
6881,M00190,2026-01-24,badminton,17:45
6882,M00303,2026-07-01,badminton,16:15
6883,M00062,2026-07-25,swimming pool,07:15
6884,M00485,2026-06-11,basketball,14:45
6885,M00208,2026-01-07,football,10:30
6886,M00059,2026-02-18,badminton,13:15
6887,M00094,2026-07-21,swimming pool,15:30
6888,M00010,2026-07-08,swimming pool,12:45
6889,M00240,2026-03-16,gym,14:00
6890,M00181,2026-07-24,gym,07:30
6891,M00169,2026-04-01,basketball,16:00
6892,M00028,2026-03-14,basketball,14:00
6893,M00140,2026-07-24,swimming pool,10:30
6894,M00310,2026-04-15,gym,08:00
6895,M00117,2026-02-22,badminton,13:30
6896,M00515,2026-07-01,badminton,21:00
6897,M00207,2026-02-24,football,19:15
6898,M00473,2026-04-20,football,19:00
6899,M00191,2026-05-07,swimming pool,15:15
6900,M00119,2026-07-16,gym,10:00
6901,M00170,2026-06-08,gym,12:00
6902,M00230,2026-01-11,gym,15:30
6903,M00574,2026-01-09,swimming pool,07:00
6904,M00593,2026-04-08,basketball,15:30
6905,M00162,2026-02-18,gym,09:00
6906,M00526,2026-02-09,gym,12:15
6907,M00329,2026-04-11,football,12:00
6908,M00453,2026-02-08,swimming pool,19:45
6909,M00501,2026-01-14,badminton,08:45
6910,M00088,2026-01-03,swimming pool,08:00
6911,M00519,2026-07-23,basketball,15:00
6912,M00329,2026-07-28,gym,09:15
6913,M00211,2026-07-20,swimming pool,06:15
6914,M00279,2026-07-24,badminton,17:45
6915,M00029,2026-05-07,gym,14:45
6916,M00401,2026-03-30,gym,21:45
6917,M00356,2026-07-12,swimming pool,17:45
6918,M00156,2026-02-27,gym,18:15
6919,M00121,2026-04-11,gym,12:45
6920,M00516,2026-07-06,gym,08:00
6921,M00324,2026-07-17,basketball,06:15
6922,M00588,2026-06-06,basketball,12:00
6923,M00435,2026-04-13,basketball,06:00
6924,M00354,2026-06-02,football,14:45
6925,M00407,2026-04-12,football,13:15
6926,M00254,2026-02-25,basketball,07:00
6927,M00505,2026-01-28,badminton,06:00
6928,M00594,2026-05-07,gym,14:00
6929,M00573,2026-04-18,swimming pool,13:15
6930,M00222,2026-03-18,swimming pool,06:45
6931,M00346,2026-08-16,football,21:30
6932,M00293,2026-08-14,football,12:15
6933,M00250,2026-04-30,badminton,06:45
6934,M00191,2026-02-06,football,16:15
6935,M00383,2026-05-21,badminton,14:30
6936,M00324,2026-08-11,gym,12:00
6937,M00590,2026-04-18,gym,12:30
6938,M00532,2026-08-09,swimming pool,13:45
6939,M00508,2026-05-19,football,12:45
6940,M00201,2026-04-12,football,12:15
6941,M00247,2026-05-17,gym,07:30
6942,M00242,2026-04-16,badminton,20:30
6943,M00532,2026-03-21,basketball,19:30
6944,M00530,2026-04-21,basketball,14:00
6945,M00403,2026-03-01,basketball,08:15
6946,M00040,2026-04-13,swimming pool,09:45
6947,M00341,2026-03-30,swimming pool,20:45
6948,M00410,2026-01-10,gym,14:30
6949,M00526,2026-03-19,gym,09:00
6950,M00276,2026-03-06,gym,17:45
6951,M00183,2026-05-20,gym,15:15
6952,M00389,2026-08-17,gym,08:45
6953,M00552,2026-04-08,gym,09:30
6954,M00396,2026-08-23,gym,12:45
6955,M00078,2026-01-23,football,11:45
6956,M00023,2026-07-20,badminton,16:30
6957,M00277,2026-04-08,badminton,14:15
6958,M00408,2026-05-09,swimming pool,18:30
6959,M00238,2026-05-08,basketball,08:30
6960,M00028,2026-02-20,badminton,14:30
6961,M00288,2026-03-28,football,17:45
6962,M00435,2026-01-08,gym,13:00
6963,M00089,2026-01-24,football,19:15
6964,M00156,2026-05-08,swimming pool,13:45
6965,M00483,2026-08-21,badminton,10:00
6966,M00456,2026-07-10,swimming pool,18:15
6967,M00548,2026-04-05,gym,16:45
6968,M00022,2026-07-22,football,12:30
6969,M00031,2026-07-19,football,08:45
6970,M00370,2026-01-09,football,09:00
6971,M00194,2026-04-16,badminton,06:15
6972,M00282,2026-07-28,football,14:30
6973,M00194,2026-08-12,basketball,20:00
6974,M00016,2026-06-26,basketball,11:45
6975,M00585,2026-03-26,football,16:00
6976,M00313,2026-07-27,swimming pool,17:30
6977,M00292,2026-06-06,basketball,19:30
6978,M00301,2026-02-05,gym,21:30
6979,M00446,2026-02-03,basketball,16:15
6980,M00513,2026-01-02,gym,09:45
6981,M00069,2026-06-15,basketball,12:30
6982,M00314,2026-04-29,football,15:30
6983,M00600,2026-02-17,swimming pool,16:00
6984,M00420,2026-07-02,swimming pool,13:15
6985,M00433,2026-03-13,football,21:00
6986,M00048,2026-01-14,gym,20:00
6987,M00477,2026-05-23,gym,10:30
6988,M00346,2026-04-25,basketball,08:15
6989,M00042,2026-08-08,badminton,15:30
6990,M00093,2026-06-28,badminton,11:15
6991,M00321,2026-07-02,badminton,10:15
6992,M00219,2026-05-04,swimming pool,21:30
6993,M00416,2026-06-18,basketball,09:15
6994,M00050,2026-08-24,swimming pool,19:30
6995,M00388,2026-03-12,basketball,21:00
6996,M00085,2026-03-29,football,10:00
6997,M00538,2026-08-10,basketball,07:30
6998,M00075,2026-08-27,gym,21:00
6999,M00119,2026-04-17,gym,08:30
7000,M00411,2026-03-07,badminton,18:00
7001,M00106,2026-05-30,football,13:00
7002,M00591,2026-04-28,badminton,15:15
7003,M00310,2026-08-12,basketball,12:30
7004,M00190,2026-03-03,basketball,21:30
7005,M00573,2026-06-22,basketball,20:00
7006,M00058,2026-05-01,football,09:15
7007,M00349,2026-03-04,swimming pool,16:00
7008,M00161,2026-01-23,football,06:15
7009,M00170,2026-04-14,basketball,07:45
7010,M00416,2026-04-16,gym,10:45
7011,M00370,2026-08-22,swimming pool,12:30
7012,M00471,2026-01-17,basketball,15:45
7013,M00543,2026-02-04,gym,06:00
7014,M00194,2026-06-24,basketball,06:00
7015,M00458,2026-01-12,swimming pool,21:00
7016,M00541,2026-06-11,football,19:45
7017,M00594,2026-02-27,swimming pool,07:45
7018,M00036,2026-05-27,football,13:30
7019,M00517,2026-03-11,football,10:45
7020,M00504,2026-07-04,badminton,20:45
7021,M00181,2026-06-07,basketball,17:00
7022,M00487,2026-07-24,badminton,14:30
7023,M00405,2026-03-23,basketball,10:45
7024,M00483,2026-04-12,badminton,14:00
7025,M00523,2026-02-11,football,09:45
7026,M00278,2026-05-08,basketball,17:00
7027,M00042,2026-02-19,badminton,16:15
7028,M00153,2026-01-16,swimming pool,19:15
7029,M00407,2026-06-06,swimming pool,07:15
7030,M00129,2026-08-05,basketball,14:30
7031,M00176,2026-08-26,badminton,20:15
7032,M00248,2026-01-03,football,07:45
7033,M00265,2026-07-18,gym,18:15
7034,M00344,2026-01-23,basketball,16:15
7035,M00153,2026-03-11,basketball,18:45
7036,M00377,2026-02-01,swimming pool,16:15
7037,M00494,2026-07-14,football,06:00
7038,M00367,2026-08-04,swimming pool,18:45
7039,M00214,2026-02-19,swimming pool,21:45
7040,M00237,2026-02-25,badminton,10:15
7041,M00546,2026-08-30,badminton,18:15
7042,M00533,2026-03-01,basketball,10:15
7043,M00510,2026-06-22,swimming pool,11:30
7044,M00594,2026-02-23,gym,07:15
7045,M00235,2026-07-03,basketball,07:00
7046,M00557,2026-06-27,football,15:15
7047,M00213,2026-03-06,gym,12:45
7048,M00012,2026-03-10,swimming pool,12:15
7049,M00202,2026-06-24,gym,12:30
7050,M00376,2026-04-13,gym,10:30
7051,M00499,2026-08-17,football,06:30
7052,M00476,2026-02-26,basketball,09:30
7053,M00117,2026-05-03,basketball,18:00
7054,M00396,2026-03-17,badminton,17:30
7055,M00310,2026-07-06,swimming pool,09:30
7056,M00502,2026-06-20,football,13:45
7057,M00162,2026-04-22,badminton,06:30
7058,M00212,2026-07-02,swimming pool,20:15
7059,M00439,2026-05-14,football,17:15
7060,M00270,2026-07-05,swimming pool,12:00
7061,M00227,2026-06-04,basketball,20:15
7062,M00217,2026-01-21,badminton,06:15
7063,M00169,2026-01-25,football,17:45
7064,M00354,2026-07-24,badminton,08:00
7065,M00131,2026-03-26,gym,18:45
7066,M00445,2026-08-13,football,18:00
7067,M00413,2026-06-15,basketball,13:30
7068,M00507,2026-04-17,basketball,08:30
7069,M00582,2026-05-28,football,19:15
7070,M00146,2026-05-24,football,17:00
7071,M00001,2026-03-01,football,16:15
7072,M00318,2026-02-07,basketball,18:15
7073,M00157,2026-01-27,badminton,17:45
7074,M00248,2026-08-21,basketball,15:15
7075,M00587,2026-06-23,basketball,13:30
7076,M00345,2026-08-23,football,15:00
7077,M00206,2026-05-23,football,17:30
7078,M00293,2026-04-17,badminton,19:30
7079,M00204,2026-01-20,basketball,07:45
7080,M00223,2026-01-09,gym,10:00
7081,M00017,2026-06-19,swimming pool,20:15
7082,M00390,2026-06-21,basketball,13:15
7083,M00360,2026-07-08,basketball,20:15
7084,M00191,2026-02-13,swimming pool,15:45
7085,M00275,2026-05-25,swimming pool,08:45
7086,M00401,2026-01-02,gym,09:00
7087,M00011,2026-03-19,football,19:45
7088,M00024,2026-07-11,basketball,12:15
7089,M00424,2026-03-21,badminton,20:15
7090,M00481,2026-05-12,badminton,17:30
7091,M00094,2026-05-04,basketball,07:00
7092,M00203,2026-05-07,gym,19:30
7093,M00375,2026-06-13,football,09:00
7094,M00293,2026-03-31,basketball,13:30
7095,M00429,2026-04-22,football,15:30
7096,M00506,2026-07-22,swimming pool,13:45
7097,M00563,2026-08-14,gym,16:15
7098,M00514,2026-08-30,football,06:30
7099,M00399,2026-04-22,badminton,08:15
7100,M00454,2026-05-19,badminton,20:45
7101,M00093,2026-06-01,football,13:45
7102,M00281,2026-03-04,badminton,17:00
7103,M00413,2026-05-11,badminton,12:00
7104,M00405,2026-02-10,badminton,07:15
7105,M00246,2026-01-12,football,18:30
7106,M00403,2026-07-25,football,11:30
7107,M00228,2026-03-18,swimming pool,17:30
7108,M00542,2026-04-14,football,16:15
7109,M00115,2026-02-17,gym,17:45
7110,M00033,2026-07-30,swimming pool,20:00
7111,M00006,2026-05-14,football,07:15
7112,M00339,2026-08-11,badminton,19:30
7113,M00391,2026-04-20,gym,15:00
7114,M00218,2026-05-03,basketball,14:45
7115,M00283,2026-04-28,basketball,09:00
7116,M00437,2026-01-21,swimming pool,11:00
7117,M00347,2026-01-12,swimming pool,18:30
7118,M00360,2026-05-22,basketball,08:00
7119,M00044,2026-07-21,badminton,09:30
7120,M00534,2026-06-04,swimming pool,12:15
7121,M00382,2026-02-03,football,19:45
7122,M00002,2026-01-26,swimming pool,16:30
7123,M00001,2026-07-16,gym,11:30
7124,M00494,2026-02-19,football,06:00
7125,M00032,2026-01-18,swimming pool,15:30
7126,M00477,2026-01-25,football,08:30
7127,M00573,2026-01-15,basketball,08:30
7128,M00582,2026-07-17,football,09:15
7129,M00411,2026-06-10,badminton,07:30
7130,M00345,2026-01-31,football,09:15
7131,M00591,2026-04-16,football,20:00
7132,M00514,2026-04-21,basketball,08:45
7133,M00008,2026-05-18,gym,15:15
7134,M00209,2026-07-01,swimming pool,17:00
7135,M00503,2026-08-24,gym,19:00
7136,M00158,2026-06-01,swimming pool,12:15
7137,M00077,2026-07-15,swimming pool,14:30
7138,M00168,2026-02-04,gym,14:00
7139,M00054,2026-08-30,swimming pool,21:00
7140,M00483,2026-05-07,badminton,17:45
7141,M00159,2026-07-03,basketball,14:00
7142,M00398,2026-04-13,gym,08:15
7143,M00425,2026-07-21,swimming pool,07:15
7144,M00061,2026-04-10,football,17:00
7145,M00440,2026-03-23,basketball,08:15
7146,M00113,2026-01-31,football,19:00
7147,M00065,2026-05-19,gym,09:15
7148,M00236,2026-08-12,football,13:15
7149,M00061,2026-02-16,badminton,17:45
7150,M00595,2026-07-04,swimming pool,07:45
7151,M00155,2026-02-26,gym,15:30
7152,M00441,2026-05-23,football,09:00
7153,M00597,2026-06-30,basketball,09:45
7154,M00561,2026-01-13,badminton,17:00
7155,M00353,2026-02-11,gym,08:15
7156,M00051,2026-08-04,swimming pool,19:00
7157,M00532,2026-02-01,basketball,14:00
7158,M00571,2026-07-16,gym,14:30
7159,M00417,2026-08-03,gym,08:45
7160,M00105,2026-03-07,gym,13:30
7161,M00436,2026-05-25,badminton,14:30
7162,M00580,2026-08-13,badminton,06:45
7163,M00012,2026-06-01,badminton,07:45
7164,M00135,2026-06-27,basketball,14:30
7165,M00408,2026-04-21,football,13:30
7166,M00586,2026-06-17,gym,21:30
7167,M00146,2026-06-05,badminton,08:30
7168,M00147,2026-06-20,football,06:30
7169,M00368,2026-04-27,basketball,19:15
7170,M00324,2026-08-06,swimming pool,15:45
7171,M00416,2026-07-12,basketball,08:30
7172,M00200,2026-01-12,gym,18:30
7173,M00508,2026-02-05,football,18:00
7174,M00481,2026-03-17,basketball,16:00
7175,M00138,2026-07-20,basketball,10:45
7176,M00398,2026-01-22,gym,18:45
7177,M00141,2026-07-16,football,18:45
7178,M00009,2026-07-16,swimming pool,15:15
7179,M00277,2026-07-26,basketball,19:45
7180,M00048,2026-02-01,basketball,17:45
7181,M00162,2026-08-03,basketball,21:30
7182,M00046,2026-02-10,gym,17:45
7183,M00136,2026-02-22,gym,10:30
7184,M00152,2026-03-12,swimming pool,12:30
7185,M00156,2026-03-29,basketball,07:00
7186,M00534,2026-03-24,football,15:45
7187,M00065,2026-04-26,swimming pool,09:30
7188,M00058,2026-03-28,swimming pool,06:30
7189,M00234,2026-03-26,swimming pool,08:15
7190,M00122,2026-05-12,badminton,17:45
7191,M00018,2026-03-26,football,13:30
7192,M00153,2026-03-04,swimming pool,10:00
7193,M00007,2026-06-04,gym,10:30
7194,M00265,2026-08-16,swimming pool,09:30
7195,M00077,2026-03-13,gym,21:15
7196,M00272,2026-06-27,swimming pool,20:45
7197,M00558,2026-02-08,badminton,07:15
7198,M00099,2026-08-26,gym,19:15
7199,M00234,2026-01-24,swimming pool,21:00
7200,M00515,2026-01-28,gym,07:45
7201,M00155,2026-08-09,badminton,11:45
7202,M00353,2026-04-29,football,19:15
7203,M00341,2026-04-03,football,21:45
7204,M00290,2026-07-18,badminton,10:45
7205,M00219,2026-07-16,badminton,10:15
7206,M00506,2026-07-30,swimming pool,16:30
7207,M00303,2026-07-11,swimming pool,10:30
7208,M00208,2026-03-25,gym,08:45
7209,M00540,2026-06-23,football,11:00
7210,M00340,2026-01-12,swimming pool,14:30
7211,M00375,2026-02-28,football,11:45
7212,M00163,2026-01-02,badminton,20:45
7213,M00485,2026-04-22,basketball,18:00
7214,M00546,2026-02-02,football,21:30
7215,M00329,2026-06-30,football,20:00
7216,M00133,2026-01-15,basketball,16:15
7217,M00074,2026-06-25,swimming pool,18:30
7218,M00195,2026-01-27,badminton,10:45
7219,M00132,2026-01-25,gym,21:30
7220,M00085,2026-03-07,badminton,13:00
7221,M00125,2026-01-04,basketball,08:30
7222,M00294,2026-04-02,swimming pool,18:30
7223,M00361,2026-07-01,basketball,15:30
7224,M00210,2026-02-24,gym,21:00
7225,M00126,2026-06-24,badminton,13:15
7226,M00249,2026-08-16,badminton,20:15
7227,M00443,2026-08-04,football,20:00
7228,M00095,2026-01-07,gym,12:30
7229,M00232,2026-03-17,badminton,21:30
7230,M00556,2026-06-29,badminton,19:00
7231,M00544,2026-05-15,football,08:45
7232,M00525,2026-04-14,gym,10:00
7233,M00376,2026-05-27,football,10:45
7234,M00262,2026-02-25,basketball,19:15
7235,M00528,2026-02-02,basketball,15:00
7236,M00216,2026-02-24,gym,11:15
7237,M00191,2026-02-28,football,16:30
7238,M00571,2026-01-11,basketball,06:30
7239,M00462,2026-02-22,gym,15:15
7240,M00406,2026-05-23,basketball,15:45
7241,M00483,2026-07-05,basketball,14:00
7242,M00471,2026-01-05,swimming pool,18:45
7243,M00421,2026-08-09,badminton,18:00
7244,M00004,2026-06-22,basketball,18:15
7245,M00166,2026-08-07,football,10:00
7246,M00186,2026-07-21,football,10:00
7247,M00595,2026-08-01,swimming pool,19:15
7248,M00493,2026-05-23,badminton,20:15
7249,M00437,2026-03-08,swimming pool,12:15
7250,M00012,2026-08-21,badminton,17:45
7251,M00584,2026-02-12,gym,18:45
7252,M00407,2026-01-09,badminton,17:15
7253,M00097,2026-02-16,swimming pool,14:30
7254,M00211,2026-03-29,football,14:00
7255,M00116,2026-05-14,badminton,19:30
7256,M00101,2026-02-09,badminton,11:00
7257,M00030,2026-08-12,basketball,13:45
7258,M00571,2026-06-24,gym,21:00
7259,M00315,2026-05-24,swimming pool,18:30
7260,M00542,2026-01-25,gym,19:30
7261,M00594,2026-03-31,badminton,17:30
7262,M00171,2026-01-19,football,13:45
7263,M00588,2026-07-13,swimming pool,09:15
7264,M00420,2026-02-19,basketball,16:45
7265,M00182,2026-05-06,basketball,20:45
7266,M00533,2026-05-07,basketball,21:30
7267,M00582,2026-02-23,badminton,19:00
7268,M00214,2026-08-02,badminton,08:45
7269,M00264,2026-06-02,gym,17:15
7270,M00569,2026-01-07,football,15:15
7271,M00443,2026-07-21,basketball,10:15
7272,M00206,2026-06-05,football,06:45
7273,M00416,2026-01-30,badminton,06:00
7274,M00097,2026-01-20,gym,13:00
7275,M00343,2026-03-20,football,06:30
7276,M00290,2026-02-16,swimming pool,19:30
7277,M00512,2026-06-08,swimming pool,08:30
7278,M00600,2026-06-04,gym,08:00
7279,M00538,2026-04-11,gym,18:30
7280,M00472,2026-06-30,football,06:30
7281,M00585,2026-01-23,badminton,21:15
7282,M00544,2026-06-19,gym,18:45
7283,M00587,2026-04-08,basketball,13:45
7284,M00463,2026-02-16,gym,18:00
7285,M00047,2026-07-25,swimming pool,12:45
7286,M00186,2026-04-21,badminton,13:15
7287,M00059,2026-04-04,football,18:45
7288,M00163,2026-08-18,badminton,17:45
7289,M00107,2026-06-20,badminton,17:45
7290,M00201,2026-02-10,basketball,20:00
7291,M00122,2026-01-30,badminton,15:00
7292,M00478,2026-06-23,basketball,12:15
7293,M00424,2026-01-02,football,19:30
7294,M00417,2026-05-11,football,19:00
7295,M00036,2026-08-26,football,16:45
7296,M00206,2026-08-30,badminton,18:45
7297,M00301,2026-08-01,swimming pool,12:45
7298,M00281,2026-03-11,basketball,07:15
7299,M00392,2026-02-21,swimming pool,21:45
7300,M00505,2026-06-18,basketball,17:45
7301,M00271,2026-07-08,badminton,20:45
7302,M00395,2026-06-08,badminton,14:45
7303,M00081,2026-03-31,badminton,13:30
7304,M00454,2026-08-21,badminton,16:00
7305,M00133,2026-03-06,gym,17:15
7306,M00454,2026-05-07,swimming pool,06:30
7307,M00537,2026-06-06,basketball,16:15
7308,M00265,2026-03-27,gym,13:45
7309,M00358,2026-03-13,football,07:45
7310,M00538,2026-01-02,badminton,13:15
7311,M00204,2026-07-06,football,17:45
7312,M00595,2026-02-18,swimming pool,09:15
7313,M00417,2026-06-03,basketball,15:00
7314,M00284,2026-07-27,gym,21:15
7315,M00470,2026-02-23,gym,14:00
7316,M00361,2026-01-01,basketball,12:15
7317,M00264,2026-08-03,gym,16:00
7318,M00047,2026-07-25,swimming pool,19:30
7319,M00529,2026-02-28,football,20:45
7320,M00211,2026-02-21,badminton,18:45
7321,M00288,2026-06-15,basketball,14:45
7322,M00443,2026-07-10,gym,13:15
7323,M00140,2026-08-20,basketball,12:45
7324,M00271,2026-01-29,badminton,10:00
7325,M00590,2026-03-14,gym,07:00
7326,M00022,2026-02-15,basketball,19:00
7327,M00495,2026-07-25,football,09:30
7328,M00118,2026-04-11,badminton,14:45
7329,M00488,2026-05-25,basketball,12:15
7330,M00242,2026-08-09,gym,19:00
7331,M00270,2026-03-06,swimming pool,16:45
7332,M00381,2026-03-11,basketball,12:30
7333,M00024,2026-08-31,badminton,11:45
7334,M00033,2026-02-17,basketball,06:45
7335,M00541,2026-05-01,badminton,19:45
7336,M00062,2026-05-04,gym,09:15
7337,M00187,2026-03-03,basketball,09:15
7338,M00584,2026-01-29,swimming pool,12:45
7339,M00473,2026-03-06,badminton,15:00
7340,M00213,2026-08-21,swimming pool,21:45
7341,M00513,2026-04-25,gym,16:00
7342,M00502,2026-05-29,gym,07:45
7343,M00373,2026-01-31,gym,19:30
7344,M00042,2026-05-07,gym,20:15
7345,M00551,2026-06-24,badminton,20:30
7346,M00525,2026-02-20,gym,13:30
7347,M00530,2026-08-04,badminton,20:15
7348,M00444,2026-08-27,badminton,15:00
7349,M00299,2026-08-13,badminton,10:45
7350,M00190,2026-05-12,gym,06:15
7351,M00121,2026-08-10,basketball,13:45
7352,M00263,2026-03-04,gym,19:45
7353,M00532,2026-03-25,football,14:30
7354,M00274,2026-08-16,gym,16:15
7355,M00025,2026-02-21,swimming pool,07:45
7356,M00381,2026-04-22,gym,16:15
7357,M00434,2026-06-08,football,07:00
7358,M00371,2026-02-10,swimming pool,07:15
7359,M00412,2026-04-08,swimming pool,13:00
7360,M00170,2026-08-22,swimming pool,17:45
7361,M00362,2026-03-09,gym,13:00
7362,M00451,2026-06-02,football,09:30
7363,M00282,2026-07-26,gym,11:45
7364,M00214,2026-08-25,swimming pool,06:00
7365,M00150,2026-08-10,football,17:15
7366,M00096,2026-05-23,badminton,06:00
7367,M00300,2026-02-02,swimming pool,08:15
7368,M00040,2026-07-14,basketball,10:00
7369,M00309,2026-05-16,gym,07:15
7370,M00058,2026-08-21,badminton,15:30
7371,M00460,2026-02-25,football,17:45
7372,M00498,2026-06-03,basketball,12:15
7373,M00278,2026-08-01,badminton,16:15
7374,M00539,2026-08-01,gym,17:00
7375,M00549,2026-02-10,basketball,10:15
7376,M00528,2026-08-11,swimming pool,19:30
7377,M00135,2026-05-31,badminton,09:30
7378,M00190,2026-08-11,badminton,17:45
7379,M00429,2026-07-18,football,08:30
7380,M00347,2026-06-01,gym,13:00
7381,M00526,2026-02-01,football,19:30
7382,M00311,2026-03-09,football,20:45
7383,M00106,2026-06-22,badminton,06:30
7384,M00525,2026-05-22,badminton,09:30
7385,M00032,2026-05-11,football,10:30
7386,M00296,2026-04-15,badminton,07:15
7387,M00341,2026-01-07,basketball,19:30
7388,M00355,2026-07-20,badminton,12:30
7389,M00341,2026-05-11,football,08:00
7390,M00520,2026-07-13,swimming pool,10:45
7391,M00450,2026-07-18,badminton,15:45
7392,M00463,2026-06-10,basketball,21:30
7393,M00382,2026-05-28,swimming pool,17:30
7394,M00121,2026-02-02,swimming pool,20:15
7395,M00296,2026-07-08,football,13:45
7396,M00482,2026-06-07,gym,06:45
7397,M00064,2026-07-01,badminton,16:30
7398,M00292,2026-05-21,badminton,19:45
7399,M00272,2026-08-25,gym,19:45
7400,M00136,2026-02-20,football,16:45
7401,M00501,2026-01-31,swimming pool,16:30
7402,M00227,2026-03-29,gym,11:45
7403,M00442,2026-04-25,badminton,06:45
7404,M00309,2026-02-01,swimming pool,10:45
7405,M00152,2026-06-23,basketball,18:30
7406,M00203,2026-07-26,gym,15:30
7407,M00116,2026-06-27,swimming pool,14:00
7408,M00509,2026-08-21,gym,07:30
7409,M00290,2026-04-04,badminton,13:30
7410,M00362,2026-04-02,football,16:30
7411,M00446,2026-07-25,swimming pool,09:45
7412,M00572,2026-06-19,swimming pool,12:30
7413,M00496,2026-06-29,basketball,19:00
7414,M00574,2026-07-30,football,17:00
7415,M00309,2026-07-25,football,08:00
7416,M00515,2026-04-17,gym,15:15
7417,M00082,2026-05-02,gym,17:30
7418,M00483,2026-05-24,badminton,11:00
7419,M00593,2026-04-27,football,13:15
7420,M00401,2026-05-23,basketball,07:15
7421,M00071,2026-06-21,basketball,07:30
7422,M00026,2026-01-23,gym,17:30
7423,M00566,2026-02-20,football,08:00
7424,M00111,2026-04-05,swimming pool,11:00
7425,M00166,2026-04-14,badminton,07:00
7426,M00195,2026-06-25,swimming pool,12:45
7427,M00249,2026-05-08,football,07:15
7428,M00003,2026-06-20,swimming pool,20:15
7429,M00065,2026-05-24,football,12:30
7430,M00291,2026-08-29,basketball,09:45
7431,M00464,2026-04-21,basketball,13:30
7432,M00139,2026-07-09,gym,13:30
7433,M00525,2026-06-29,gym,11:30
7434,M00191,2026-07-10,basketball,19:30
7435,M00493,2026-03-13,swimming pool,19:30
7436,M00282,2026-08-06,gym,14:45
7437,M00573,2026-02-19,swimming pool,21:45
7438,M00417,2026-03-03,basketball,16:00
7439,M00563,2026-05-02,basketball,15:30
7440,M00581,2026-02-13,badminton,18:45
7441,M00091,2026-03-20,badminton,18:15
7442,M00583,2026-06-07,badminton,13:00
7443,M00335,2026-03-26,basketball,18:30
7444,M00148,2026-02-20,football,14:00
7445,M00157,2026-06-10,basketball,06:45
7446,M00275,2026-07-16,football,18:45
7447,M00429,2026-06-20,football,08:00
7448,M00551,2026-02-16,swimming pool,10:15
7449,M00140,2026-03-10,basketball,21:15
7450,M00191,2026-08-20,gym,13:45
7451,M00213,2026-02-28,basketball,14:00
7452,M00397,2026-06-22,gym,12:45
7453,M00504,2026-08-24,badminton,16:45
7454,M00514,2026-03-04,gym,14:30
7455,M00336,2026-05-30,basketball,16:45
7456,M00409,2026-06-16,badminton,20:45
7457,M00576,2026-06-23,gym,07:30
7458,M00346,2026-01-18,swimming pool,18:45
7459,M00435,2026-03-08,badminton,14:15
7460,M00425,2026-08-23,swimming pool,11:45
7461,M00038,2026-04-05,basketball,09:30
7462,M00445,2026-04-01,swimming pool,14:30
7463,M00182,2026-01-11,gym,15:15
7464,M00090,2026-06-25,football,19:45
7465,M00257,2026-04-27,gym,17:15
7466,M00052,2026-03-05,badminton,08:00
7467,M00586,2026-05-16,badminton,06:30
7468,M00419,2026-04-06,gym,13:15
7469,M00325,2026-08-14,football,16:00
7470,M00557,2026-01-23,badminton,12:15
7471,M00191,2026-07-01,football,21:45
7472,M00421,2026-07-01,swimming pool,11:45
7473,M00049,2026-07-19,badminton,10:15
7474,M00210,2026-05-21,gym,06:45
7475,M00042,2026-08-24,football,08:45
7476,M00045,2026-01-10,badminton,10:15
7477,M00084,2026-05-16,badminton,17:45
7478,M00303,2026-05-29,basketball,17:00
7479,M00342,2026-08-05,swimming pool,21:00
7480,M00185,2026-03-31,football,19:00
7481,M00116,2026-07-25,badminton,12:30
7482,M00516,2026-07-30,swimming pool,07:30
7483,M00007,2026-06-10,basketball,21:30
7484,M00127,2026-02-26,gym,19:00
7485,M00012,2026-06-02,swimming pool,10:00
7486,M00412,2026-05-21,football,20:30
7487,M00348,2026-07-25,swimming pool,20:00
7488,M00290,2026-04-25,swimming pool,10:00
7489,M00291,2026-03-04,gym,10:45
7490,M00289,2026-03-05,gym,11:45
7491,M00436,2026-04-16,badminton,18:00
7492,M00180,2026-02-26,swimming pool,18:00
7493,M00424,2026-04-02,badminton,06:45
7494,M00150,2026-03-06,basketball,16:30
7495,M00347,2026-02-08,basketball,20:15
7496,M00056,2026-06-22,swimming pool,18:45
7497,M00059,2026-02-06,basketball,16:00
7498,M00008,2026-01-02,badminton,19:45
7499,M00043,2026-04-20,football,06:30
7500,M00474,2026-01-20,gym,11:00
7501,M00536,2026-01-24,basketball,20:15
7502,M00185,2026-03-03,badminton,12:15
7503,M00237,2026-01-05,badminton,14:30
7504,M00597,2026-06-29,badminton,08:45
7505,M00339,2026-05-02,gym,20:30
7506,M00193,2026-02-07,gym,13:00
7507,M00152,2026-03-11,swimming pool,18:30
7508,M00423,2026-07-11,football,16:30
7509,M00114,2026-05-27,gym,10:00
7510,M00312,2026-01-18,gym,16:30
7511,M00558,2026-05-10,gym,16:00
7512,M00052,2026-06-05,swimming pool,12:30
7513,M00401,2026-07-18,badminton,13:15
7514,M00427,2026-02-21,swimming pool,06:30
7515,M00494,2026-07-01,badminton,15:15
7516,M00477,2026-06-29,gym,06:30
7517,M00123,2026-04-14,badminton,13:45
7518,M00460,2026-01-09,swimming pool,09:45
7519,M00011,2026-08-01,badminton,20:00
7520,M00114,2026-07-29,swimming pool,16:15
7521,M00566,2026-08-19,swimming pool,12:45
7522,M00095,2026-04-25,football,17:45
7523,M00542,2026-01-28,basketball,18:45
7524,M00384,2026-01-10,badminton,09:45
7525,M00243,2026-06-26,football,13:00
7526,M00071,2026-01-15,badminton,17:00
7527,M00388,2026-06-05,football,12:15
7528,M00076,2026-05-05,football,12:45
7529,M00295,2026-06-14,basketball,06:30
7530,M00308,2026-01-12,basketball,17:30
7531,M00364,2026-07-31,swimming pool,16:15
7532,M00378,2026-04-30,gym,21:45
7533,M00378,2026-01-02,football,14:45
7534,M00185,2026-08-11,gym,21:30
7535,M00436,2026-02-07,swimming pool,20:00
7536,M00595,2026-06-19,swimming pool,19:00
7537,M00132,2026-08-27,basketball,08:00
7538,M00575,2026-04-22,football,06:00
7539,M00028,2026-06-05,swimming pool,19:00
7540,M00070,2026-05-31,badminton,06:00
7541,M00479,2026-01-13,gym,12:15
7542,M00512,2026-06-26,basketball,11:00
7543,M00353,2026-08-26,football,20:45
7544,M00503,2026-08-06,basketball,07:00
7545,M00285,2026-06-21,football,20:15
7546,M00395,2026-05-10,swimming pool,09:00
7547,M00577,2026-03-27,basketball,18:30
7548,M00445,2026-01-08,basketball,20:15
7549,M00326,2026-06-02,badminton,18:00
7550,M00172,2026-02-08,gym,17:00
7551,M00210,2026-04-05,basketball,13:45
7552,M00290,2026-07-07,football,11:30
7553,M00046,2026-01-13,basketball,17:00
7554,M00435,2026-04-30,badminton,19:45
7555,M00194,2026-04-03,football,09:15
7556,M00116,2026-05-06,basketball,14:45
7557,M00289,2026-05-08,basketball,13:30
7558,M00342,2026-06-17,football,15:15
7559,M00550,2026-03-02,badminton,18:45
7560,M00128,2026-02-15,badminton,10:00
7561,M00083,2026-06-06,swimming pool,07:45
7562,M00261,2026-04-20,football,09:15
7563,M00391,2026-07-27,basketball,09:00
7564,M00583,2026-04-18,football,12:15
7565,M00379,2026-03-03,gym,12:00
7566,M00252,2026-07-15,football,21:15
7567,M00041,2026-03-24,basketball,10:45
7568,M00383,2026-03-01,swimming pool,16:30
7569,M00183,2026-04-19,swimming pool,07:15
7570,M00284,2026-07-18,football,21:30
7571,M00492,2026-05-10,gym,09:15
7572,M00572,2026-02-10,basketball,12:30
7573,M00378,2026-02-01,basketball,13:15
7574,M00131,2026-02-05,football,13:00
7575,M00452,2026-06-15,basketball,19:30
7576,M00009,2026-07-23,swimming pool,14:45
7577,M00383,2026-08-03,gym,16:30
7578,M00494,2026-06-27,basketball,21:00
7579,M00470,2026-03-18,swimming pool,08:15
7580,M00309,2026-02-24,badminton,16:15
7581,M00359,2026-03-05,football,08:00
7582,M00339,2026-05-07,badminton,07:15
7583,M00471,2026-02-10,gym,14:00
7584,M00193,2026-04-08,football,17:45
7585,M00361,2026-04-17,swimming pool,14:15
7586,M00205,2026-05-28,gym,19:45
7587,M00472,2026-01-02,football,16:30
7588,M00017,2026-04-13,football,14:15
7589,M00594,2026-06-14,badminton,14:00
7590,M00062,2026-07-21,gym,06:30
7591,M00150,2026-08-08,basketball,21:30
7592,M00198,2026-03-31,badminton,10:00
7593,M00002,2026-01-28,football,08:45
7594,M00117,2026-02-24,swimming pool,13:30
7595,M00460,2026-03-24,swimming pool,15:00
7596,M00104,2026-01-23,badminton,21:00
7597,M00194,2026-03-18,basketball,17:45
7598,M00055,2026-06-14,gym,19:30
7599,M00166,2026-04-09,swimming pool,15:30
7600,M00332,2026-03-14,basketball,11:00
7601,M00183,2026-02-01,swimming pool,16:30
7602,M00399,2026-06-09,swimming pool,10:15
7603,M00584,2026-03-14,gym,21:00
7604,M00456,2026-03-05,badminton,13:30
7605,M00395,2026-04-09,gym,16:30
7606,M00484,2026-06-25,gym,07:45
7607,M00052,2026-07-23,swimming pool,08:00
7608,M00453,2026-05-28,badminton,09:45
7609,M00195,2026-03-28,swimming pool,08:30
7610,M00088,2026-07-09,swimming pool,06:15
7611,M00170,2026-03-16,gym,21:30
7612,M00409,2026-01-18,basketball,07:30
7613,M00447,2026-03-06,gym,16:30
7614,M00125,2026-02-19,swimming pool,12:45
7615,M00402,2026-04-03,gym,10:30
7616,M00069,2026-03-26,basketball,16:00
7617,M00450,2026-06-15,football,09:30
7618,M00485,2026-05-21,swimming pool,07:30
7619,M00182,2026-07-08,badminton,11:15
7620,M00088,2026-07-28,football,09:00
7621,M00290,2026-02-10,football,14:00
7622,M00298,2026-01-29,badminton,06:00
7623,M00222,2026-07-28,football,17:45
7624,M00592,2026-05-29,swimming pool,09:30
7625,M00173,2026-04-16,badminton,10:00
7626,M00124,2026-08-01,swimming pool,06:00
7627,M00462,2026-03-19,gym,10:00
7628,M00519,2026-06-15,badminton,15:45
7629,M00516,2026-05-12,football,18:45
7630,M00373,2026-06-09,badminton,08:15
7631,M00475,2026-02-17,football,09:15
7632,M00395,2026-04-28,badminton,09:45
7633,M00320,2026-03-11,football,09:30
7634,M00196,2026-07-23,swimming pool,09:00
7635,M00098,2026-01-26,swimming pool,07:30
7636,M00141,2026-02-25,gym,17:45
7637,M00547,2026-07-16,swimming pool,13:30
7638,M00188,2026-05-20,badminton,06:15
7639,M00152,2026-08-14,badminton,18:15
7640,M00403,2026-05-03,gym,13:15
7641,M00011,2026-02-05,badminton,13:30
7642,M00163,2026-03-03,football,19:45
7643,M00041,2026-07-28,basketball,21:45
7644,M00031,2026-03-21,swimming pool,12:45
7645,M00437,2026-07-01,basketball,21:30
7646,M00054,2026-05-19,basketball,21:15
7647,M00077,2026-01-11,basketball,16:15
7648,M00300,2026-08-04,gym,06:15
7649,M00224,2026-06-28,gym,17:00
7650,M00020,2026-06-26,football,21:15
7651,M00291,2026-07-24,basketball,10:30
7652,M00284,2026-02-16,basketball,17:30
7653,M00067,2026-04-22,football,12:15
7654,M00498,2026-08-05,basketball,13:30
7655,M00190,2026-02-26,football,09:15
7656,M00524,2026-05-28,swimming pool,18:15
7657,M00171,2026-07-18,basketball,19:00
7658,M00490,2026-08-15,gym,14:15
7659,M00238,2026-04-01,basketball,13:00
7660,M00534,2026-06-07,football,17:15
7661,M00073,2026-07-30,gym,19:15
7662,M00083,2026-06-16,swimming pool,16:15
7663,M00320,2026-07-01,basketball,07:30
7664,M00008,2026-07-28,basketball,06:45
7665,M00491,2026-04-06,gym,15:30
7666,M00592,2026-06-06,football,18:15
7667,M00355,2026-04-27,basketball,19:45
7668,M00129,2026-07-16,gym,13:00
7669,M00334,2026-08-22,football,17:00
7670,M00264,2026-05-22,badminton,17:30
7671,M00176,2026-02-11,badminton,16:30
7672,M00104,2026-02-20,swimming pool,07:30
7673,M00069,2026-03-31,badminton,09:45
7674,M00214,2026-06-18,badminton,09:00
7675,M00027,2026-06-02,basketball,21:30
7676,M00351,2026-01-28,swimming pool,19:15
7677,M00412,2026-07-13,badminton,06:30
7678,M00032,2026-03-06,gym,21:15
7679,M00509,2026-08-15,swimming pool,10:15
7680,M00268,2026-02-04,basketball,21:45
7681,M00041,2026-07-01,swimming pool,11:15
7682,M00559,2026-01-29,swimming pool,08:45
7683,M00065,2026-08-16,football,13:30
7684,M00315,2026-06-22,basketball,16:15
7685,M00123,2026-01-19,swimming pool,20:30
7686,M00596,2026-04-19,swimming pool,21:15
7687,M00073,2026-01-23,badminton,12:15
7688,M00108,2026-08-18,gym,18:15
7689,M00247,2026-01-14,basketball,16:30
7690,M00027,2026-01-07,swimming pool,09:00
7691,M00250,2026-06-30,basketball,15:30
7692,M00095,2026-06-23,gym,07:15
7693,M00070,2026-05-09,swimming pool,15:00
7694,M00259,2026-01-07,football,08:45
7695,M00047,2026-02-04,football,14:45
7696,M00065,2026-04-19,football,21:45
7697,M00197,2026-02-17,gym,15:45
7698,M00012,2026-02-23,swimming pool,06:30
7699,M00193,2026-06-14,badminton,21:30
7700,M00219,2026-07-05,swimming pool,15:30
7701,M00133,2026-01-27,gym,19:30
7702,M00068,2026-08-11,gym,06:30
7703,M00405,2026-01-01,gym,06:30
7704,M00114,2026-02-21,gym,13:30
7705,M00376,2026-03-27,basketball,15:15
7706,M00049,2026-07-04,basketball,10:15
7707,M00238,2026-06-02,badminton,19:45
7708,M00134,2026-06-18,gym,21:45
7709,M00079,2026-07-01,football,21:45
7710,M00503,2026-04-19,basketball,20:30
7711,M00066,2026-02-25,football,21:45
7712,M00079,2026-02-02,swimming pool,08:15
7713,M00468,2026-06-14,swimming pool,07:30
7714,M00519,2026-05-02,swimming pool,07:30
7715,M00370,2026-01-30,football,14:30
7716,M00350,2026-07-09,football,19:00
7717,M00468,2026-08-01,swimming pool,14:00
7718,M00552,2026-05-23,gym,21:45
7719,M00320,2026-07-06,gym,13:00
7720,M00357,2026-08-13,basketball,16:30
7721,M00198,2026-08-21,football,09:30
7722,M00245,2026-06-19,basketball,10:00
7723,M00371,2026-08-19,badminton,15:15
7724,M00242,2026-05-30,swimming pool,20:00
7725,M00578,2026-03-22,badminton,06:45
7726,M00234,2026-05-13,badminton,19:45
7727,M00009,2026-02-05,gym,20:00
7728,M00364,2026-02-20,basketball,14:15
7729,M00057,2026-06-25,badminton,17:30
7730,M00345,2026-07-13,swimming pool,16:30
7731,M00290,2026-08-28,gym,20:45
7732,M00467,2026-04-30,football,11:15
7733,M00109,2026-07-15,gym,07:45
7734,M00144,2026-06-23,gym,14:00
7735,M00318,2026-05-07,gym,09:15
7736,M00303,2026-04-14,gym,20:30
7737,M00504,2026-05-18,gym,14:00
7738,M00024,2026-06-27,badminton,19:45
7739,M00496,2026-01-21,football,19:30
7740,M00280,2026-02-08,basketball,10:30
7741,M00308,2026-07-30,basketball,07:30
7742,M00577,2026-05-21,basketball,21:00
7743,M00118,2026-07-26,gym,09:45
7744,M00478,2026-07-19,gym,13:15
7745,M00161,2026-03-25,basketball,07:30
7746,M00301,2026-02-27,gym,20:15
7747,M00138,2026-03-20,basketball,19:45
7748,M00263,2026-06-03,gym,12:00
7749,M00268,2026-07-24,swimming pool,09:45
7750,M00453,2026-06-09,football,10:30
7751,M00414,2026-08-04,football,11:30
7752,M00479,2026-01-06,badminton,09:00
7753,M00197,2026-01-16,gym,19:30
7754,M00251,2026-02-04,swimming pool,08:30
7755,M00366,2026-06-26,basketball,17:00
7756,M00523,2026-07-21,gym,11:45
7757,M00377,2026-06-02,gym,21:00
7758,M00023,2026-03-04,badminton,13:45
7759,M00278,2026-02-20,swimming pool,17:45
7760,M00481,2026-03-17,gym,16:15
7761,M00390,2026-02-05,badminton,08:15
7762,M00211,2026-02-01,gym,16:30
7763,M00112,2026-06-13,gym,09:00
7764,M00141,2026-01-08,basketball,06:45
7765,M00105,2026-03-05,basketball,12:00
7766,M00034,2026-04-03,swimming pool,11:00
7767,M00317,2026-03-09,swimming pool,19:45
7768,M00251,2026-07-11,badminton,12:30
7769,M00140,2026-03-22,basketball,09:00
7770,M00420,2026-01-28,badminton,15:30
7771,M00146,2026-04-16,gym,14:30
7772,M00323,2026-02-23,basketball,16:15
7773,M00412,2026-05-16,swimming pool,17:00
7774,M00547,2026-01-28,badminton,15:00
7775,M00188,2026-07-24,swimming pool,10:15
7776,M00356,2026-05-23,badminton,13:30
7777,M00524,2026-01-15,swimming pool,16:15
7778,M00521,2026-05-13,gym,16:00
7779,M00508,2026-03-22,gym,21:00
7780,M00600,2026-06-25,basketball,12:30
7781,M00266,2026-07-21,badminton,10:30
7782,M00186,2026-03-13,basketball,21:45
7783,M00495,2026-03-06,badminton,14:45
7784,M00271,2026-07-23,football,13:00
7785,M00314,2026-04-20,badminton,07:00
7786,M00446,2026-01-03,basketball,10:45
7787,M00305,2026-05-20,basketball,10:45
7788,M00373,2026-07-26,badminton,12:45
7789,M00474,2026-06-01,swimming pool,17:30
7790,M00389,2026-01-06,football,09:15
7791,M00125,2026-01-06,badminton,06:45
7792,M00161,2026-08-09,badminton,14:30
7793,M00203,2026-06-04,basketball,07:00
7794,M00445,2026-01-16,football,13:15
7795,M00259,2026-04-30,gym,20:15
7796,M00407,2026-02-04,badminton,09:45
7797,M00304,2026-02-21,gym,18:00
7798,M00223,2026-02-03,badminton,07:15
7799,M00599,2026-03-18,swimming pool,14:30
7800,M00159,2026-04-28,football,17:15
7801,M00249,2026-04-20,gym,21:30
7802,M00584,2026-04-17,badminton,16:30
7803,M00363,2026-07-02,football,17:45
7804,M00520,2026-08-13,gym,11:45
7805,M00198,2026-07-05,gym,21:30
7806,M00148,2026-04-23,gym,13:15
7807,M00149,2026-08-27,badminton,06:15
7808,M00219,2026-06-03,swimming pool,18:15
7809,M00488,2026-04-10,gym,20:45
7810,M00278,2026-07-01,gym,14:00
7811,M00285,2026-07-06,basketball,16:30
7812,M00102,2026-01-21,swimming pool,18:15
7813,M00517,2026-01-21,gym,06:30
7814,M00007,2026-08-29,swimming pool,10:15
7815,M00039,2026-05-03,badminton,16:30
7816,M00174,2026-07-23,football,10:45
7817,M00431,2026-05-06,basketball,14:15
7818,M00212,2026-06-09,swimming pool,16:30
7819,M00223,2026-08-22,swimming pool,20:15
7820,M00137,2026-07-03,basketball,12:45
7821,M00593,2026-02-17,gym,17:00
7822,M00043,2026-01-04,swimming pool,18:00
7823,M00502,2026-04-23,swimming pool,08:30
7824,M00199,2026-08-17,badminton,18:45
7825,M00352,2026-02-25,basketball,08:30
7826,M00366,2026-05-02,swimming pool,09:00
7827,M00365,2026-02-16,gym,12:00
7828,M00570,2026-04-27,swimming pool,06:30
7829,M00053,2026-05-02,football,12:15
7830,M00479,2026-04-26,swimming pool,09:15
7831,M00488,2026-02-19,badminton,08:30
7832,M00530,2026-03-29,gym,11:45
7833,M00383,2026-06-05,gym,10:45
7834,M00558,2026-07-03,gym,06:00
7835,M00484,2026-02-08,swimming pool,06:45
7836,M00088,2026-08-12,swimming pool,09:30
7837,M00356,2026-02-16,swimming pool,16:45
7838,M00039,2026-02-03,swimming pool,12:00
7839,M00336,2026-07-27,football,20:30
7840,M00118,2026-04-28,badminton,20:00
7841,M00203,2026-02-12,swimming pool,06:00
7842,M00445,2026-08-10,gym,15:00
7843,M00477,2026-03-28,gym,11:30
7844,M00125,2026-08-31,swimming pool,06:00
7845,M00455,2026-05-12,football,19:45
7846,M00358,2026-05-13,basketball,16:30
7847,M00555,2026-03-28,gym,16:00
7848,M00311,2026-03-27,gym,15:45
7849,M00181,2026-08-19,swimming pool,18:45
7850,M00299,2026-06-23,basketball,10:45
7851,M00183,2026-05-09,basketball,16:00
7852,M00554,2026-08-22,gym,15:15
7853,M00041,2026-03-20,swimming pool,14:30
7854,M00048,2026-06-24,badminton,18:15
7855,M00109,2026-05-05,basketball,14:15
7856,M00303,2026-06-04,swimming pool,15:00
7857,M00436,2026-07-20,basketball,20:30
7858,M00035,2026-04-24,football,19:30
7859,M00546,2026-03-22,basketball,14:00
7860,M00089,2026-01-14,basketball,19:45
7861,M00155,2026-04-20,badminton,08:45
7862,M00242,2026-06-17,football,20:30
7863,M00222,2026-04-27,basketball,07:00
7864,M00164,2026-03-13,football,12:00
7865,M00442,2026-07-09,badminton,17:15
7866,M00265,2026-03-05,basketball,06:30
7867,M00451,2026-01-01,badminton,07:45
7868,M00206,2026-04-10,badminton,08:45
7869,M00383,2026-04-11,football,11:45
7870,M00143,2026-07-13,gym,13:15
7871,M00481,2026-02-23,badminton,21:00
7872,M00145,2026-04-04,basketball,21:15
7873,M00075,2026-02-09,swimming pool,06:00
7874,M00566,2026-07-19,badminton,20:30
7875,M00118,2026-04-05,swimming pool,10:30
7876,M00186,2026-03-29,basketball,18:00
7877,M00008,2026-05-29,football,06:30
7878,M00503,2026-07-27,football,12:45
7879,M00048,2026-06-28,swimming pool,06:15
7880,M00276,2026-01-19,swimming pool,18:30
7881,M00194,2026-02-02,football,16:45
7882,M00549,2026-03-10,football,20:45
7883,M00029,2026-07-08,basketball,07:45
7884,M00046,2026-01-07,basketball,14:45
7885,M00102,2026-08-01,badminton,13:15
7886,M00456,2026-01-09,gym,14:00
7887,M00500,2026-03-21,badminton,12:45
7888,M00574,2026-04-23,gym,18:15
7889,M00516,2026-08-22,basketball,19:15
7890,M00082,2026-08-21,badminton,21:45
7891,M00309,2026-08-02,gym,16:30
7892,M00384,2026-08-02,football,19:45
7893,M00125,2026-05-15,swimming pool,15:45
7894,M00315,2026-01-18,badminton,11:45
7895,M00519,2026-04-03,swimming pool,08:30
7896,M00112,2026-07-05,football,21:15
7897,M00429,2026-02-23,badminton,11:00
7898,M00165,2026-02-04,swimming pool,13:15
7899,M00126,2026-03-22,football,06:00
7900,M00473,2026-06-28,gym,12:15
7901,M00007,2026-03-16,badminton,14:30
7902,M00430,2026-04-27,basketball,08:30
7903,M00273,2026-01-29,basketball,18:45
7904,M00008,2026-03-17,badminton,19:15
7905,M00591,2026-01-22,gym,18:30
7906,M00380,2026-04-23,basketball,21:45
7907,M00410,2026-08-27,badminton,21:45
7908,M00395,2026-04-13,badminton,21:45
7909,M00048,2026-05-24,badminton,10:00
7910,M00513,2026-06-21,badminton,10:45
7911,M00319,2026-03-26,badminton,11:00
7912,M00503,2026-04-04,gym,15:45
7913,M00542,2026-02-04,football,21:15
7914,M00480,2026-04-03,badminton,14:15
7915,M00171,2026-01-02,basketball,08:30
7916,M00042,2026-04-17,football,11:45
7917,M00238,2026-06-15,football,19:30
7918,M00036,2026-01-16,basketball,21:15
7919,M00313,2026-04-17,basketball,12:00
7920,M00252,2026-02-11,gym,14:15
7921,M00057,2026-02-19,gym,12:15
7922,M00248,2026-07-30,gym,08:00
7923,M00115,2026-07-25,football,14:00
7924,M00411,2026-04-01,badminton,16:30
7925,M00536,2026-05-08,badminton,17:15
7926,M00297,2026-04-02,swimming pool,18:00
7927,M00352,2026-01-20,badminton,12:45
7928,M00469,2026-08-28,badminton,17:45
7929,M00536,2026-02-24,badminton,08:45
7930,M00586,2026-08-14,football,12:45
7931,M00092,2026-06-18,swimming pool,16:30
7932,M00407,2026-04-19,football,19:15
7933,M00209,2026-07-26,football,17:45
7934,M00257,2026-01-18,basketball,10:30
7935,M00397,2026-08-20,gym,09:00
7936,M00443,2026-02-03,badminton,19:30
7937,M00482,2026-04-18,swimming pool,12:45
7938,M00550,2026-03-14,swimming pool,19:30
7939,M00120,2026-05-05,football,20:15
7940,M00445,2026-05-04,football,07:00
7941,M00005,2026-02-03,basketball,08:00
7942,M00321,2026-08-08,swimming pool,06:15
7943,M00553,2026-06-19,basketball,11:00
7944,M00132,2026-02-01,badminton,08:00
7945,M00281,2026-08-19,badminton,18:15
7946,M00313,2026-07-28,badminton,19:15
7947,M00155,2026-01-10,gym,18:30
7948,M00436,2026-04-15,swimming pool,13:15
7949,M00362,2026-01-10,football,10:30
7950,M00194,2026-07-07,swimming pool,18:15
7951,M00331,2026-03-03,football,08:30
7952,M00015,2026-03-02,gym,21:30
7953,M00321,2026-08-30,football,15:00
7954,M00281,2026-08-17,swimming pool,07:15
7955,M00290,2026-05-16,badminton,12:30
7956,M00051,2026-05-05,badminton,17:00
7957,M00218,2026-07-08,swimming pool,11:00
7958,M00599,2026-06-13,football,20:00
7959,M00144,2026-03-09,badminton,06:30
7960,M00208,2026-01-23,gym,06:45
7961,M00496,2026-01-25,football,11:15
7962,M00337,2026-06-29,swimming pool,10:45
7963,M00487,2026-06-11,swimming pool,21:45
7964,M00364,2026-03-29,badminton,20:45
7965,M00067,2026-04-23,swimming pool,20:30
7966,M00488,2026-08-31,swimming pool,16:30
7967,M00318,2026-05-23,gym,15:45
7968,M00100,2026-02-16,basketball,19:45
7969,M00109,2026-03-28,swimming pool,12:15
7970,M00273,2026-02-15,basketball,07:15
7971,M00071,2026-03-30,gym,09:15
7972,M00261,2026-08-01,swimming pool,13:00
7973,M00448,2026-02-10,basketball,16:15
7974,M00295,2026-07-27,basketball,21:15
7975,M00221,2026-06-30,football,08:15
7976,M00045,2026-02-26,basketball,09:00
7977,M00152,2026-04-24,badminton,13:30
7978,M00323,2026-04-29,gym,15:15
7979,M00087,2026-07-22,gym,19:15
7980,M00182,2026-01-09,basketball,16:00
7981,M00047,2026-01-01,badminton,14:15
7982,M00404,2026-03-06,swimming pool,18:30
7983,M00298,2026-03-06,swimming pool,11:45
7984,M00096,2026-03-06,swimming pool,11:00
7985,M00058,2026-04-29,swimming pool,11:45
7986,M00408,2026-07-03,football,13:30
7987,M00161,2026-04-29,football,07:45
7988,M00559,2026-03-23,basketball,09:00
7989,M00224,2026-02-18,football,17:15
7990,M00041,2026-01-04,gym,07:00
7991,M00434,2026-02-24,swimming pool,16:45
7992,M00488,2026-08-27,basketball,16:30
7993,M00413,2026-04-05,football,19:00
7994,M00491,2026-02-12,football,15:45
7995,M00029,2026-03-03,badminton,14:45
7996,M00222,2026-02-26,swimming pool,15:45
7997,M00363,2026-06-16,basketball,15:00
7998,M00343,2026-03-17,basketball,12:30
7999,M00124,2026-04-30,badminton,21:15
8000,M00322,2026-07-13,gym,17:00
8001,M00512,2026-04-12,football,18:30
8002,M00580,2026-04-03,football,19:30
8003,M00422,2026-01-04,gym,13:15
8004,M00459,2026-07-10,badminton,10:15
8005,M00584,2026-08-04,basketball,14:30
8006,M00144,2026-01-23,gym,11:15
8007,M00131,2026-03-25,gym,14:30
8008,M00362,2026-05-03,football,17:15
8009,M00465,2026-06-14,swimming pool,13:45
8010,M00407,2026-04-16,gym,14:00
8011,M00292,2026-02-06,basketball,15:15
8012,M00059,2026-02-17,football,21:00
8013,M00559,2026-01-20,swimming pool,21:15
8014,M00184,2026-06-01,football,10:00
8015,M00017,2026-06-08,swimming pool,17:15
8016,M00319,2026-08-17,swimming pool,10:15
8017,M00379,2026-01-09,gym,15:45
8018,M00137,2026-05-23,badminton,06:45
8019,M00443,2026-06-23,football,16:15
8020,M00056,2026-08-24,football,20:15
8021,M00302,2026-07-12,basketball,18:45
8022,M00025,2026-01-13,basketball,10:30
8023,M00311,2026-04-13,basketball,18:45
8024,M00317,2026-06-26,football,13:45
8025,M00005,2026-06-24,football,15:15
8026,M00531,2026-04-15,football,11:30
8027,M00017,2026-05-16,badminton,16:15
8028,M00343,2026-07-21,basketball,11:45
8029,M00189,2026-04-07,basketball,10:15
8030,M00147,2026-03-25,basketball,11:45
8031,M00251,2026-06-11,badminton,19:15
8032,M00485,2026-01-15,badminton,20:15
8033,M00198,2026-07-19,swimming pool,14:30
8034,M00441,2026-04-17,basketball,09:00
8035,M00362,2026-01-26,badminton,18:00
8036,M00560,2026-01-13,basketball,18:15
8037,M00515,2026-07-28,football,18:45
8038,M00174,2026-03-11,badminton,14:00
8039,M00252,2026-06-24,football,17:00
8040,M00533,2026-04-20,football,16:45
8041,M00089,2026-02-28,badminton,14:00
8042,M00575,2026-05-19,swimming pool,13:00
8043,M00558,2026-03-05,football,06:00
8044,M00405,2026-05-29,swimming pool,14:45
8045,M00431,2026-05-30,gym,10:15
8046,M00506,2026-05-07,football,13:00
8047,M00094,2026-07-18,swimming pool,11:00
8048,M00079,2026-04-09,swimming pool,09:30
8049,M00185,2026-01-08,gym,10:15
8050,M00594,2026-01-26,badminton,10:15
8051,M00075,2026-08-26,swimming pool,13:45
8052,M00223,2026-06-23,gym,15:00
8053,M00567,2026-02-15,gym,11:45
8054,M00047,2026-02-16,swimming pool,09:45
8055,M00496,2026-02-17,gym,09:15
8056,M00357,2026-06-04,gym,13:00
8057,M00468,2026-05-05,badminton,18:00
8058,M00008,2026-06-28,gym,09:00
8059,M00475,2026-04-07,badminton,12:15
8060,M00302,2026-08-06,badminton,13:30
8061,M00224,2026-07-20,football,21:00
8062,M00382,2026-08-22,gym,16:30
8063,M00505,2026-03-19,basketball,09:00
8064,M00477,2026-06-10,gym,20:00
8065,M00137,2026-05-04,swimming pool,11:00
8066,M00261,2026-01-14,gym,13:00
8067,M00559,2026-08-27,swimming pool,15:00
8068,M00184,2026-08-03,swimming pool,11:00
8069,M00390,2026-06-20,gym,06:30
8070,M00220,2026-02-15,badminton,08:15
8071,M00143,2026-06-24,badminton,11:45
8072,M00394,2026-02-11,badminton,10:00
8073,M00168,2026-01-23,swimming pool,09:00
8074,M00448,2026-04-30,football,17:30
8075,M00170,2026-05-16,swimming pool,11:45
8076,M00506,2026-06-23,gym,09:00
8077,M00411,2026-04-25,football,09:00
8078,M00444,2026-08-25,basketball,19:15
8079,M00008,2026-02-15,badminton,09:30
8080,M00194,2026-05-10,basketball,14:15
8081,M00443,2026-04-24,swimming pool,06:15
8082,M00176,2026-01-11,football,15:00
8083,M00495,2026-06-25,badminton,12:00
8084,M00290,2026-08-31,gym,17:15
8085,M00080,2026-06-05,football,14:00
8086,M00063,2026-06-20,badminton,06:45
8087,M00331,2026-07-23,badminton,06:30
8088,M00514,2026-03-23,swimming pool,15:45
8089,M00502,2026-04-25,gym,13:45
8090,M00517,2026-03-06,basketball,20:45
8091,M00051,2026-07-07,gym,13:00
8092,M00461,2026-04-11,badminton,15:00
8093,M00348,2026-08-28,football,13:30
8094,M00336,2026-07-03,gym,08:45
8095,M00168,2026-04-24,swimming pool,20:45
8096,M00249,2026-08-27,swimming pool,11:00
8097,M00121,2026-08-05,football,13:15
8098,M00012,2026-04-03,gym,08:15
8099,M00065,2026-07-31,swimming pool,14:00
8100,M00438,2026-08-18,swimming pool,18:00
8101,M00075,2026-08-15,football,07:30
8102,M00031,2026-02-15,badminton,07:45
8103,M00323,2026-01-17,gym,21:30
8104,M00487,2026-07-25,gym,08:45
8105,M00051,2026-06-21,basketball,14:30
8106,M00451,2026-05-26,basketball,18:15
8107,M00092,2026-02-11,badminton,07:45
8108,M00026,2026-03-20,badminton,08:15
8109,M00556,2026-06-18,football,09:00
8110,M00128,2026-01-26,badminton,16:45
8111,M00512,2026-07-23,basketball,20:45
8112,M00427,2026-08-19,gym,16:15
8113,M00275,2026-05-25,basketball,06:00
8114,M00496,2026-01-10,football,10:00
8115,M00461,2026-04-19,badminton,16:00
8116,M00495,2026-08-11,basketball,07:15
8117,M00157,2026-06-20,swimming pool,06:30
8118,M00359,2026-02-28,badminton,20:15
8119,M00451,2026-04-28,swimming pool,16:15
8120,M00153,2026-01-16,football,17:15
8121,M00545,2026-03-10,football,21:15
8122,M00370,2026-07-01,football,21:15
8123,M00470,2026-02-13,football,12:15
8124,M00348,2026-06-29,basketball,06:15
8125,M00262,2026-01-08,football,13:45
8126,M00434,2026-02-20,football,15:45
8127,M00294,2026-05-17,badminton,14:15
8128,M00466,2026-03-05,football,13:30
8129,M00403,2026-07-23,badminton,10:15
8130,M00080,2026-05-22,football,19:45
8131,M00415,2026-02-12,swimming pool,21:15
8132,M00342,2026-08-10,swimming pool,13:30
8133,M00004,2026-08-29,basketball,11:00
8134,M00107,2026-04-16,basketball,12:15
8135,M00277,2026-07-19,gym,09:30
8136,M00137,2026-01-24,badminton,18:15
8137,M00262,2026-08-14,badminton,11:45
8138,M00217,2026-04-13,swimming pool,19:15
8139,M00223,2026-02-19,badminton,20:00
8140,M00291,2026-03-12,badminton,17:30
8141,M00121,2026-07-09,badminton,12:30
8142,M00298,2026-08-28,swimming pool,08:00
8143,M00108,2026-04-30,badminton,14:30
8144,M00301,2026-05-26,badminton,21:30
8145,M00171,2026-07-15,gym,15:15
8146,M00308,2026-04-07,swimming pool,09:30
8147,M00077,2026-02-11,football,09:00
8148,M00418,2026-03-11,basketball,11:30
8149,M00397,2026-03-15,swimming pool,20:15
8150,M00260,2026-04-23,swimming pool,16:15
8151,M00541,2026-08-14,basketball,17:00
8152,M00369,2026-03-03,gym,07:45
8153,M00324,2026-07-27,gym,14:30
8154,M00078,2026-07-24,football,13:30
8155,M00492,2026-08-15,football,11:15
8156,M00050,2026-03-28,basketball,11:30
8157,M00333,2026-07-09,swimming pool,08:00
8158,M00516,2026-01-24,swimming pool,14:45
8159,M00308,2026-08-20,swimming pool,21:45
8160,M00173,2026-03-20,swimming pool,07:00
8161,M00276,2026-06-11,basketball,06:45
8162,M00431,2026-07-08,football,18:00
8163,M00028,2026-04-07,football,19:15
8164,M00457,2026-08-22,badminton,09:15
8165,M00066,2026-05-13,basketball,07:45
8166,M00347,2026-01-03,basketball,08:30
8167,M00449,2026-01-22,badminton,06:00
8168,M00111,2026-08-19,swimming pool,16:00
8169,M00143,2026-07-06,swimming pool,08:45
8170,M00046,2026-01-01,badminton,07:15
8171,M00493,2026-02-12,football,19:15
8172,M00137,2026-01-29,swimming pool,07:45
8173,M00082,2026-03-09,football,15:15
8174,M00381,2026-01-10,basketball,18:45
8175,M00464,2026-05-10,badminton,11:00
8176,M00064,2026-06-15,gym,15:00
8177,M00285,2026-08-03,badminton,10:30
8178,M00402,2026-01-04,basketball,13:45
8179,M00174,2026-03-05,football,19:00
8180,M00363,2026-05-29,badminton,11:30
8181,M00280,2026-04-27,badminton,21:45
8182,M00219,2026-08-18,basketball,11:15
8183,M00030,2026-03-29,badminton,21:45
8184,M00589,2026-05-01,football,12:45
8185,M00455,2026-04-22,gym,21:30
8186,M00103,2026-01-11,badminton,12:30
8187,M00549,2026-01-27,badminton,06:30
8188,M00236,2026-05-26,gym,13:30
8189,M00445,2026-07-09,gym,10:30
8190,M00565,2026-06-11,basketball,18:45
8191,M00016,2026-08-07,football,19:15
8192,M00366,2026-03-20,basketball,18:00
8193,M00498,2026-03-25,gym,11:00
8194,M00059,2026-01-23,football,15:15
8195,M00399,2026-02-12,swimming pool,18:30
8196,M00293,2026-08-23,gym,06:15
8197,M00285,2026-03-30,football,15:00
8198,M00514,2026-03-31,football,13:30
8199,M00416,2026-04-06,swimming pool,16:15
8200,M00284,2026-06-14,swimming pool,21:45
8201,M00339,2026-01-10,basketball,19:30
8202,M00331,2026-04-28,swimming pool,21:30
8203,M00574,2026-07-27,badminton,10:30
8204,M00078,2026-02-13,swimming pool,16:30
8205,M00430,2026-04-28,football,07:00
8206,M00504,2026-07-26,badminton,11:15
8207,M00492,2026-05-31,swimming pool,14:45
8208,M00336,2026-08-13,swimming pool,12:45
8209,M00509,2026-03-07,football,07:15
8210,M00062,2026-07-29,swimming pool,16:30
8211,M00039,2026-04-23,gym,07:30
8212,M00092,2026-03-29,football,08:15
8213,M00290,2026-02-06,basketball,16:45
8214,M00328,2026-02-26,football,16:00
8215,M00207,2026-06-22,football,21:45
8216,M00254,2026-03-27,swimming pool,15:45
8217,M00073,2026-03-21,swimming pool,19:15
8218,M00023,2026-03-11,gym,17:15
8219,M00023,2026-04-12,swimming pool,12:30
8220,M00418,2026-01-20,gym,21:45
8221,M00194,2026-04-25,swimming pool,11:45
8222,M00358,2026-06-04,swimming pool,12:00
8223,M00294,2026-01-27,football,08:45
8224,M00088,2026-07-25,basketball,07:15
8225,M00208,2026-08-01,swimming pool,07:30
8226,M00299,2026-03-14,gym,15:15
8227,M00430,2026-06-17,basketball,07:15
8228,M00017,2026-06-11,football,12:00
8229,M00228,2026-05-01,football,07:15
8230,M00069,2026-01-09,football,13:45
8231,M00498,2026-07-05,basketball,21:45
8232,M00475,2026-04-27,swimming pool,19:30
8233,M00468,2026-04-07,badminton,17:30
8234,M00306,2026-03-26,football,07:15
8235,M00257,2026-08-19,football,09:30
8236,M00257,2026-02-21,badminton,09:00
8237,M00052,2026-02-05,basketball,12:30
8238,M00381,2026-02-22,swimming pool,07:15
8239,M00197,2026-06-26,swimming pool,12:00
8240,M00211,2026-04-04,gym,15:30
8241,M00345,2026-07-11,gym,20:00
8242,M00147,2026-04-07,badminton,06:45
8243,M00142,2026-07-24,basketball,06:45
8244,M00451,2026-03-14,gym,16:00
8245,M00305,2026-03-20,football,21:45
8246,M00161,2026-01-28,basketball,15:15
8247,M00262,2026-06-19,swimming pool,20:45
8248,M00256,2026-01-14,swimming pool,15:00
8249,M00448,2026-05-26,badminton,21:15
8250,M00354,2026-02-12,gym,11:15
8251,M00370,2026-05-10,football,12:45
8252,M00474,2026-07-16,gym,11:30
8253,M00560,2026-02-16,football,14:00
8254,M00308,2026-08-01,football,17:00
8255,M00394,2026-06-23,badminton,08:30
8256,M00322,2026-08-03,basketball,15:30
8257,M00443,2026-03-06,badminton,10:15
8258,M00599,2026-01-02,gym,14:00
8259,M00380,2026-02-13,badminton,10:45
8260,M00508,2026-05-18,badminton,16:30
8261,M00506,2026-08-16,gym,08:45
8262,M00500,2026-06-03,badminton,07:00
8263,M00309,2026-04-07,basketball,07:15
8264,M00434,2026-05-06,swimming pool,16:00
8265,M00132,2026-08-21,football,06:00
8266,M00318,2026-06-20,gym,20:45
8267,M00034,2026-08-01,basketball,13:30
8268,M00434,2026-01-11,swimming pool,09:45
8269,M00101,2026-02-26,badminton,06:45
8270,M00131,2026-07-25,gym,18:30
8271,M00359,2026-05-04,badminton,11:45
8272,M00354,2026-03-15,swimming pool,12:15
8273,M00576,2026-07-13,basketball,21:30
8274,M00093,2026-04-01,gym,19:45
8275,M00534,2026-08-28,football,08:30
8276,M00368,2026-07-10,basketball,09:30
8277,M00374,2026-08-02,basketball,19:00
8278,M00432,2026-04-17,football,15:00
8279,M00580,2026-03-03,basketball,13:45
8280,M00257,2026-04-15,gym,16:30
8281,M00322,2026-01-31,basketball,09:00
8282,M00225,2026-02-23,football,16:45
8283,M00193,2026-02-17,swimming pool,14:30
8284,M00077,2026-05-11,swimming pool,17:45
8285,M00414,2026-01-18,football,10:00
8286,M00149,2026-06-14,basketball,20:30
8287,M00572,2026-08-03,basketball,21:30
8288,M00539,2026-05-04,football,19:15
8289,M00088,2026-05-27,basketball,13:00
8290,M00356,2026-02-11,basketball,07:30
8291,M00210,2026-04-10,football,11:15
8292,M00356,2026-07-28,football,08:45
8293,M00257,2026-02-04,swimming pool,06:00
8294,M00138,2026-05-04,badminton,18:00
8295,M00114,2026-05-05,basketball,12:00
8296,M00093,2026-05-27,football,19:15
8297,M00478,2026-06-24,gym,17:30
8298,M00232,2026-07-27,basketball,06:45
8299,M00154,2026-02-14,swimming pool,06:45
8300,M00194,2026-03-31,basketball,21:15
8301,M00362,2026-05-06,basketball,17:45
8302,M00297,2026-02-12,football,15:00
8303,M00002,2026-07-24,badminton,06:00
8304,M00223,2026-08-07,swimming pool,21:15
8305,M00019,2026-02-25,swimming pool,15:15
8306,M00456,2026-03-19,basketball,12:30
8307,M00131,2026-06-24,swimming pool,16:45
8308,M00083,2026-01-30,football,10:00
8309,M00249,2026-08-02,football,06:45
8310,M00597,2026-03-26,football,19:15
8311,M00069,2026-05-24,badminton,12:00
8312,M00106,2026-01-25,swimming pool,08:45
8313,M00497,2026-07-23,football,06:15
8314,M00401,2026-04-19,basketball,18:15
8315,M00402,2026-06-16,football,15:45
8316,M00180,2026-05-10,gym,13:15
8317,M00425,2026-08-06,badminton,14:30
8318,M00011,2026-02-19,swimming pool,21:00
8319,M00178,2026-06-20,football,14:00
8320,M00231,2026-05-06,badminton,12:30
8321,M00203,2026-06-20,gym,12:15
8322,M00257,2026-07-09,badminton,10:45
8323,M00338,2026-04-17,basketball,09:30
8324,M00049,2026-07-28,swimming pool,07:30
8325,M00413,2026-05-09,basketball,07:45
8326,M00069,2026-02-02,basketball,16:15
8327,M00291,2026-08-06,football,15:00
8328,M00513,2026-04-02,swimming pool,13:15
8329,M00005,2026-08-21,gym,16:00
8330,M00284,2026-05-31,basketball,20:45
8331,M00424,2026-03-10,football,08:15
8332,M00410,2026-07-05,gym,19:30
8333,M00452,2026-04-16,badminton,10:15
8334,M00138,2026-06-30,basketball,09:30
8335,M00276,2026-07-01,football,06:15
8336,M00577,2026-03-20,football,14:30
8337,M00195,2026-06-21,badminton,16:45
8338,M00492,2026-08-02,basketball,18:00
8339,M00244,2026-08-24,football,19:30
8340,M00349,2026-01-05,gym,08:30
8341,M00355,2026-07-04,basketball,20:15
8342,M00146,2026-08-31,swimming pool,17:15
8343,M00393,2026-07-26,gym,09:30
8344,M00090,2026-02-09,basketball,06:45
8345,M00393,2026-01-28,football,16:15
8346,M00420,2026-01-09,football,21:00
8347,M00449,2026-02-04,gym,10:00
8348,M00229,2026-08-26,swimming pool,09:00
8349,M00162,2026-01-03,football,19:45
8350,M00489,2026-04-20,swimming pool,20:15
8351,M00018,2026-02-21,basketball,13:30
8352,M00257,2026-05-09,swimming pool,18:30
8353,M00431,2026-05-04,gym,20:00
8354,M00594,2026-06-11,gym,17:45
8355,M00334,2026-05-06,badminton,12:45
8356,M00501,2026-05-03,gym,16:30
8357,M00401,2026-07-29,basketball,12:15
8358,M00078,2026-04-11,badminton,06:30
8359,M00278,2026-04-19,football,21:15
8360,M00052,2026-07-13,badminton,19:00
8361,M00060,2026-08-06,swimming pool,16:15
8362,M00097,2026-02-04,football,11:45
8363,M00430,2026-02-02,badminton,14:45
8364,M00521,2026-08-18,gym,07:30
8365,M00529,2026-01-14,badminton,06:00
8366,M00301,2026-04-09,gym,16:45
8367,M00014,2026-01-11,gym,08:00
8368,M00036,2026-04-26,swimming pool,16:30
8369,M00402,2026-04-23,swimming pool,15:45
8370,M00290,2026-03-04,basketball,13:00
8371,M00568,2026-06-04,badminton,09:15
8372,M00110,2026-05-28,football,16:45
8373,M00510,2026-01-18,football,13:15
8374,M00112,2026-02-21,gym,17:30
8375,M00129,2026-08-27,football,14:15
8376,M00368,2026-06-11,gym,09:00
8377,M00597,2026-06-17,gym,12:30
8378,M00308,2026-08-09,gym,15:15
8379,M00592,2026-03-14,gym,11:30
8380,M00579,2026-04-25,football,07:15
8381,M00143,2026-03-05,football,20:45
8382,M00480,2026-04-10,basketball,07:45
8383,M00170,2026-08-04,football,16:00
8384,M00207,2026-07-19,badminton,06:15
8385,M00578,2026-06-06,basketball,12:45
8386,M00294,2026-03-16,swimming pool,06:00
8387,M00523,2026-02-20,basketball,13:15
8388,M00583,2026-06-20,swimming pool,20:00
8389,M00185,2026-04-09,basketball,13:15
8390,M00005,2026-05-01,gym,17:30
8391,M00573,2026-01-21,football,16:00
8392,M00228,2026-02-27,gym,08:45
8393,M00522,2026-04-17,gym,16:45
8394,M00460,2026-04-14,basketball,21:00
8395,M00140,2026-06-30,football,10:00
8396,M00234,2026-01-16,swimming pool,20:30
8397,M00449,2026-03-11,gym,17:15
8398,M00244,2026-06-23,gym,12:45
8399,M00014,2026-04-07,basketball,21:45
8400,M00114,2026-06-02,swimming pool,14:45
8401,M00180,2026-04-07,badminton,16:45
8402,M00066,2026-02-18,basketball,15:45
8403,M00489,2026-08-31,badminton,17:00
8404,M00317,2026-03-22,swimming pool,20:30
8405,M00182,2026-04-01,basketball,15:30
8406,M00531,2026-05-17,swimming pool,16:15
8407,M00430,2026-06-17,football,07:00
8408,M00534,2026-04-04,gym,09:00
8409,M00323,2026-07-08,basketball,21:15
8410,M00238,2026-05-20,badminton,08:30
8411,M00471,2026-04-20,badminton,19:45
8412,M00038,2026-06-16,badminton,07:45
8413,M00545,2026-01-03,football,12:15
8414,M00070,2026-08-09,football,13:30
8415,M00445,2026-03-24,gym,11:45
8416,M00328,2026-05-11,basketball,07:15
8417,M00307,2026-07-11,badminton,18:15
8418,M00247,2026-08-07,swimming pool,10:15
8419,M00308,2026-06-09,badminton,10:30
8420,M00329,2026-04-26,gym,16:00
8421,M00325,2026-08-10,badminton,21:15
8422,M00413,2026-02-19,football,06:15
8423,M00171,2026-03-10,swimming pool,20:00
8424,M00387,2026-01-29,football,18:15
8425,M00524,2026-08-21,basketball,20:30
8426,M00493,2026-04-17,swimming pool,12:45
8427,M00026,2026-02-23,football,17:30
8428,M00481,2026-05-24,basketball,11:45
8429,M00540,2026-01-25,football,12:00
8430,M00159,2026-02-15,football,14:00
8431,M00180,2026-08-27,swimming pool,10:00
8432,M00402,2026-02-17,badminton,13:30
8433,M00098,2026-08-22,football,17:30
8434,M00350,2026-04-05,badminton,08:15
8435,M00326,2026-05-18,football,13:00
8436,M00268,2026-07-16,gym,07:15
8437,M00356,2026-04-13,swimming pool,06:15
8438,M00163,2026-05-10,swimming pool,19:45
8439,M00196,2026-03-25,badminton,06:30
8440,M00458,2026-05-29,football,18:30
8441,M00454,2026-01-26,basketball,19:15
8442,M00095,2026-02-19,swimming pool,17:00
8443,M00538,2026-04-17,swimming pool,19:30
8444,M00396,2026-03-16,swimming pool,15:45
8445,M00396,2026-01-13,football,11:15
8446,M00021,2026-05-28,swimming pool,17:45
8447,M00182,2026-05-14,football,15:45
8448,M00479,2026-08-27,swimming pool,18:15
8449,M00080,2026-04-12,swimming pool,13:00
8450,M00568,2026-03-17,basketball,07:00
8451,M00481,2026-02-10,basketball,10:00
8452,M00242,2026-08-30,swimming pool,18:30
8453,M00051,2026-05-12,badminton,21:30
8454,M00585,2026-01-21,gym,19:15
8455,M00261,2026-08-07,swimming pool,07:15
8456,M00098,2026-01-16,gym,18:45
8457,M00241,2026-07-16,basketball,19:15
8458,M00148,2026-05-15,badminton,17:30
8459,M00314,2026-01-19,badminton,06:30
8460,M00465,2026-06-07,basketball,10:15
8461,M00589,2026-04-01,gym,09:00
8462,M00524,2026-03-21,football,19:00
8463,M00038,2026-04-08,basketball,07:00
8464,M00188,2026-08-10,basketball,06:30
8465,M00429,2026-06-01,gym,09:45
8466,M00269,2026-06-06,badminton,12:00
8467,M00389,2026-08-17,swimming pool,15:30
8468,M00075,2026-01-07,basketball,18:45
8469,M00559,2026-05-20,badminton,16:45
8470,M00227,2026-08-06,swimming pool,08:45
8471,M00358,2026-01-15,swimming pool,14:15
8472,M00217,2026-07-18,football,12:30
8473,M00273,2026-07-10,badminton,06:45
8474,M00079,2026-07-24,gym,06:45
8475,M00176,2026-06-07,football,17:00
8476,M00173,2026-03-04,gym,17:00
8477,M00436,2026-04-22,basketball,09:30
8478,M00554,2026-03-28,swimming pool,13:15
8479,M00125,2026-05-08,gym,14:45
8480,M00589,2026-07-14,badminton,17:30
8481,M00068,2026-02-13,football,11:30
8482,M00593,2026-02-15,swimming pool,06:15
8483,M00520,2026-06-21,football,08:30
8484,M00186,2026-01-13,football,17:15
8485,M00114,2026-08-05,basketball,18:00
8486,M00124,2026-07-28,swimming pool,19:45
8487,M00171,2026-03-27,gym,16:00
8488,M00489,2026-07-08,swimming pool,10:30
8489,M00065,2026-03-01,football,15:15
8490,M00056,2026-03-05,swimming pool,17:00
8491,M00173,2026-05-05,badminton,18:15
8492,M00246,2026-05-24,swimming pool,15:30
8493,M00049,2026-07-14,swimming pool,21:45
8494,M00364,2026-03-07,swimming pool,14:15
8495,M00576,2026-07-13,badminton,06:15
8496,M00231,2026-01-07,football,19:30
8497,M00099,2026-03-15,football,19:15
8498,M00132,2026-06-01,gym,16:00
8499,M00341,2026-01-15,badminton,21:00
8500,M00343,2026-05-30,gym,16:00
8501,M00571,2026-02-02,swimming pool,20:45
8502,M00175,2026-01-27,gym,07:45
8503,M00260,2026-03-15,badminton,21:15
8504,M00582,2026-01-28,gym,21:00
8505,M00497,2026-08-29,badminton,06:00
8506,M00206,2026-07-01,badminton,17:45
8507,M00541,2026-06-23,football,14:45
8508,M00338,2026-06-22,basketball,12:45
8509,M00301,2026-07-19,badminton,18:45
8510,M00387,2026-08-31,gym,20:15
8511,M00225,2026-04-11,basketball,07:30
8512,M00482,2026-03-09,gym,10:00
8513,M00572,2026-01-28,football,06:15
8514,M00447,2026-05-13,football,12:15
8515,M00365,2026-08-04,swimming pool,15:00
8516,M00314,2026-02-25,football,13:30
8517,M00120,2026-04-13,gym,10:45
8518,M00337,2026-05-04,basketball,17:15
8519,M00441,2026-04-18,football,15:00
8520,M00223,2026-06-20,gym,19:15
8521,M00410,2026-05-01,football,08:45
8522,M00323,2026-02-08,badminton,08:15
8523,M00347,2026-03-04,basketball,18:30
8524,M00161,2026-06-06,football,13:15
8525,M00012,2026-02-23,football,17:15
8526,M00376,2026-02-04,basketball,07:30
8527,M00193,2026-02-16,football,20:15
8528,M00298,2026-06-30,gym,08:00
8529,M00261,2026-06-08,football,21:30
8530,M00467,2026-03-26,badminton,21:15
8531,M00461,2026-08-08,basketball,07:30
8532,M00041,2026-05-28,basketball,20:00
8533,M00318,2026-04-04,basketball,16:45
8534,M00462,2026-03-01,football,18:00
8535,M00033,2026-06-19,swimming pool,14:00
8536,M00352,2026-05-01,swimming pool,18:00
8537,M00053,2026-05-13,gym,15:00
8538,M00509,2026-08-15,badminton,19:30
8539,M00220,2026-01-09,basketball,11:00
8540,M00515,2026-06-19,football,20:45
8541,M00070,2026-06-23,basketball,09:45
8542,M00328,2026-05-10,basketball,11:15
8543,M00421,2026-03-05,badminton,08:00
8544,M00033,2026-03-09,football,16:45
8545,M00570,2026-08-23,basketball,20:00
8546,M00149,2026-04-09,badminton,21:15
8547,M00563,2026-08-01,gym,10:00
8548,M00171,2026-08-06,basketball,17:15
8549,M00265,2026-05-28,football,08:45
8550,M00027,2026-06-13,football,15:00
8551,M00357,2026-06-23,football,16:30
8552,M00198,2026-04-30,swimming pool,07:30
8553,M00220,2026-04-27,basketball,12:00
8554,M00543,2026-03-24,badminton,18:45
8555,M00023,2026-05-07,gym,19:30
8556,M00262,2026-05-21,gym,14:30
8557,M00003,2026-01-02,gym,14:00
8558,M00456,2026-04-05,basketball,07:15
8559,M00245,2026-07-18,gym,07:45
8560,M00320,2026-07-18,gym,20:45
8561,M00163,2026-05-30,basketball,11:15
8562,M00576,2026-05-09,badminton,15:15
8563,M00465,2026-08-25,swimming pool,14:30
8564,M00498,2026-05-28,football,10:30
8565,M00118,2026-07-24,football,21:15
8566,M00421,2026-04-15,badminton,14:45
8567,M00376,2026-05-11,basketball,13:45
8568,M00069,2026-08-22,gym,16:15
8569,M00147,2026-04-01,football,07:45
8570,M00508,2026-04-28,gym,16:15
8571,M00411,2026-01-01,gym,21:30
8572,M00230,2026-06-29,gym,14:00
8573,M00162,2026-03-31,basketball,07:00
8574,M00301,2026-01-31,swimming pool,09:45
8575,M00407,2026-08-05,basketball,20:30
8576,M00152,2026-05-03,gym,20:00
8577,M00160,2026-08-14,basketball,20:00
8578,M00450,2026-04-21,swimming pool,16:00
8579,M00421,2026-08-12,badminton,11:45
8580,M00162,2026-05-26,football,06:30
8581,M00216,2026-05-12,football,09:45
8582,M00417,2026-04-29,basketball,10:15
8583,M00449,2026-01-09,swimming pool,17:30
8584,M00253,2026-01-19,basketball,13:00
8585,M00327,2026-05-11,badminton,19:30
8586,M00495,2026-02-02,badminton,19:00
8587,M00290,2026-04-09,basketball,11:00
8588,M00210,2026-04-22,football,06:45
8589,M00111,2026-03-23,badminton,07:15
8590,M00403,2026-08-22,gym,13:30
8591,M00031,2026-06-29,football,21:15
8592,M00096,2026-08-10,swimming pool,10:00
8593,M00443,2026-04-09,basketball,19:45
8594,M00331,2026-03-15,gym,16:15
8595,M00184,2026-03-13,swimming pool,09:45
8596,M00579,2026-03-13,swimming pool,16:15
8597,M00171,2026-08-30,football,19:00
8598,M00478,2026-05-21,gym,17:00
8599,M00246,2026-05-13,gym,16:45
8600,M00230,2026-02-17,gym,13:45
8601,M00455,2026-08-08,football,18:30
8602,M00366,2026-03-27,badminton,10:45
8603,M00113,2026-03-22,gym,06:45
8604,M00012,2026-07-08,badminton,17:45
8605,M00009,2026-04-04,swimming pool,17:00
8606,M00576,2026-04-13,football,21:30
8607,M00297,2026-01-24,swimming pool,12:30
8608,M00597,2026-08-03,football,19:15
8609,M00326,2026-05-24,basketball,10:45
8610,M00253,2026-03-22,basketball,06:00
8611,M00393,2026-06-15,swimming pool,16:30
8612,M00065,2026-04-04,gym,21:45
8613,M00372,2026-01-20,football,12:45
8614,M00534,2026-03-06,football,16:15
8615,M00069,2026-08-02,swimming pool,20:15
8616,M00274,2026-07-15,badminton,16:00
8617,M00068,2026-06-09,basketball,19:15
8618,M00115,2026-02-20,badminton,19:00
8619,M00407,2026-03-12,basketball,08:30
8620,M00153,2026-08-29,basketball,16:15
8621,M00155,2026-07-27,swimming pool,10:30
8622,M00461,2026-01-11,football,09:00
8623,M00110,2026-03-11,football,09:15
8624,M00597,2026-07-04,basketball,08:30
8625,M00045,2026-07-18,football,14:15
8626,M00459,2026-07-16,badminton,09:15
8627,M00412,2026-05-12,gym,21:15
8628,M00009,2026-07-06,gym,06:30
8629,M00528,2026-05-19,football,06:30
8630,M00521,2026-01-11,football,09:30
8631,M00017,2026-02-19,swimming pool,15:00
8632,M00349,2026-01-09,football,09:00
8633,M00348,2026-04-07,swimming pool,16:45
8634,M00039,2026-06-12,swimming pool,09:15
8635,M00071,2026-01-25,basketball,19:30
8636,M00429,2026-01-06,swimming pool,08:15
8637,M00298,2026-08-20,basketball,20:45
8638,M00265,2026-02-06,football,09:15
8639,M00356,2026-05-25,football,12:45
8640,M00163,2026-01-14,basketball,14:30
8641,M00599,2026-08-19,badminton,08:15
8642,M00399,2026-01-02,football,10:00
8643,M00251,2026-02-27,gym,14:45
8644,M00379,2026-04-17,badminton,21:00
8645,M00430,2026-04-11,badminton,21:00
8646,M00217,2026-01-06,badminton,17:00
8647,M00311,2026-03-02,football,18:30
8648,M00103,2026-04-12,badminton,17:00
8649,M00542,2026-04-09,swimming pool,16:15
8650,M00134,2026-07-16,swimming pool,13:00
8651,M00484,2026-02-07,badminton,21:45
8652,M00261,2026-01-25,swimming pool,19:00
8653,M00223,2026-06-21,football,17:30
8654,M00502,2026-03-06,badminton,18:00
8655,M00517,2026-07-10,gym,16:15
8656,M00591,2026-03-04,badminton,07:15
8657,M00378,2026-03-11,badminton,10:45
8658,M00528,2026-05-16,badminton,09:15
8659,M00016,2026-04-21,football,18:30
8660,M00391,2026-06-06,swimming pool,11:30
8661,M00425,2026-07-27,swimming pool,20:45
8662,M00168,2026-02-05,swimming pool,19:15
8663,M00085,2026-07-26,swimming pool,21:30
8664,M00237,2026-08-20,badminton,09:15
8665,M00353,2026-03-28,basketball,07:15
8666,M00138,2026-08-17,football,06:00
8667,M00466,2026-05-08,gym,06:45
8668,M00134,2026-05-25,badminton,17:00
8669,M00137,2026-07-11,basketball,15:30
8670,M00466,2026-02-27,badminton,12:30
8671,M00098,2026-08-14,badminton,13:00
8672,M00032,2026-07-10,swimming pool,11:15
8673,M00127,2026-07-31,football,19:45
8674,M00480,2026-08-08,football,07:45
8675,M00433,2026-06-13,basketball,14:45
8676,M00494,2026-06-15,swimming pool,07:00
8677,M00082,2026-06-19,gym,15:00
8678,M00565,2026-02-28,football,14:15
8679,M00480,2026-08-05,football,11:45
8680,M00019,2026-07-22,gym,20:45
8681,M00488,2026-07-21,football,17:15
8682,M00193,2026-08-10,badminton,10:15
8683,M00333,2026-02-24,football,13:15
8684,M00138,2026-03-09,swimming pool,17:45
8685,M00489,2026-04-26,swimming pool,20:45
8686,M00259,2026-04-03,basketball,16:00
8687,M00169,2026-01-28,football,17:15
8688,M00096,2026-01-26,badminton,15:45
8689,M00036,2026-02-28,basketball,12:15
8690,M00597,2026-07-31,basketball,21:30
8691,M00181,2026-07-27,gym,15:45
8692,M00340,2026-08-19,football,13:30
8693,M00516,2026-07-22,football,15:45
8694,M00487,2026-01-15,basketball,13:15
8695,M00539,2026-03-29,swimming pool,10:00
8696,M00154,2026-08-28,badminton,15:45
8697,M00084,2026-08-07,basketball,21:30
8698,M00422,2026-07-11,basketball,20:00
8699,M00533,2026-07-14,football,19:15
8700,M00425,2026-07-11,gym,13:30
8701,M00298,2026-07-19,badminton,10:00
8702,M00118,2026-07-02,football,16:45
8703,M00178,2026-02-28,badminton,07:00
8704,M00288,2026-04-28,swimming pool,21:45
8705,M00585,2026-04-19,swimming pool,18:15
8706,M00518,2026-08-23,football,18:30
8707,M00300,2026-07-16,football,21:45
8708,M00584,2026-01-22,basketball,10:15
8709,M00021,2026-01-12,football,09:00
8710,M00031,2026-01-25,badminton,11:45
8711,M00427,2026-06-02,gym,18:15
8712,M00328,2026-01-22,badminton,21:30
8713,M00349,2026-01-28,badminton,07:45
8714,M00456,2026-01-26,gym,06:00
8715,M00272,2026-06-11,badminton,21:15
8716,M00280,2026-02-10,swimming pool,21:30
8717,M00404,2026-04-19,badminton,10:30
8718,M00529,2026-02-20,gym,17:00
8719,M00468,2026-02-01,football,20:15
8720,M00340,2026-01-17,swimming pool,12:30
8721,M00211,2026-07-14,swimming pool,16:15
8722,M00443,2026-04-29,badminton,20:45
8723,M00510,2026-04-24,swimming pool,14:15
8724,M00398,2026-07-24,badminton,21:30
8725,M00050,2026-02-22,gym,06:30
8726,M00449,2026-06-03,gym,14:00
8727,M00482,2026-08-22,basketball,08:15
8728,M00523,2026-01-08,basketball,08:00
8729,M00493,2026-08-04,badminton,18:45
8730,M00423,2026-06-04,basketball,14:45
8731,M00156,2026-07-23,gym,20:00
8732,M00175,2026-03-16,swimming pool,17:45
8733,M00434,2026-05-09,swimming pool,07:15
8734,M00158,2026-03-31,swimming pool,18:30
8735,M00148,2026-08-15,badminton,16:45
8736,M00389,2026-05-06,swimming pool,16:00
8737,M00486,2026-05-24,gym,07:45
8738,M00181,2026-05-14,swimming pool,15:45
8739,M00396,2026-03-10,basketball,08:15
8740,M00388,2026-01-23,badminton,12:45
8741,M00243,2026-01-28,football,18:15
8742,M00452,2026-03-27,basketball,15:30
8743,M00229,2026-05-29,gym,16:00
8744,M00345,2026-04-11,basketball,12:00
8745,M00064,2026-06-16,basketball,12:45
8746,M00149,2026-07-02,gym,07:30
8747,M00080,2026-04-10,badminton,07:45
8748,M00523,2026-04-29,gym,15:00
8749,M00093,2026-02-22,badminton,12:45
8750,M00253,2026-06-04,basketball,17:15
8751,M00495,2026-08-25,swimming pool,16:45
8752,M00452,2026-04-28,basketball,07:30
8753,M00370,2026-03-18,football,07:45
8754,M00092,2026-02-16,football,18:00
8755,M00334,2026-03-16,football,11:45
8756,M00010,2026-01-13,swimming pool,13:15
8757,M00108,2026-02-24,swimming pool,18:15
8758,M00483,2026-07-28,badminton,19:00
8759,M00161,2026-01-17,swimming pool,19:30
8760,M00078,2026-04-03,basketball,21:00
8761,M00139,2026-07-09,football,08:30
8762,M00177,2026-06-29,badminton,08:30
8763,M00424,2026-07-12,gym,21:45
8764,M00374,2026-03-28,football,11:15
8765,M00226,2026-06-27,badminton,17:15
8766,M00560,2026-03-24,football,21:00
8767,M00448,2026-02-19,gym,10:15
8768,M00561,2026-07-19,swimming pool,13:15
8769,M00366,2026-02-06,football,20:45
8770,M00107,2026-04-06,swimming pool,17:45
8771,M00308,2026-05-05,swimming pool,19:30
8772,M00511,2026-03-10,basketball,14:30
8773,M00329,2026-01-09,basketball,10:15
8774,M00106,2026-07-14,gym,09:30
8775,M00051,2026-05-15,football,07:45
8776,M00324,2026-04-14,badminton,17:00
8777,M00347,2026-05-19,gym,06:30
8778,M00543,2026-01-03,gym,06:45
8779,M00499,2026-06-02,basketball,14:30
8780,M00512,2026-04-22,gym,12:45
8781,M00545,2026-07-27,football,19:45
8782,M00199,2026-08-01,basketball,15:45
8783,M00339,2026-03-04,swimming pool,13:30
8784,M00455,2026-04-24,badminton,19:15
8785,M00204,2026-05-03,football,10:15
8786,M00441,2026-08-24,swimming pool,09:00
8787,M00354,2026-01-01,swimming pool,12:45
8788,M00298,2026-02-22,football,21:15
8789,M00296,2026-03-22,gym,16:15
8790,M00119,2026-06-03,badminton,06:30
8791,M00004,2026-03-06,basketball,10:45
8792,M00028,2026-06-09,basketball,19:15
8793,M00078,2026-03-11,badminton,21:45
8794,M00242,2026-04-15,basketball,06:30
8795,M00595,2026-01-30,football,08:45
8796,M00306,2026-05-05,swimming pool,18:45
8797,M00374,2026-02-22,football,20:30
8798,M00537,2026-04-26,badminton,17:30
8799,M00464,2026-01-30,swimming pool,09:30
8800,M00269,2026-03-09,football,18:00
8801,M00446,2026-03-04,football,16:15
8802,M00348,2026-05-03,badminton,21:45
8803,M00495,2026-03-13,swimming pool,20:15
8804,M00082,2026-02-06,swimming pool,14:45
8805,M00456,2026-04-05,basketball,08:00
8806,M00562,2026-07-13,football,21:30
8807,M00383,2026-05-07,football,13:15
8808,M00192,2026-07-28,football,07:00
8809,M00062,2026-03-24,football,06:30
8810,M00294,2026-03-31,gym,20:15
8811,M00389,2026-03-24,football,17:30
8812,M00034,2026-03-24,football,08:15
8813,M00284,2026-03-19,swimming pool,15:45
8814,M00129,2026-08-09,basketball,09:15
8815,M00193,2026-06-06,swimming pool,13:00
8816,M00417,2026-03-28,swimming pool,12:30
8817,M00200,2026-08-13,badminton,21:30
8818,M00600,2026-06-21,football,06:45
8819,M00161,2026-05-09,swimming pool,09:45
8820,M00001,2026-05-15,basketball,21:30
8821,M00482,2026-05-10,football,10:45
8822,M00195,2026-04-30,basketball,13:00
8823,M00481,2026-04-27,swimming pool,13:45
8824,M00395,2026-04-16,gym,21:45
8825,M00516,2026-07-27,badminton,16:00
8826,M00057,2026-06-25,badminton,14:30
8827,M00048,2026-04-24,swimming pool,18:15
8828,M00028,2026-06-25,gym,06:45
8829,M00237,2026-07-01,swimming pool,10:45
8830,M00365,2026-02-07,basketball,11:30
8831,M00297,2026-04-09,swimming pool,06:30
8832,M00312,2026-06-21,gym,17:45
8833,M00512,2026-01-31,gym,20:45
8834,M00328,2026-02-22,football,20:15
8835,M00285,2026-07-25,badminton,08:45
8836,M00036,2026-05-10,football,15:00
8837,M00507,2026-03-26,badminton,12:00
8838,M00374,2026-02-20,basketball,16:45
8839,M00146,2026-04-22,football,12:30
8840,M00035,2026-07-16,basketball,06:30
8841,M00085,2026-07-24,swimming pool,07:45
8842,M00426,2026-04-25,swimming pool,08:15
8843,M00548,2026-01-28,badminton,18:15
8844,M00567,2026-04-26,gym,11:45
8845,M00534,2026-08-28,badminton,13:45
8846,M00583,2026-08-13,football,10:00
8847,M00296,2026-07-05,football,11:30
8848,M00087,2026-02-27,basketball,09:45
8849,M00248,2026-01-01,basketball,12:00
8850,M00542,2026-04-06,football,12:00
8851,M00418,2026-05-24,badminton,12:45
8852,M00529,2026-08-26,gym,19:45
8853,M00166,2026-02-20,football,18:45
8854,M00345,2026-06-20,basketball,07:45
8855,M00487,2026-05-04,badminton,17:30
8856,M00460,2026-07-20,swimming pool,16:30
8857,M00103,2026-07-27,gym,16:45
8858,M00493,2026-08-19,swimming pool,17:00
8859,M00301,2026-01-11,swimming pool,16:00
8860,M00027,2026-06-10,football,16:30
8861,M00542,2026-04-25,swimming pool,12:30
8862,M00497,2026-05-09,badminton,17:45
8863,M00153,2026-01-12,football,06:15
8864,M00296,2026-08-29,gym,06:30
8865,M00088,2026-04-05,gym,20:30
8866,M00594,2026-03-04,gym,18:45
8867,M00015,2026-05-14,gym,19:00
8868,M00089,2026-03-29,badminton,18:45
8869,M00092,2026-03-01,badminton,06:30
8870,M00452,2026-06-19,badminton,07:00
8871,M00043,2026-08-12,badminton,16:30
8872,M00035,2026-08-31,football,10:15
8873,M00490,2026-01-06,basketball,07:45
8874,M00318,2026-06-05,badminton,13:30
8875,M00448,2026-06-16,badminton,07:15
8876,M00404,2026-02-24,football,12:45
8877,M00300,2026-05-05,swimming pool,11:30
8878,M00372,2026-03-25,football,09:45
8879,M00040,2026-05-15,swimming pool,13:30
8880,M00067,2026-07-20,badminton,11:30
8881,M00279,2026-06-15,football,19:45
8882,M00254,2026-06-21,football,07:00
8883,M00036,2026-03-08,badminton,12:00
8884,M00280,2026-06-29,football,19:45
8885,M00170,2026-08-04,badminton,09:30
8886,M00011,2026-06-25,football,18:00
8887,M00449,2026-01-14,football,20:15
8888,M00076,2026-05-08,gym,09:45
8889,M00417,2026-05-17,football,09:15
8890,M00019,2026-02-28,football,15:45
8891,M00112,2026-06-23,swimming pool,09:30
8892,M00056,2026-01-26,basketball,14:30
8893,M00268,2026-08-26,basketball,18:15
8894,M00379,2026-04-23,swimming pool,09:15
8895,M00358,2026-02-26,basketball,09:15
8896,M00452,2026-04-14,football,20:45
8897,M00177,2026-07-17,swimming pool,17:45
8898,M00599,2026-08-30,badminton,21:30
8899,M00373,2026-01-10,football,07:45
8900,M00123,2026-04-30,swimming pool,13:00
8901,M00345,2026-07-18,basketball,09:45
8902,M00038,2026-08-17,badminton,11:45
8903,M00085,2026-03-09,badminton,20:00
8904,M00428,2026-03-27,gym,14:30
8905,M00108,2026-04-05,swimming pool,19:30
8906,M00291,2026-03-30,football,10:45
8907,M00293,2026-07-06,badminton,14:00
8908,M00588,2026-07-24,gym,13:45
8909,M00572,2026-01-12,badminton,21:45
8910,M00139,2026-01-06,football,12:15
8911,M00455,2026-03-05,football,18:30
8912,M00169,2026-03-21,swimming pool,21:45
8913,M00003,2026-06-30,basketball,15:00
8914,M00319,2026-04-22,badminton,14:00
8915,M00175,2026-04-22,gym,12:30
8916,M00196,2026-03-14,swimming pool,16:30
8917,M00350,2026-04-09,gym,12:15
8918,M00441,2026-07-04,swimming pool,08:15
8919,M00547,2026-03-07,gym,17:30
8920,M00075,2026-08-04,gym,17:30
8921,M00136,2026-08-11,badminton,10:45
8922,M00348,2026-01-02,badminton,18:00
8923,M00523,2026-08-20,badminton,11:00
8924,M00450,2026-02-10,basketball,08:15
8925,M00401,2026-02-18,swimming pool,15:00
8926,M00189,2026-06-18,football,12:45
8927,M00543,2026-08-28,gym,13:15
8928,M00417,2026-05-01,swimming pool,20:15
8929,M00250,2026-02-09,basketball,10:45
8930,M00458,2026-08-23,basketball,20:30
8931,M00445,2026-08-14,football,16:00
8932,M00595,2026-06-12,badminton,18:45
8933,M00469,2026-07-12,badminton,10:30
8934,M00275,2026-06-05,football,12:00
8935,M00207,2026-04-17,basketball,17:45
8936,M00161,2026-08-10,basketball,19:30
8937,M00005,2026-08-21,badminton,13:45
8938,M00433,2026-08-18,basketball,12:15
8939,M00033,2026-02-18,gym,18:00
8940,M00212,2026-08-12,gym,21:45
8941,M00016,2026-03-29,swimming pool,15:00
8942,M00213,2026-05-22,football,13:15
8943,M00205,2026-01-27,badminton,09:00
8944,M00108,2026-04-12,basketball,14:00
8945,M00162,2026-03-05,basketball,10:00
8946,M00123,2026-08-12,football,13:30
8947,M00199,2026-01-19,gym,17:30
8948,M00247,2026-05-25,basketball,09:30
8949,M00497,2026-03-04,badminton,08:30
8950,M00594,2026-07-25,gym,06:45
8951,M00437,2026-01-04,football,19:15
8952,M00242,2026-07-03,basketball,17:00
8953,M00297,2026-04-12,gym,10:45
8954,M00179,2026-07-27,swimming pool,15:45
8955,M00566,2026-06-13,football,10:15
8956,M00345,2026-01-27,football,10:45
8957,M00102,2026-08-30,swimming pool,16:00
8958,M00426,2026-02-02,gym,07:30
8959,M00034,2026-01-20,badminton,21:45
8960,M00019,2026-04-12,swimming pool,08:00
8961,M00578,2026-06-06,basketball,17:15
8962,M00433,2026-05-16,basketball,19:30
8963,M00051,2026-05-17,swimming pool,19:00
8964,M00401,2026-05-23,swimming pool,09:30
8965,M00043,2026-04-24,swimming pool,21:15
8966,M00056,2026-05-15,basketball,08:30
8967,M00203,2026-05-29,gym,12:00
8968,M00159,2026-01-07,gym,16:45
8969,M00182,2026-04-12,gym,21:00
8970,M00182,2026-06-16,badminton,21:30
8971,M00526,2026-07-31,badminton,20:15
8972,M00065,2026-03-01,swimming pool,20:15
8973,M00546,2026-01-31,badminton,11:15
8974,M00213,2026-02-14,swimming pool,20:15
8975,M00336,2026-03-07,gym,09:30
8976,M00255,2026-05-21,badminton,21:30
8977,M00299,2026-03-02,gym,18:30
8978,M00370,2026-06-03,badminton,20:00
8979,M00059,2026-05-02,football,11:30
8980,M00439,2026-02-25,basketball,19:15
8981,M00490,2026-08-04,badminton,17:30
8982,M00018,2026-03-13,badminton,13:45
8983,M00370,2026-01-10,gym,21:45
8984,M00033,2026-06-07,football,07:15
8985,M00119,2026-04-24,swimming pool,09:00
8986,M00233,2026-07-16,badminton,06:30
8987,M00198,2026-02-23,swimming pool,09:30
8988,M00431,2026-05-29,basketball,14:00
8989,M00119,2026-01-13,gym,15:45
8990,M00032,2026-01-24,football,12:15
8991,M00335,2026-02-17,gym,19:15
8992,M00179,2026-07-27,basketball,07:15
8993,M00080,2026-04-10,badminton,10:45
8994,M00409,2026-08-03,swimming pool,13:00
8995,M00389,2026-01-25,badminton,07:15
8996,M00195,2026-01-27,gym,08:45
8997,M00088,2026-06-26,basketball,09:30
8998,M00325,2026-04-30,badminton,07:30
8999,M00113,2026-06-04,football,17:00
9010,M00072,2026-01-12,swimming pool,15:00
9025,M00349,2026-01-29,badminton,19:15
