member_id,attendance_date,facility,check_in_time
M00115,2026-01-07,Badminton,13:15
M00143,2026-07-08,Gym,08:45
M00033,2026-01-08,Gym,12:15
M00518,2026-06-04,Gym,12:45
M00226,2026-04-25,Football,14:00
M00164,2026-06-28,Basketball,16:30
M00160,2026-02-25,Badminton,09:00
M00390,2026-01-25,Badminton,17:30
M00045,2026-07-06,Basketball,09:45
M00081,2026-05-22,Badminton,17:15
M00072,2026-01-12,GYM,15:00
M00239,2026-08-10,Gym,18:30
M00465,2026-06-12,Badminton,11:30
M00364,2026-02-23,Badminton,08:15
M00547,2026-07-06,Swimming Pool,11:45
M00389,2026-03-11,Football,13:30
M00058,2026-02-28,Gym,16:45
M00275,2026-01-17,Swimming Pool,16:15
M00512,2026-04-12,Basketball,10:30
M00143,2026-03-05,Football,14:45
M00598,2026-04-13,Badminton,13:15
M00522,2026-05-07,Gym,07:00
M00157,2026-06-10,Swimming Pool,19:00
M00395,2026-04-08,Football,20:30
M00567,2026-08-09,Gym,09:30
M00349,2026-01-29,Swimming pool ,19:15
M00465,2026-01-01,Badminton,11:00
M00306,2026-08-04,Football,12:15
M00383,2026-07-15,Swimming Pool,06:30
M00501,2026-01-05,Gym,17:30
M00246,2026-01-15,Swimming Pool,08:00
M00498,2026-07-28,Gym,10:15
M00487,2026-08-31,Football,11:30
M00541,2026-08-12,Football,19:15
M00553,2026-07-13,Swimming Pool,15:45
M00383,2026-04-23,Football,20:00
M00254,2026-02-27,Gym,16:00
M00568,2026-02-28,Football,13:00
M00073,2026-07-01,Gym,13:00
M00033,2026-08-09,Badminton,08:15
M00286,2026-06-21,Basketball,12:15
M00585,2026-05-28,Basketball,13:45
M00417,2026-02-18,Gym,09:45
M00363,2026-04-19,Basketball,20:00
M00101,2026-01-16,Basketball,16:00
M00255,2026-02-19,Swimming Pool,20:15
M00433,2026-02-16,Badminton,20:15
M00078,2026-04-24,Football,09:00
M00554,2026-08-03,Gym,08:15
M00171,2026-04-15,Basketball,21:15
M00411,2026-08-20,Gym,11:45
M00003,2026-04-10,Badminton,20:30
M00434,2026-06-28,Football,21:15
M00195,2026-03-17,Swimming Pool,07:00
M00322,2026-01-15,Gym,21:15
M00059,2026-05-11,Gym,11:00
M00070,2026-06-22,Swimming Pool,18:00
M00584,2026-03-05,Football,07:00
M00430,2026-06-18,Football,16:30
M00210,2026-06-21,Badminton,13:30
M00406,2026-02-03,Badminton,20:30
M00075,2026-01-03,Basketball,09:00
M00551,2026-02-24,Football,14:15
M00358,2026-08-14,Gym,13:30
M00292,2026-02-10,Basketball,15:00
M00568,2026-03-18,Gym,10:30
M00119,2026-08-16,Gym,10:30
M00289,2026-06-04,Swimming Pool,16:15
M00271,2026-05-10,Basketball,14:00
M00095,2026-06-12,Basketball,14:00
M00004,2026-03-27,Swimming Pool,14:15
M00453,2026-05-22,Basketball,06:00
M00078,2026-08-30,Swimming Pool,07:30
M00597,2026-05-22,Swimming Pool,19:15
M00043,2026-03-20,Badminton,07:30
M00216,2026-06-24,Swimming Pool,09:30
M00574,2026-08-15,Basketball,10:15
M00167,2026-07-24,Swimming Pool,19:00
M00184,2026-07-08,Badminton,19:15
M00274,2026-02-10,Gym,18:00
M00482,2026-02-26,Swimming Pool,20:30
M00313,2026-07-30,Swimming Pool,13:00
M00198,2026-04-13,Badminton,14:00
M00286,2026-03-31,Football,18:30
M00029,2026-01-30,Badminton,11:30
M00040,2026-01-28,Football,19:30
M00322,2026-04-22,Football,09:45
M00591,2026-02-18,Badminton,07:45
M00002,2026-05-14,Football,12:30
M00442,2026-01-18,Badminton,16:00
M00308,2026-05-10,Badminton,19:30
M00413,2026-06-28,Badminton,10:15
M00431,2026-06-20,Basketball,11:30
M00416,2026-05-21,Gym,15:30
M00216,2026-04-21,Football,16:45
M00453,2026-04-24,Swimming Pool,21:15
M00087,2026-03-14,Football,16:00
M00241,2026-06-22,Badminton,13:15
M00151,2026-01-07,Gym,13:45
M00075,2026-04-27,Basketball,12:45
M00507,2026-04-13,Swimming Pool,10:00
M00110,2026-07-19,Basketball,13:15
M00531,2026-04-29,Gym,13:00
M00468,2026-02-04,Basketball,16:45
M00517,2026-04-20,Football,20:15
M00487,2026-04-26,Badminton,13:30
M00534,2026-05-05,Swimming Pool,14:45
M00080,2026-07-02,Badminton,13:30
M00344,2026-03-23,Football,08:15
M00155,2026-03-01,Basketball,10:15
M00066,2026-04-17,Basketball,16:45
M00426,2026-01-16,Swimming Pool,19:45
M00599,2026-08-31,Gym,18:45
M00007,2026-08-30,Badminton,15:45
M00430,2026-05-18,Football,13:45
M00225,2026-03-11,Basketball,21:00
M00399,2026-03-28,Basketball,11:45
M00131,2026-06-09,Football,06:45
M00578,2026-06-19,Gym,08:45
M00139,2026-08-10,Basketball,11:00
M00267,2026-04-08,Badminton,12:45
M00335,2026-03-28,Basketball,14:45
M00259,2026-08-02,Gym,21:00
M00553,2026-01-14,Badminton,13:00
M00042,2026-07-13,Gym,13:15
M00021,2026-06-09,Swimming Pool,13:15
M00485,2026-06-21,Gym,12:45
M00263,2026-07-16,Badminton,11:00
M00168,2026-03-21,Gym,06:30
M00590,2026-06-23,Basketball,18:15
M00078,2026-06-01,Swimming Pool,09:30
M00124,2026-07-23,Football,07:30
M00546,2026-04-20,Badminton,08:30
M00013,2026-08-06,Basketball,21:00
M00444,2026-04-03,Basketball,10:45
M00181,2026-07-07,Football,14:45
M00477,2026-04-22,Football,14:30
M00252,2026-08-01,Gym,14:45
M00250,2026-07-12,Basketball,18:30
M00030,2026-05-07,Badminton,11:45
M00218,2026-04-01,Badminton,16:30
M00283,2026-05-23,Gym,12:00
M00248,2026-07-04,Basketball,21:15
M00488,2026-06-15,Basketball,20:00
M00096,2026-03-17,Swimming Pool,18:15
M00314,2026-06-19,Football,17:45
M00567,2026-05-16,Badminton,19:30
M00361,2026-06-29,Basketball,14:30
M00258,2026-03-01,Gym,12:30
M00123,2026-07-10,Football,11:15
M00222,2026-07-09,Basketball,14:30
M00103,2026-08-02,Swimming Pool,15:15
M00370,2026-02-15,Badminton,06:15
M00281,2026-01-12,Gym,15:15
M00503,2026-01-27,Gym,15:45
M00491,2026-04-23,Badminton,11:00
M00259,2026-08-29,Basketball,09:00
M00411,2026-05-06,Gym,07:15
M00153,2026-07-27,Football,15:00
M00255,2026-01-31,Football,19:15
M00536,2026-04-08,Basketball,20:30
M00440,2026-03-20,Football,07:00
M00213,2026-06-10,Swimming Pool,14:00
M00161,2026-03-03,Swimming Pool,08:15
M00003,2026-04-15,Basketball,21:30
M00034,2026-03-01,Badminton,15:45
M00073,2026-06-25,Swimming Pool,14:15
M00436,2026-01-30,Football,13:15
M00273,2026-07-31,Swimming Pool,08:00
M00170,2026-07-22,Badminton,15:45
M00128,2026-04-30,Badminton,18:30
M00513,2026-05-19,Basketball,20:00
M00041,2026-08-16,Basketball,16:30
M00027,2026-01-24,Swimming Pool,06:30
M00591,2026-01-11,Swimming Pool,21:45
M00285,2026-02-16,Football,19:45
M00094,2026-05-01,Badminton,19:30
M00329,2026-06-21,Gym,11:30
M00422,2026-06-27,Basketball,15:45
M00564,2026-01-10,Basketball,08:30
M00259,2026-03-24,Gym,18:00
M00556,2026-04-29,Basketball,07:15
M00531,2026-04-03,Football,21:45
M00053,2026-02-22,Badminton,10:30
M00449,2026-08-14,Basketball,09:00
M00246,2026-07-01,Swimming Pool,15:00
M00566,2026-04-15,Gym,13:00
M00473,2026-08-31,Gym,10:45
M00299,2026-05-11,Badminton,19:45
M00484,2026-03-04,Basketball,10:45
M00196,2026-08-24,Football,10:00
M00283,2026-07-17,Basketball,16:30
M00003,2026-03-14,Badminton,21:15
M00458,2026-05-18,Basketball,17:30
M00566,2026-07-15,Football,18:45
M00330,2026-08-11,Swimming Pool,13:45
M00240,2026-08-08,Basketball,07:30
M00485,2026-06-30,Basketball,18:15
M00508,2026-01-10,Swimming Pool,16:00
M00451,2026-01-26,Football,20:00
M00148,2026-04-15,Swimming Pool,08:45
M00272,2026-03-28,Football,18:00
M00337,2026-08-07,Football,18:30
M00500,2026-08-12,Football,07:00
M00241,2026-06-11,Badminton,13:00
M00445,2026-01-26,Gym,20:15
M00307,2026-08-20,Gym,07:30
M00058,2026-03-17,Badminton,17:45
M00150,2026-03-04,Football,19:15
M00175,2026-02-14,Gym,18:15
M00510,2026-08-22,Football,10:15
M00473,2026-06-13,Badminton,20:30
M00010,2026-08-19,Basketball,15:15
M00076,2026-04-24,Badminton,15:45
M00257,2026-04-27,Badminton,12:45
M00495,2026-01-28,Swimming Pool,18:30
M00589,2026-03-17,Badminton,06:45
M00282,2026-01-03,Football,07:45
M00294,2026-07-18,Swimming Pool,17:15
M00195,2026-06-08,Badminton,10:00
M00041,2026-03-21,Basketball,07:30
M00135,2026-01-24,Badminton,16:45
M00180,2026-02-21,Swimming Pool,17:30
M00169,2026-03-07,Basketball,15:30
M00118,2026-04-30,Gym,10:15
M00407,2026-08-05,Football,17:00
M00405,2026-01-04,Badminton,09:45
M00378,2026-06-22,Badminton,18:30
M00111,2026-06-22,Swimming Pool,21:00
M00575,2026-03-25,Football,13:00
M00476,2026-08-21,Badminton,19:00
M00144,2026-01-12,Gym,15:45
M00119,2026-01-25,Swimming Pool,10:45
M00465,2026-04-05,Football,19:15
M00425,2026-06-17,Gym,21:45
M00287,2026-01-09,Badminton,12:45
M00456,2026-03-02,Badminton,09:30
M00558,2026-08-19,Badminton,07:45
M00283,2026-02-18,Gym,20:00
M00218,2026-06-14,Football,06:00
M00342,2026-03-04,Swimming Pool,12:00
M00568,2026-02-23,Football,12:15
M00337,2026-07-18,Swimming Pool,06:30
M00149,2026-02-03,Football,14:15
M00113,2026-06-19,Gym,10:00
M00367,2026-07-22,Swimming Pool,16:00
M00179,2026-03-09,Gym,10:45
M00539,2026-01-30,Gym,21:45
M00371,2026-05-12,Football,09:45
M00516,2026-02-26,Football,07:30
M00470,2026-06-14,Gym,07:45
M00412,2026-04-20,Gym,21:45
M00076,2026-08-19,Gym,16:15
M00068,2026-02-02,Badminton,16:45
M00544,2026-03-17,Basketball,19:00
M00118,2026-08-07,Football,12:45
M00463,2026-08-16,Swimming Pool,19:30
M00465,2026-04-13,Basketball,09:30
M00438,2026-03-22,Badminton,17:15
M00486,2026-01-18,Gym,08:00
M00443,2026-01-25,Badminton,10:00
M00576,2026-05-24,Badminton,09:45
M00363,2026-08-12,Basketball,07:30
M00320,2026-04-01,Gym,12:15
M00494,2026-02-27,Gym,17:30
M00118,2026-07-15,Badminton,13:45
M00575,2026-07-16,Football,06:30
M00030,2026-02-16,Badminton,15:30
M00360,2026-01-02,Swimming Pool,10:45
M00072,2026-02-06,Gym,08:15
M00386,2026-04-18,Basketball,16:15
M00379,2026-03-21,Badminton,08:00
M00160,2026-02-10,Football,07:00
M00279,2026-04-24,Basketball,21:45
M00425,2026-03-11,Swimming Pool,09:30
M00441,2026-01-29,Badminton,21:30
M00047,2026-02-26,Basketball,07:00
M00210,2026-03-19,Swimming Pool,10:30
M00297,2026-03-25,Gym,06:45
M00441,2026-02-14,Swimming Pool,18:15
M00513,2026-05-24,Badminton,08:45
M00044,2026-04-22,Gym,20:00
M00321,2026-05-28,Basketball,18:45
M00297,2026-01-30,Basketball,06:30
M00176,2026-07-25,Football,20:30
M00091,2026-04-22,Gym,13:45
M00411,2026-05-15,Gym,18:30
M00348,2026-02-26,Badminton,11:00
M00523,2026-06-12,Gym,12:30
M00360,2026-07-06,Swimming Pool,13:00
M00150,2026-03-07,Swimming Pool,11:15
M00078,2026-02-15,Basketball,20:45
M00579,2026-06-14,Football,16:30
M00155,2026-04-23,Gym,21:45
M00311,2026-07-23,Badminton,07:30
M00520,2026-01-19,Badminton,20:45
M00039,2026-01-15,Badminton,15:00
M00093,2026-06-07,Football,18:45
M00595,2026-05-22,Gym,20:15
M00330,2026-06-04,Basketball,10:00
M00462,2026-01-27,Badminton,08:15
M00041,2026-03-05,Basketball,20:15
M00373,2026-04-06,Badminton,18:45
M00347,2026-06-23,Football,07:30
M00068,2026-03-26,Gym,18:30
M00259,2026-07-05,Football,10:30
M00084,2026-05-30,Swimming Pool,17:30
M00402,2026-02-03,Football,08:30
M00573,2026-04-07,Badminton,10:00
M00434,2026-05-11,Badminton,06:30
M00317,2026-02-16,Swimming Pool,16:45
M00197,2026-02-27,Swimming Pool,10:00
M00303,2026-08-05,Gym,07:30
M00135,2026-06-02,Basketball,10:15
M00186,2026-08-01,Football,11:45
M00045,2026-04-16,Badminton,13:45
M00292,2026-07-12,Basketball,13:15
M00317,2026-07-27,Basketball,12:30
M00585,2026-04-23,Basketball,15:45
M00515,2026-05-16,Basketball,11:15
M00142,2026-08-12,Badminton,07:45
M00381,2026-05-22,Gym,09:30
M00086,2026-07-15,Swimming Pool,14:45
M00526,2026-02-07,Basketball,08:15
M00462,2026-08-15,Badminton,06:45
M00055,2026-04-12,Football,17:15
M00396,2026-01-21,Badminton,13:00
M00327,2026-08-27,Gym,16:15
M00141,2026-01-10,Badminton,21:15
M00481,2026-04-25,Football,06:00
M00020,2026-03-07,Swimming Pool,10:45
M00114,2026-07-18,Badminton,13:30
M00125,2026-01-13,Swimming Pool,19:45
M00065,2026-01-29,Basketball,06:15
M00148,2026-03-16,Basketball,06:30
M00247,2026-05-27,Basketball,11:00
M00537,2026-04-03,Gym,06:45
M00482,2026-01-12,Basketball,17:30
M00017,2026-04-02,Gym,17:15
M00107,2026-07-17,Football,16:15
M00046,2026-04-01,Football,16:15
M00476,2026-06-28,Basketball,11:15
M00065,2026-07-03,Basketball,07:30
M00207,2026-01-12,Swimming Pool,07:30
M00318,2026-05-12,Basketball,21:30
M00038,2026-07-12,Swimming Pool,15:30
M00049,2026-08-10,Badminton,14:00
M00377,2026-04-22,Basketball,20:45
M00348,2026-02-17,Basketball,21:30
M00532,2026-03-10,Gym,19:00
M00441,2026-06-04,Swimming Pool,15:30
M00106,2026-01-21,Badminton,15:30
M00457,2026-06-04,Basketball,11:45
M00360,2026-04-25,Gym,17:45
M00282,2026-06-13,Gym,08:45
M00373,2026-05-12,Swimming Pool,06:15
M00449,2026-01-09,Swimming Pool,08:15
M00376,2026-04-03,Basketball,07:15
M00461,2026-08-31,Badminton,17:45
M00079,2026-05-27,Swimming Pool,17:45
M00322,2026-06-16,Badminton,13:00
M00027,2026-07-08,Swimming Pool,21:45
M00576,2026-01-31,Badminton,14:45
M00220,2026-06-06,Badminton,21:15
M00126,2026-02-04,Gym,20:15
M00456,2026-01-23,Badminton,17:00
M00564,2026-05-19,Badminton,15:15
M00179,2026-07-23,Badminton,13:00
M00206,2026-07-22,Swimming Pool,13:45
M00027,2026-04-03,Football,17:45
M00565,2026-02-03,Football,08:00
M00317,2026-04-12,Basketball,19:45
M00589,2026-01-19,Swimming Pool,16:00
M00461,2026-04-30,Football,17:15
M00565,2026-06-13,Football,11:15
M00444,2026-05-09,Gym,09:15
M00312,2026-02-12,Swimming Pool,16:15
M00355,2026-08-31,Football,15:00
M00257,2026-02-20,Football,14:15
M00311,2026-06-07,Football,08:15
M00595,2026-02-09,Swimming Pool,16:00
M00030,2026-01-21,Gym,14:15
M00586,2026-04-17,Football,06:45
M00559,2026-03-16,Badminton,21:15
M00416,2026-03-18,Basketball,08:00
M00162,2026-04-23,Basketball,21:45
M00209,2026-03-29,Football,10:30
M00327,2026-07-07,Badminton,18:15
M00380,2026-05-12,Football,09:30
M00248,2026-04-30,Gym,14:45
M00254,2026-02-06,Gym,07:30
M00394,2026-08-10,Football,19:15
M00164,2026-07-28,Badminton,16:15
M00164,2026-05-08,Football,20:45
M00316,2026-05-08,Gym,08:45
M00518,2026-04-28,Swimming Pool,12:30
M00050,2026-01-13,Badminton,21:45
M00293,2026-05-18,Gym,09:45
M00138,2026-08-14,Badminton,17:45
M00375,2026-01-12,Basketball,07:15
M00372,2026-05-22,Badminton,08:45
M00517,2026-04-26,Football,14:00
M00132,2026-01-25,Basketball,17:30
M00572,2026-08-29,Badminton,10:15
M00522,2026-04-13,Football,07:00
M00040,2026-02-05,Badminton,21:45
M00153,2026-06-05,Football,10:30
M00327,2026-02-11,Basketball,15:30
M00520,2026-08-01,Football,21:30
M00487,2026-07-28,Gym,17:30
M00113,2026-04-17,Football,15:00
M00486,2026-03-09,Football,13:00
M00598,2026-05-03,Swimming Pool,18:15
M00249,2026-01-09,Football,09:15
M00020,2026-04-23,Badminton,19:15
M00423,2026-06-26,Swimming Pool,19:45
M00064,2026-06-30,Swimming Pool,12:30
M00490,2026-05-15,Basketball,16:15
M00471,2026-08-22,Football,16:30
M00271,2026-06-06,Basketball,12:15
M00286,2026-05-23,Badminton,13:30
M00296,2026-06-30,Swimming Pool,21:30
M00492,2026-03-31,Football,14:30
M00125,2026-05-27,Football,18:45
M00354,2026-07-17,Swimming Pool,15:00
M00295,2026-07-02,Gym,17:45
M00263,2026-07-11,Basketball,12:15
M00552,2026-03-11,Football,14:15
M00112,2026-06-07,Football,13:15
M00052,2026-06-21,Football,13:15
M00054,2026-01-26,Basketball,16:45
M00103,2026-06-24,Swimming Pool,06:15
M00417,2026-06-17,Basketball,21:15
M00295,2026-03-24,Badminton,07:00
M00588,2026-03-01,Football,07:15
M00428,2026-08-14,Swimming Pool,07:45
M00508,2026-02-17,Badminton,07:00
M00306,2026-05-26,Football,09:30
M00292,2026-04-27,Football,21:15
M00517,2026-04-30,Badminton,12:00
M00339,2026-02-11,Basketball,14:15
M00015,2026-07-08,Badminton,15:15
M00180,2026-06-06,Basketball,19:30
M00089,2026-04-13,Gym,11:15
M00489,2026-03-24,Swimming Pool,06:30
M00393,2026-03-02,Basketball,14:30
M00310,2026-05-30,Football,06:30
M00369,2026-06-27,Swimming Pool,07:00
M00477,2026-03-20,Swimming Pool,18:30
M00121,2026-06-13,Badminton,17:15
M00225,2026-02-04,Basketball,10:45
M00383,2026-04-17,Football,21:15
M00254,2026-06-24,Football,08:45
M00541,2026-06-30,Badminton,08:00
M00064,2026-08-01,Football,12:15
M00169,2026-03-25,Football,20:00
M00211,2026-07-03,Football,21:00
M00523,2026-04-25,Gym,20:15
M00526,2026-04-17,Basketball,07:45
M00316,2026-07-05,Gym,18:30
M00004,2026-07-10,Swimming Pool,08:00
M00434,2026-03-30,Gym,07:00
M00484,2026-01-09,Badminton,19:15
M00139,2026-07-16,Basketball,17:45
M00460,2026-08-11,Basketball,18:00
M00553,2026-02-04,Badminton,09:15
M00551,2026-04-11,Football,10:15
M00004,2026-07-13,Gym,15:45
M00558,2026-04-19,Football,18:15
M00254,2026-04-28,Badminton,10:30
M00194,2026-08-28,Gym,07:45
M00017,2026-03-03,Swimming Pool,08:00
M00035,2026-04-25,Football,07:15
M00046,2026-04-13,Basketball,13:15
M00058,2026-02-05,Football,15:15
M00590,2026-03-23,Football,16:15
M00310,2026-08-13,Swimming Pool,13:45
M00308,2026-03-12,Gym,11:45
M00570,2026-05-07,Gym,17:45
M00538,2026-03-23,Basketball,19:15
M00308,2026-04-07,Swimming Pool,21:15
M00231,2026-03-18,Swimming Pool,20:00
M00576,2026-04-16,Basketball,10:45
M00249,2026-03-07,Swimming Pool,16:00
M00461,2026-08-05,Badminton,08:15
M00053,2026-03-10,Basketball,07:00
M00193,2026-07-25,Football,12:45
M00214,2026-08-11,Badminton,15:00
M00217,2026-08-28,Swimming Pool,09:45
M00249,2026-06-28,Football,12:45
M00246,2026-05-22,Badminton,15:45
M00478,2026-05-17,Badminton,15:30
M00369,2026-05-12,Basketball,20:00
M00481,2026-07-14,Badminton,12:30
M00321,2026-04-16,Gym,13:15
M00017,2026-03-08,Football,19:30
M00157,2026-02-20,Badminton,13:45
M00584,2026-08-02,Swimming Pool,21:30
M00264,2026-07-15,Basketball,21:45
M00173,2026-07-07,Badminton,11:15
M00560,2026-05-06,Swimming Pool,07:00
M00077,2026-08-30,Gym,06:45
M00141,2026-08-04,Swimming Pool,08:15
M00010,2026-02-25,Football,20:30
M00062,2026-06-08,Football,21:45
M00017,2026-01-02,Football,19:00
M00018,2026-05-16,Badminton,15:00
M00515,2026-07-28,Basketball,11:00
M00099,2026-05-15,Swimming Pool,13:15
M00540,2026-03-06,Badminton,14:45
M00081,2026-04-06,Basketball,20:15
M00232,2026-03-18,Gym,07:00
M00416,2026-04-08,Basketball,21:00
M00010,2026-06-29,Swimming Pool,08:45
M00445,2026-06-15,Badminton,09:00
M00236,2026-02-24,Football,21:30
M00048,2026-08-25,Gym,14:00
M00184,2026-08-26,Badminton,06:15
M00148,2026-07-12,Basketball,08:30
M00167,2026-05-25,Swimming Pool,18:30
M00394,2026-07-13,Swimming Pool,08:30
M00055,2026-01-26,Basketball,13:00
M00349,2026-06-04,Football,18:30
M00031,2026-06-12,Badminton,20:45
M00234,2026-04-02,Football,18:45
M00191,2026-06-24,Football,18:00
M00303,2026-07-24,Swimming Pool,08:00
M00275,2026-02-09,Basketball,10:45
M00325,2026-04-03,Gym,08:00
M00316,2026-04-24,Badminton,14:00
M00136,2026-01-23,Swimming Pool,19:45
M00571,2026-05-23,Football,19:00
M00027,2026-01-23,Badminton,08:30
M00395,2026-01-04,Badminton,19:45
M00087,2026-07-05,Football,13:15
M00390,2026-02-13,Swimming Pool,14:30
M00275,2026-05-07,Swimming Pool,08:15
M00446,2026-03-12,Basketball,15:45
M00079,2026-04-03,Badminton,13:45
M00201,2026-04-28,Gym,10:30
M00007,2026-08-31,Basketball,16:45
M00338,2026-04-23,Badminton,19:15
M00308,2026-03-24,Football,12:45
M00322,2026-02-15,Basketball,16:30
M00503,2026-05-28,Swimming Pool,16:45
M00288,2026-07-29,Basketball,17:00
M00578,2026-02-21,Football,11:00
M00473,2026-08-30,Swimming Pool,20:30
M00071,2026-07-29,Basketball,21:15
M00311,2026-03-03,Badminton,10:45
M00387,2026-01-19,Basketball,21:45
M00548,2026-05-10,Basketball,07:30
M00550,2026-06-02,Gym,09:15
M00364,2026-02-12,Football,07:45
M00340,2026-07-23,Basketball,09:00
M00101,2026-03-08,Swimming Pool,13:45
M00384,2026-04-11,Basketball,10:30
M00026,2026-05-04,Gym,15:45
M00088,2026-01-30,Swimming Pool,17:30
M00352,2026-04-27,Swimming Pool,21:30
M00488,2026-01-25,Basketball,20:30
M00069,2026-03-18,Gym,09:00
M00352,2026-06-15,Gym,11:15
M00529,2026-02-14,Football,11:30
M00574,2026-04-20,Basketball,13:45
M00189,2026-02-17,Basketball,18:00
M00203,2026-04-26,Football,19:45
M00005,2026-06-30,Swimming Pool,12:30
M00065,2026-05-28,Gym,11:30
M00334,2026-02-20,Basketball,09:30
M00502,2026-05-16,Badminton,18:45
M00117,2026-03-31,Badminton,20:15
M00305,2026-08-24,Football,08:15
M00321,2026-01-31,Swimming Pool,15:00
M00188,2026-04-06,Swimming Pool,18:45
M00142,2026-05-28,Basketball,19:15
M00499,2026-06-12,Football,11:15
M00502,2026-03-15,Swimming Pool,11:30
M00462,2026-06-08,Gym,17:00
M00497,2026-02-04,Swimming Pool,18:45
M00419,2026-06-25,Basketball,19:45
M00501,2026-02-12,Gym,06:15
M00300,2026-01-09,Badminton,13:30
M00173,2026-07-19,Basketball,21:00
M00587,2026-01-30,Badminton,17:00
M00452,2026-05-20,Swimming Pool,19:00
M00254,2026-03-18,Gym,20:30
M00357,2026-08-09,Gym,20:00
M00243,2026-02-23,Football,17:45
M00170,2026-06-07,Swimming Pool,12:15
M00061,2026-05-26,Badminton,14:15
M00332,2026-06-30,Badminton,15:30
M00527,2026-08-19,Gym,10:45
M00061,2026-03-12,Swimming Pool,10:15
M00150,2026-07-02,Badminton,13:45
M00502,2026-02-06,Football,14:45
M00385,2026-04-26,Gym,08:45
M00528,2026-07-11,Badminton,17:45
M00500,2026-03-25,Football,06:00
M00470,2026-06-12,Badminton,08:45
M00224,2026-04-20,Swimming Pool,21:30
M00331,2026-08-01,Badminton,16:15
M00580,2026-08-07,Basketball,16:00
M00048,2026-01-26,Basketball,06:00
M00162,2026-04-23,Basketball,06:45
M00208,2026-06-26,Swimming Pool,15:15
M00281,2026-01-24,Badminton,14:00
M00381,2026-06-20,Swimming Pool,07:45
M00313,2026-07-05,Swimming Pool,19:00
M00098,2026-01-01,Swimming Pool,21:00
M00136,2026-06-01,Swimming Pool,20:00
M00009,2026-06-28,Badminton,09:45
M00136,2026-05-03,Gym,13:45
M00092,2026-07-07,Gym,09:30
M00377,2026-08-14,Badminton,10:45
M00137,2026-06-14,Swimming Pool,08:00
M00169,2026-04-23,Badminton,12:15
M00422,2026-06-07,Basketball,12:00
M00103,2026-02-05,Gym,18:30
M00440,2026-03-22,Swimming Pool,13:30
M00087,2026-03-05,Football,15:00
M00309,2026-02-22,Football,12:45
M00303,2026-06-15,Gym,13:45
M00396,2026-01-29,Swimming Pool,21:00
M00541,2026-08-16,Gym,17:30
M00136,2026-04-10,Football,19:30
M00560,2026-06-24,Swimming Pool,21:00
M00018,2026-05-31,Gym,06:30
M00221,2026-01-11,Gym,18:30
M00514,2026-07-16,Basketball,19:45
M00085,2026-06-13,Football,10:30
M00086,2026-03-21,Gym,12:15
M00550,2026-03-25,Basketball,08:30
M00448,2026-07-06,Swimming Pool,07:15
M00089,2026-08-25,Basketball,09:45
M00057,2026-03-21,Swimming Pool,09:00
M00141,2026-06-29,Gym,11:45
M00356,2026-05-14,Football,14:15
M00381,2026-02-02,Badminton,09:00
M00344,2026-07-26,Basketball,14:00
M00270,2026-07-02,Football,08:45
M00467,2026-05-11,Badminton,07:45
M00581,2026-02-12,Badminton,11:30
M00106,2026-08-17,Football,09:15
M00522,2026-01-01,Gym,06:15
M00048,2026-05-01,Badminton,18:15
M00184,2026-08-27,Gym,19:15
M00330,2026-03-05,Basketball,16:30
M00080,2026-05-27,Badminton,09:00
M00184,2026-02-27,Football,07:45
M00071,2026-08-13,Basketball,15:30
M00336,2026-01-23,Football,20:00
M00378,2026-02-21,Badminton,15:15
M00476,2026-04-05,Football,21:15
M00560,2026-07-14,Swimming Pool,10:00
M00420,2026-01-07,Swimming Pool,17:00
M00344,2026-01-01,Basketball,15:00
M00211,2026-05-16,Swimming Pool,19:45
M00062,2026-02-06,Badminton,08:00
M00238,2026-08-18,Football,19:30
M00470,2026-07-11,Gym,09:15
M00404,2026-01-20,Football,07:45
M00134,2026-03-02,Badminton,14:30
M00403,2026-06-29,Badminton,16:45
M00279,2026-03-01,Gym,12:15
M00599,2026-01-28,Swimming Pool,09:15
M00461,2026-04-30,Badminton,19:00
M00549,2026-04-02,Swimming Pool,20:30
M00475,2026-03-09,Gym,08:15
M00312,2026-07-31,Football,07:15
M00336,2026-02-07,Gym,13:30
M00406,2026-05-12,Gym,15:30
M00179,2026-01-08,Basketball,20:15
M00097,2026-04-29,Gym,10:00
M00013,2026-01-16,Swimming Pool,10:15
M00411,2026-04-06,Gym,14:00
M00023,2026-01-17,Swimming Pool,20:15
M00095,2026-08-20,Badminton,09:00
M00473,2026-01-13,Swimming Pool,19:45
M00509,2026-01-08,Basketball,19:15
M00363,2026-02-24,Swimming Pool,14:30
M00457,2026-08-15,Swimming Pool,07:15
M00303,2026-05-08,Basketball,21:00
M00090,2026-03-13,Basketball,10:45
M00205,2026-06-14,Football,13:00
M00392,2026-07-20,Badminton,21:45
M00353,2026-08-22,Football,16:45
M00277,2026-02-16,Gym,16:15
M00031,2026-08-18,Badminton,07:45
M00543,2026-04-02,Football,13:15
M00103,2026-03-05,Swimming Pool,14:00
M00225,2026-05-28,Basketball,17:15
M00181,2026-03-02,Football,16:30
M00029,2026-06-30,Badminton,10:15
M00505,2026-05-19,Badminton,11:45
M00039,2026-01-24,Gym,13:15
M00021,2026-05-15,Basketball,06:30
M00207,2026-07-26,Swimming Pool,16:15
M00332,2026-01-16,Gym,10:15
M00114,2026-08-05,Football,17:00
M00383,2026-06-30,Basketball,09:30
M00310,2026-03-24,Swimming Pool,11:45
M00499,2026-06-16,Badminton,11:30
M00229,2026-06-20,Football,11:45
M00315,2026-07-07,Badminton,10:15
M00002,2026-08-31,Football,18:00
M00187,2026-06-04,Badminton,13:00
M00509,2026-02-06,Badminton,08:15
M00356,2026-03-23,Swimming Pool,08:30
M00458,2026-01-03,Badminton,12:15
M00070,2026-03-31,Badminton,09:00
M00050,2026-04-09,Basketball,19:15
M00424,2026-05-07,Basketball,17:45
M00104,2026-08-01,Basketball,13:15
M00463,2026-01-19,Gym,15:00
M00327,2026-03-08,Gym,08:30
M00175,2026-08-16,Basketball,11:00
M00561,2026-08-30,Gym,16:45
M00032,2026-04-21,Swimming Pool,19:15
M00055,2026-01-26,Badminton,12:15
M00420,2026-06-28,Football,14:30
M00305,2026-03-02,Gym,07:45
M00586,2026-05-21,Basketball,10:00
M00370,2026-01-01,Basketball,08:30
M00492,2026-02-21,Gym,06:15
M00175,2026-06-13,Badminton,08:45
M00119,2026-03-20,Basketball,21:45
M00272,2026-01-24,Football,18:15
M00380,2026-08-15,Basketball,17:15
M00457,2026-01-12,Badminton,20:45
M00270,2026-02-27,Badminton,07:15
M00100,2026-01-22,Badminton,19:15
M00567,2026-01-16,Basketball,19:45
M00587,2026-08-14,Swimming Pool,21:30
M00081,2026-04-12,Gym,10:00
M00460,2026-02-14,Swimming Pool,12:15
M00130,2026-01-11,Basketball,08:45
M00207,2026-07-30,Swimming Pool,14:30
M00069,2026-01-23,Basketball,18:30
M00283,2026-05-14,Basketball,06:45
M00116,2026-04-17,Swimming Pool,10:00
M00109,2026-05-25,Gym,15:30
M00421,2026-03-09,Basketball,21:45
M00039,2026-02-14,Badminton,18:15
M00412,2026-01-10,Basketball,16:15
M00051,2026-07-10,Basketball,14:30
M00021,2026-03-28,Badminton,15:30
M00504,2026-08-08,Gym,13:15
M00308,2026-07-10,Basketball,16:30
M00427,2026-06-04,Gym,12:45
M00217,2026-08-22,Basketball,21:30
M00058,2026-05-12,Swimming Pool,08:30
M00519,2026-04-14,Swimming Pool,06:15
M00198,2026-08-13,Swimming Pool,07:15
M00034,2026-04-27,Gym,17:15
M00281,2026-04-05,Basketball,18:00
M00032,2026-03-03,Badminton,21:45
M00182,2026-08-11,Basketball,17:30
M00168,2026-08-03,Badminton,08:30
M00029,2026-04-09,Gym,11:15
M00227,2026-06-15,Swimming Pool,12:30
M00420,2026-05-12,Gym,06:45
M00136,2026-06-15,Swimming Pool,06:15
M00259,2026-06-05,Badminton,14:45
M00386,2026-08-07,Badminton,20:30
M00224,2026-04-30,Badminton,18:00
M00008,2026-05-11,Badminton,15:30
M00111,2026-05-04,Gym,16:30
M00333,2026-08-09,Badminton,14:30
M00193,2026-02-08,Football,13:00
M00414,2026-06-19,Badminton,10:00
M00510,2026-03-17,Badminton,19:45
M00398,2026-07-08,Gym,12:30
M00228,2026-06-25,Football,21:30
M00520,2026-03-18,Swimming Pool,11:30
M00100,2026-05-01,Swimming Pool,14:15
M00344,2026-06-17,Gym,13:30
M00229,2026-07-10,Badminton,19:30
M00381,2026-03-08,Football,15:45
M00121,2026-05-01,Gym,08:45
M00200,2026-05-09,Gym,18:30
M00424,2026-01-14,Swimming Pool,10:15
M00351,2026-04-15,Football,20:15
M00324,2026-08-09,Swimming Pool,08:45
M00341,2026-06-11,Swimming Pool,16:00
M00005,2026-04-26,Badminton,12:15
M00591,2026-07-15,Swimming Pool,21:00
M00133,2026-06-07,Basketball,19:45
M00440,2026-05-03,Basketball,06:00
M00547,2026-02-21,Badminton,06:30
M00544,2026-02-18,Gym,06:15
M00232,2026-06-27,Badminton,15:15
M00106,2026-04-09,Football,15:15
M00067,2026-07-30,Gym,15:30
M00467,2026-07-06,Football,16:45
M00138,2026-03-29,Basketball,17:15
M00169,2026-08-31,Basketball,06:15
M00230,2026-07-06,Swimming Pool,12:00
M00517,2026-02-13,Gym,17:00
M00385,2026-08-13,Badminton,07:00
M00111,2026-06-17,Gym,07:00
M00427,2026-04-24,Basketball,09:30
M00486,2026-06-29,Swimming Pool,12:00
M00309,2026-04-18,Gym,14:15
M00429,2026-08-01,Gym,09:30
M00117,2026-07-20,Gym,21:15
M00205,2026-07-19,Badminton,12:30
M00420,2026-03-17,Swimming Pool,07:45
M00213,2026-06-26,Basketball,16:15
M00003,2026-01-04,Gym,09:45
M00153,2026-01-24,Football,08:00
M00263,2026-06-14,Swimming Pool,20:30
M00271,2026-04-29,Gym,09:15
M00041,2026-08-07,Badminton,17:30
M00437,2026-07-09,Gym,09:00
M00010,2026-08-07,Swimming Pool,11:30
M00367,2026-08-17,Basketball,14:00
M00382,2026-07-28,Badminton,11:00
M00411,2026-04-13,Basketball,14:45
M00490,2026-07-24,Basketball,11:00
M00136,2026-06-28,Gym,11:00
M00427,2026-08-22,Football,21:45
M00186,2026-06-06,Basketball,17:00
M00134,2026-05-04,Basketball,09:45
M00452,2026-01-12,Gym,14:30
M00013,2026-06-30,Football,13:30
M00532,2026-05-14,Football,09:45
M00255,2026-05-04,Badminton,18:15
M00572,2026-08-17,Football,07:00
M00161,2026-05-10,Basketball,21:15
M00077,2026-07-12,Basketball,16:15
M00339,2026-03-13,Gym,13:45
M00413,2026-07-29,Swimming Pool,08:45
M00455,2026-07-25,Football,20:00
M00511,2026-04-25,Badminton,09:45
M00019,2026-01-27,Basketball,19:00
M00571,2026-05-21,Gym,08:30
M00521,2026-05-24,Swimming Pool,20:30
M00373,2026-07-31,Gym,13:45
M00340,2026-05-24,Football,21:30
M00464,2026-01-30,Gym,13:00
M00350,2026-04-01,Badminton,17:00
M00047,2026-08-18,Swimming Pool,21:15
M00420,2026-01-28,Badminton,12:15
M00124,2026-08-27,Basketball,12:45
M00196,2026-07-03,Badminton,09:45
M00048,2026-08-26,Football,09:45
M00469,2026-06-18,Football,10:45
M00005,2026-05-16,Gym,19:45
M00521,2026-07-19,Swimming Pool,11:15
M00107,2026-04-10,Football,16:45
M00429,2026-06-05,Swimming Pool,14:45
M00352,2026-03-17,Basketball,10:15
M00423,2026-06-04,Football,15:30
M00567,2026-06-11,Swimming Pool,12:15
M00298,2026-06-25,Badminton,10:15
M00516,2026-05-19,Badminton,09:30
M00576,2026-05-03,Football,19:30
M00433,2026-07-26,Gym,09:00
M00391,2026-02-07,Gym,07:15
M00274,2026-07-12,Swimming Pool,15:30
M00150,2026-08-03,Gym,15:15
M00555,2026-01-09,Badminton,20:00
M00576,2026-08-10,Swimming Pool,18:15
M00524,2026-07-20,Badminton,07:45
M00397,2026-04-17,Badminton,07:00
M00258,2026-02-21,Football,20:15
M00377,2026-07-13,Football,12:15
M00302,2026-04-25,Swimming Pool,08:15
M00178,2026-07-08,Football,09:45
M00042,2026-04-20,Badminton,14:15
M00165,2026-05-30,Badminton,06:30
M00478,2026-07-01,Swimming Pool,07:15
M00331,2026-06-02,Gym,15:45
M00587,2026-05-21,Badminton,08:30
M00539,2026-02-26,Swimming Pool,08:15
M00426,2026-05-20,Football,18:00
M00358,2026-02-26,Swimming Pool,16:30
M00370,2026-03-17,Swimming Pool,21:00
M00118,2026-06-21,Badminton,20:15
M00250,2026-01-11,Badminton,18:00
M00396,2026-03-07,Football,15:00
M00530,2026-07-30,Badminton,20:45
M00045,2026-03-17,Swimming Pool,16:00
M00099,2026-02-12,Football,06:00
M00216,2026-06-21,Swimming Pool,19:00
M00211,2026-05-18,Basketball,08:15
M00025,2026-04-28,Badminton,07:00
M00076,2026-01-14,Swimming Pool,14:00
M00589,2026-07-30,Swimming Pool,14:45
M00398,2026-04-26,Basketball,19:30
M00018,2026-04-10,Gym,06:00
M00600,2026-01-12,Gym,17:00
M00297,2026-07-21,Badminton,08:30
M00449,2026-04-08,Basketball,06:45
M00161,2026-05-17,Swimming Pool,10:45
M00559,2026-03-17,Swimming Pool,15:30
M00012,2026-05-22,Football,10:00
M00043,2026-01-02,Football,18:00
M00313,2026-02-23,Badminton,12:45
M00525,2026-02-06,Swimming Pool,11:15
M00259,2026-02-19,Gym,11:00
M00563,2026-04-29,Football,08:30
M00069,2026-03-06,Gym,12:45
M00339,2026-04-02,Swimming Pool,13:00
M00292,2026-06-08,Gym,12:30
M00498,2026-04-26,Badminton,15:15
M00580,2026-05-26,Badminton,16:45
M00173,2026-01-02,Badminton,13:15
M00447,2026-03-12,Badminton,10:30
M00492,2026-04-29,Basketball,17:30
M00499,2026-05-22,Gym,11:00
M00288,2026-08-08,Swimming Pool,12:30
M00079,2026-07-06,Gym,06:00
M00596,2026-05-29,Basketball,12:00
M00565,2026-03-08,Football,21:15
M00375,2026-04-11,Swimming Pool,15:15
M00476,2026-05-09,Football,08:45
M00373,2026-05-09,Gym,13:15
M00527,2026-02-05,Basketball,11:15
M00580,2026-08-31,Football,10:45
M00368,2026-01-11,Swimming Pool,21:15
M00065,2026-03-09,Badminton,13:00
M00212,2026-05-13,Badminton,18:45
M00466,2026-08-14,Gym,07:30
M00106,2026-06-30,Football,14:30
M00593,2026-05-20,Football,11:45
M00388,2026-04-04,Football,08:30
M00386,2026-08-21,Swimming Pool,18:30
M00354,2026-05-05,Basketball,06:15
M00451,2026-02-12,Swimming Pool,08:30
M00217,2026-02-08,Swimming Pool,11:30
M00122,2026-06-19,Swimming Pool,19:30
M00117,2026-05-04,Basketball,21:15
M00166,2026-06-15,Basketball,06:15
M00045,2026-02-02,Football,11:15
M00525,2026-01-11,Football,10:00
M00171,2026-03-08,Swimming Pool,18:00
M00291,2026-08-31,Gym,12:45
M00483,2026-08-11,Basketball,11:15
M00421,2026-06-03,Swimming Pool,11:30
M00172,2026-07-05,Badminton,20:00
M00236,2026-04-07,Basketball,10:00
M00017,2026-02-21,Football,19:15
M00099,2026-02-15,Basketball,07:00
M00096,2026-05-04,Swimming Pool,06:45
M00535,2026-04-18,Badminton,07:45
M00235,2026-08-29,Basketball,18:30
M00590,2026-01-26,Basketball,10:30
M00489,2026-07-16,Swimming Pool,08:30
M00557,2026-04-15,Badminton,12:00
M00008,2026-05-28,Football,09:00
M00385,2026-06-17,Swimming Pool,16:45
M00371,2026-01-28,Swimming Pool,19:30
M00268,2026-08-07,Football,19:30
M00283,2026-06-24,Basketball,12:45
M00566,2026-07-20,Football,21:15
M00380,2026-05-24,Football,21:30
M00315,2026-05-28,Badminton,18:15
M00122,2026-07-11,Swimming Pool,20:15
M00103,2026-02-24,Football,18:30
M00564,2026-06-07,Gym,11:45
M00006,2026-07-25,Gym,10:45
M00446,2026-01-23,Gym,14:15
M00380,2026-01-21,Football,07:45
M00411,2026-06-07,Football,15:00
M00180,2026-06-13,Basketball,20:00
M00207,2026-08-06,Football,15:15
M00035,2026-07-20,Football,13:15
M00037,2026-04-03,Swimming Pool,06:15
M00089,2026-03-12,Basketball,17:45
M00416,2026-05-31,Swimming Pool,06:00
M00093,2026-05-21,Badminton,17:30
M00284,2026-02-27,Football,12:45
M00414,2026-05-28,Gym,14:15
M00417,2026-05-10,Gym,08:30
M00349,2026-08-31,Gym,14:30
M00454,2026-04-07,Football,21:15
M00348,2026-07-18,Basketball,20:00
M00494,2026-01-30,Badminton,08:45
M00226,2026-06-23,Swimming Pool,16:45
M00362,2026-05-13,Football,06:30
M00255,2026-03-15,Gym,18:30
M00078,2026-05-22,Swimming Pool,21:30
M00363,2026-02-25,Football,14:15
M00195,2026-05-08,Swimming Pool,13:15
M00272,2026-02-22,Swimming Pool,12:15
M00365,2026-02-09,Gym,09:00
M00505,2026-06-07,Gym,07:45
M00381,2026-06-08,Badminton,21:30
M00503,2026-02-16,Football,14:45
M00228,2026-07-12,Football,10:00
M00539,2026-07-24,Basketball,21:00
M00515,2026-03-30,Basketball,11:45
M00124,2026-06-28,Football,20:30
M00009,2026-01-04,Swimming Pool,18:00
M00334,2026-04-03,Football,14:15
M00562,2026-03-09,Swimming Pool,14:45
M00352,2026-04-04,Swimming Pool,21:45
M00216,2026-04-18,Badminton,17:45
M00287,2026-04-26,Swimming Pool,10:15
M00103,2026-07-04,Badminton,13:45
M00391,2026-02-20,Swimming Pool,10:45
M00010,2026-02-15,Basketball,21:15
M00530,2026-05-17,Badminton,21:30
M00257,2026-05-24,Football,07:45
M00102,2026-06-26,Swimming Pool,07:15
M00261,2026-05-02,Gym,20:30
M00267,2026-04-03,Badminton,14:30
M00021,2026-04-16,Gym,17:15
M00591,2026-05-28,Football,11:30
M00364,2026-03-25,Football,21:45
M00081,2026-04-08,Football,15:45
M00149,2026-08-11,Swimming Pool,16:45
M00586,2026-04-14,Gym,08:15
M00352,2026-02-28,Badminton,16:30
M00274,2026-06-04,Basketball,14:45
M00372,2026-07-11,Football,20:45
M00172,2026-02-17,Gym,10:15
M00258,2026-08-29,Gym,12:15
M00407,2026-01-27,Gym,08:45
M00562,2026-01-14,Gym,18:00
M00107,2026-03-09,Football,10:00
M00400,2026-03-21,Swimming Pool,13:30
M00454,2026-06-10,Swimming Pool,10:15
M00030,2026-01-09,Badminton,16:45
M00479,2026-08-11,Football,14:45
M00139,2026-08-31,Football,11:45
M00578,2026-04-22,Football,15:30
M00494,2026-05-19,Swimming Pool,08:45
M00316,2026-04-04,Basketball,14:15
M00311,2026-01-03,Gym,10:30
M00294,2026-05-01,Football,06:45
M00489,2026-03-18,Gym,19:30
M00237,2026-07-23,Gym,17:15
M00422,2026-08-14,Football,19:45
M00256,2026-02-11,Basketball,18:15
M00270,2026-01-21,Basketball,13:30
M00292,2026-06-16,Football,14:45
M00193,2026-08-07,Gym,11:15
M00297,2026-01-29,Basketball,20:30
M00504,2026-02-18,Badminton,06:15
M00051,2026-05-17,Gym,11:00
M00289,2026-03-10,Swimming Pool,20:00
M00239,2026-01-24,Swimming Pool,06:45
M00223,2026-03-29,Basketball,15:45
M00381,2026-04-29,Gym,16:00
M00150,2026-01-15,Badminton,18:00
M00557,2026-05-01,Swimming Pool,12:30
M00391,2026-08-01,Gym,09:15
M00395,2026-07-17,Basketball,13:00
M00204,2026-04-28,Gym,12:45
M00399,2026-06-24,Badminton,16:15
M00044,2026-07-10,Football,09:30
M00493,2026-06-13,Badminton,12:30
M00054,2026-08-10,Swimming Pool,09:15
M00445,2026-03-25,Gym,11:30
M00599,2026-01-31,Basketball,13:00
M00044,2026-05-29,Basketball,10:30
M00092,2026-03-05,Swimming Pool,21:00
M00347,2026-08-27,Gym,07:30
M00158,2026-06-29,Football,09:15
M00500,2026-03-01,Badminton,17:45
M00198,2026-01-06,Basketball,17:15
M00257,2026-08-19,Gym,21:45
M00573,2026-03-17,Football,21:15
M00581,2026-02-17,Football,17:30
M00480,2026-03-12,Football,11:00
M00544,2026-02-09,Basketball,15:30
M00555,2026-04-04,Basketball,06:45
M00190,2026-08-15,Gym,17:15
M00329,2026-07-04,Gym,18:15
M00537,2026-06-24,Basketball,10:30
M00331,2026-04-15,Badminton,09:00
M00536,2026-06-18,Gym,07:15
M00183,2026-08-12,Gym,12:00
M00498,2026-02-19,Gym,07:45
M00502,2026-05-15,Football,14:00
M00376,2026-02-26,Football,08:00
M00214,2026-06-17,Basketball,08:45
M00063,2026-04-03,Football,19:30
M00060,2026-07-30,Football,14:00
M00073,2026-08-02,Badminton,08:15
M00532,2026-01-25,Gym,13:45
M00195,2026-02-19,Football,13:15
M00572,2026-07-11,Football,19:00
M00591,2026-04-02,Basketball,19:00
M00171,2026-07-22,Swimming Pool,18:30
M00162,2026-05-17,Football,20:30
M00323,2026-05-21,Badminton,17:45
M00441,2026-07-31,Badminton,13:15
M00385,2026-07-16,Football,14:30
M00464,2026-04-25,Basketball,06:00
M00292,2026-06-02,Gym,10:30
M00007,2026-03-18,Swimming Pool,12:30
M00023,2026-07-17,Badminton,10:00
M00039,2026-04-28,Badminton,10:15
M00272,2026-04-04,Football,13:15
M00263,2026-07-27,Badminton,08:45
M00583,2026-08-23,Swimming Pool,08:30
M00495,2026-02-14,Basketball,09:30
M00039,2026-07-07,Football,18:00
M00058,2026-08-24,Badminton,17:45
M00427,2026-08-27,Gym,13:00
M00392,2026-01-14,Badminton,07:30
M00553,2026-05-25,Swimming Pool,16:15
M00157,2026-01-13,Basketball,20:00
M00228,2026-04-21,Badminton,18:15
M00136,2026-03-28,Gym,21:00
M00562,2026-04-13,Badminton,08:45
M00514,2026-04-22,Swimming Pool,10:45
M00573,2026-02-20,Basketball,18:15
M00575,2026-06-07,Football,13:15
M00074,2026-03-10,Basketball,16:00
M00116,2026-06-21,Basketball,19:30
M00357,2026-02-18,Badminton,17:00
M00313,2026-02-13,Badminton,20:15
M00452,2026-01-12,Swimming Pool,12:30
M00160,2026-07-13,Gym,09:00
M00249,2026-08-31,Football,10:30
M00015,2026-03-29,Gym,15:45
M00483,2026-01-06,Badminton,12:15
M00209,2026-05-20,Football,14:45
M00145,2026-06-27,Gym,18:00
M00262,2026-02-13,Gym,15:15
M00278,2026-01-14,Basketball,06:00
M00398,2026-06-19,Badminton,17:00
M00020,2026-03-16,Basketball,13:45
M00521,2026-07-01,Gym,16:45
M00545,2026-01-23,Swimming Pool,12:45
M00575,2026-08-26,Gym,07:15
M00543,2026-03-20,Badminton,21:45
M00161,2026-01-05,Badminton,17:30
M00310,2026-03-02,Football,14:00
M00264,2026-08-13,Basketball,06:30
M00231,2026-02-08,Badminton,18:15
M00090,2026-07-06,Basketball,13:45
M00247,2026-05-27,Swimming Pool,19:30
M00338,2026-04-25,Football,10:15
M00142,2026-05-29,Football,12:15
M00317,2026-06-26,Football,10:45
M00149,2026-06-17,Football,11:30
M00070,2026-05-23,Football,09:15
M00326,2026-08-03,Swimming Pool,06:30
M00424,2026-04-16,Badminton,20:30
M00156,2026-07-19,Swimming Pool,09:15
M00190,2026-01-07,Football,14:15
M00238,2026-03-01,Gym,17:00
M00489,2026-02-04,Football,21:30
M00189,2026-08-07,Basketball,21:45
M00141,2026-02-11,Swimming Pool,13:00
M00419,2026-07-15,Gym,14:45
M00228,2026-07-10,Swimming Pool,12:00
M00182,2026-08-26,Basketball,21:30
M00469,2026-08-16,Swimming Pool,19:45
M00043,2026-06-05,Basketball,16:45
M00586,2026-06-02,Football,07:00
M00463,2026-04-27,Gym,13:45
M00041,2026-05-23,Basketball,07:15
M00299,2026-04-23,Basketball,15:30
M00473,2026-02-12,Basketball,15:00
M00530,2026-08-20,Swimming Pool,20:45
M00093,2026-07-04,Football,09:15
M00600,2026-08-29,Football,10:45
M00424,2026-03-24,Basketball,06:15
M00465,2026-06-01,Swimming Pool,20:00
M00257,2026-03-24,Swimming Pool,09:00
M00117,2026-06-30,Basketball,17:00
M00537,2026-07-01,Basketball,11:45
M00564,2026-04-08,Gym,11:30
M00580,2026-08-12,Swimming Pool,11:15
M00184,2026-07-16,Gym,19:30
M00317,2026-07-06,Basketball,15:15
M00121,2026-08-19,Swimming Pool,12:00
M00260,2026-01-04,Basketball,21:45
M00557,2026-07-26,Gym,21:15
M00223,2026-05-31,Basketball,20:45
M00453,2026-01-21,Football,06:15
M00561,2026-03-13,Football,12:00
M00190,2026-02-07,Gym,17:00
M00149,2026-08-07,Gym,15:30
M00090,2026-01-13,Gym,19:15
M00166,2026-06-22,Badminton,11:45
M00593,2026-04-03,Gym,08:30
M00331,2026-04-05,Basketball,08:45
M00564,2026-01-17,Badminton,21:15
M00125,2026-06-27,Badminton,16:45
M00538,2026-02-23,Swimming Pool,07:00
M00586,2026-07-06,Football,08:45
M00295,2026-04-20,Football,16:30
M00539,2026-05-28,Football,17:15
M00577,2026-05-08,Football,21:45
M00185,2026-08-15,Football,13:30
M00199,2026-01-01,Gym,06:45
M00121,2026-07-08,Swimming Pool,19:45
M00047,2026-03-27,Badminton,12:00
M00207,2026-06-26,Badminton,14:00
M00316,2026-03-18,Football,16:00
M00117,2026-06-25,Badminton,16:45
M00583,2026-06-07,Gym,11:15
M00339,2026-08-02,Badminton,21:45
M00037,2026-06-15,Swimming Pool,21:15
M00472,2026-08-17,Football,16:45
M00424,2026-08-26,Gym,15:30
M00569,2026-05-18,Gym,12:30
M00363,2026-01-17,Swimming Pool,14:00
M00348,2026-04-07,Football,11:45
M00192,2026-06-02,Gym,15:30
M00033,2026-03-11,Basketball,08:45
M00244,2026-04-06,Basketball,15:15
M00538,2026-03-19,Swimming Pool,09:30
M00039,2026-07-19,Swimming Pool,08:45
M00519,2026-01-07,Basketball,10:15
M00349,2026-08-25,Basketball,15:30
M00147,2026-07-16,Gym,10:15
M00038,2026-04-28,Basketball,09:00
M00319,2026-08-27,Gym,08:30
M00479,2026-08-16,Gym,09:30
M00024,2026-05-28,Badminton,12:30
M00206,2026-02-19,Badminton,14:30
M00452,2026-06-21,Gym,14:15
M00162,2026-03-12,Gym,06:00
M00212,2026-05-19,Badminton,16:30
M00145,2026-08-30,Badminton,13:15
M00073,2026-03-21,Football,16:45
M00052,2026-02-03,Gym,21:00
M00109,2026-04-09,Gym,08:45
M00402,2026-02-15,Football,20:30
M00320,2026-03-27,Swimming Pool,08:45
M00582,2026-02-03,Gym,20:00
M00467,2026-03-21,Basketball,21:15
M00230,2026-02-06,Football,14:30
M00402,2026-02-16,Badminton,16:45
M00500,2026-01-08,Gym,21:00
M00360,2026-05-03,Basketball,11:30
M00357,2026-06-04,Football,10:00
M00416,2026-07-29,Gym,16:00
M00310,2026-05-17,Basketball,18:45
M00245,2026-06-08,Swimming Pool,11:45
M00394,2026-01-17,Badminton,12:45
M00446,2026-05-26,Badminton,13:15
M00080,2026-07-09,Football,21:00
M00475,2026-03-25,Football,09:45
M00181,2026-03-20,Basketball,08:00
M00389,2026-03-25,Basketball,07:00
M00223,2026-07-29,Swimming Pool,06:15
M00153,2026-04-26,Football,15:45
M00592,2026-04-25,Swimming Pool,12:30
M00307,2026-05-26,Badminton,19:30
M00092,2026-05-30,Gym,18:15
M00302,2026-01-16,Badminton,07:00
M00574,2026-07-30,Badminton,09:30
M00032,2026-03-02,Basketball,18:30
M00392,2026-04-14,Basketball,19:15
M00178,2026-05-02,Swimming Pool,12:45
M00369,2026-08-04,Basketball,10:30
M00129,2026-02-04,Gym,08:00
M00148,2026-07-04,Basketball,19:15
M00087,2026-02-05,Basketball,20:45
M00185,2026-04-27,Football,19:45
M00394,2026-04-01,Swimming Pool,11:45
M00008,2026-05-28,Basketball,13:30
M00421,2026-08-26,Football,17:00
M00039,2026-05-26,Basketball,17:00
M00595,2026-05-04,Gym,10:30
M00477,2026-05-13,Gym,08:15
M00484,2026-06-11,Gym,15:00
M00352,2026-05-17,Gym,21:45
M00525,2026-08-20,Basketball,16:45
M00362,2026-07-24,Badminton,15:15
M00037,2026-06-27,Football,15:30
M00063,2026-06-11,Basketball,11:00
M00299,2026-07-27,Football,06:30
M00497,2026-01-22,Swimming Pool,08:30
M00259,2026-02-03,Football,14:30
M00264,2026-01-04,Gym,11:15
M00458,2026-04-05,Swimming Pool,14:15
M00497,2026-02-16,Football,07:30
M00087,2026-02-07,Football,10:45
M00423,2026-07-17,Basketball,13:45
M00172,2026-02-23,Football,17:00
M00271,2026-07-13,Gym,07:15
M00476,2026-04-13,Basketball,15:45
M00546,2026-03-01,Basketball,18:45
M00269,2026-02-07,Football,19:00
M00296,2026-08-26,Basketball,18:30
M00543,2026-06-24,Gym,09:30
M00443,2026-06-06,Badminton,16:30
M00274,2026-07-25,Gym,14:45
M00473,2026-07-17,Swimming Pool,12:30
M00185,2026-03-22,Football,06:00
M00070,2026-01-04,Basketball,09:00
M00457,2026-03-31,Swimming Pool,15:30
M00198,2026-01-09,Gym,08:00
M00223,2026-06-03,Gym,09:00
M00134,2026-04-07,Football,11:00
M00189,2026-03-06,Badminton,20:00
M00465,2026-08-25,Badminton,19:30
M00264,2026-02-11,Gym,14:00
M00392,2026-04-10,Badminton,07:30
M00272,2026-02-15,Basketball,08:45
M00206,2026-06-06,Basketball,11:45
M00112,2026-02-06,Football,19:15
M00109,2026-08-22,Basketball,14:00
M00036,2026-01-19,Gym,14:45
M00020,2026-08-18,Basketball,10:00
M00039,2026-06-20,Basketball,14:15
M00338,2026-08-20,Basketball,06:45
M00490,2026-04-22,Basketball,08:15
M00004,2026-04-09,Basketball,09:30
M00342,2026-06-24,Badminton,18:00
M00093,2026-04-04,Football,16:00
M00471,2026-07-14,Badminton,12:15
M00568,2026-01-11,Basketball,12:30
M00400,2026-08-18,Gym,17:45
M00087,2026-08-15,Basketball,12:15
M00037,2026-02-19,Gym,13:45
M00399,2026-01-17,Football,15:45
M00547,2026-08-02,Basketball,06:00
M00348,2026-01-15,Badminton,07:45
M00122,2026-02-24,Football,20:15
M00594,2026-03-01,Gym,07:15
M00501,2026-06-17,Gym,21:00
M00249,2026-06-29,Swimming Pool,06:15
M00052,2026-08-20,Badminton,09:45
M00175,2026-08-02,Football,08:00
M00117,2026-05-08,Football,13:00
M00208,2026-04-20,Badminton,18:30
M00124,2026-06-25,Football,10:30
M00219,2026-07-15,Gym,11:30
M00065,2026-01-31,Badminton,10:45
M00173,2026-06-28,Badminton,11:45
M00250,2026-08-25,Football,07:15
M00103,2026-07-22,Football,18:15
M00017,2026-08-14,Basketball,08:00
M00008,2026-02-15,Gym,15:45
M00488,2026-06-27,Swimming Pool,12:15
M00278,2026-05-14,Basketball,19:15
M00179,2026-06-06,Gym,11:45
M00091,2026-06-10,Badminton,17:45
M00005,2026-05-23,Swimming Pool,12:00
M00543,2026-01-25,Football,17:15
M00476,2026-07-17,Swimming Pool,14:00
M00199,2026-01-29,Swimming Pool,21:45
M00181,2026-02-10,Gym,07:30
M00292,2026-02-23,Basketball,14:30
M00465,2026-01-12,Gym,07:15
M00162,2026-07-21,Gym,21:00
M00073,2026-08-18,Swimming Pool,20:30
M00430,2026-02-20,Badminton,13:00
M00334,2026-02-28,Gym,13:45
M00205,2026-04-07,Swimming Pool,08:45
M00600,2026-05-05,Gym,19:15
M00222,2026-08-26,Football,20:15
M00397,2026-04-06,Swimming Pool,20:15
M00368,2026-03-11,Swimming Pool,16:15
M00033,2026-06-27,Football,07:30
M00140,2026-01-29,Basketball,20:45
M00176,2026-07-14,Badminton,13:30
M00161,2026-07-22,Football,11:15
M00089,2026-04-16,Football,21:15
M00485,2026-08-03,Basketball,14:00
M00439,2026-07-08,Swimming Pool,13:30
M00445,2026-05-29,Swimming Pool,10:00
M00428,2026-01-12,Gym,21:00
M00436,2026-05-16,Basketball,21:00
M00464,2026-05-07,Swimming Pool,08:00
M00417,2026-02-25,Swimming Pool,17:30
M00245,2026-06-15,Gym,06:45
M00313,2026-02-11,Basketball,06:45
M00475,2026-07-17,Swimming Pool,18:15
M00380,2026-06-10,Basketball,06:00
M00395,2026-08-17,Badminton,07:30
M00437,2026-07-12,Badminton,12:00
M00344,2026-07-08,Gym,17:00
M00114,2026-04-09,Badminton,20:00
M00375,2026-04-04,Swimming Pool,08:15
M00142,2026-03-27,Swimming Pool,09:45
M00595,2026-08-12,Swimming Pool,13:30
M00362,2026-08-18,Badminton,19:30
M00056,2026-01-17,Badminton,17:45
M00498,2026-05-09,Football,09:45
M00545,2026-06-23,Football,15:45
M00377,2026-07-24,Gym,12:45
M00090,2026-01-21,Basketball,11:30
M00079,2026-01-28,Swimming Pool,14:00
M00152,2026-05-08,Swimming Pool,12:00
M00301,2026-04-17,Football,10:45
M00356,2026-04-18,Basketball,06:30
M00194,2026-01-17,Gym,13:30
M00422,2026-05-29,Badminton,16:45
M00543,2026-08-04,Football,20:45
M00312,2026-05-26,Swimming Pool,15:15
M00267,2026-02-28,Basketball,17:30
M00049,2026-02-07,Badminton,15:45
M00171,2026-06-08,Swimming Pool,15:15
M00180,2026-08-03,Swimming Pool,11:15
M00120,2026-01-11,Badminton,10:45
M00267,2026-04-05,Swimming Pool,12:00
M00325,2026-03-30,Swimming Pool,17:45
M00553,2026-02-11,Football,15:00
M00026,2026-04-14,Basketball,10:45
M00328,2026-02-09,Gym,16:30
M00486,2026-08-18,Badminton,10:45
M00347,2026-06-26,Gym,21:00
M00143,2026-06-23,Football,09:30
M00026,2026-04-13,Football,13:45
M00366,2026-01-24,Badminton,07:15
M00598,2026-05-15,Swimming Pool,14:15
M00024,2026-01-22,Football,20:00
M00525,2026-04-11,Swimming Pool,21:30
M00524,2026-08-30,Gym,17:45
M00152,2026-07-03,Basketball,17:45
M00382,2026-01-04,Badminton,17:30
M00316,2026-04-25,Football,08:15
M00455,2026-07-09,Basketball,20:30
M00168,2026-07-26,Basketball,19:15
M00089,2026-02-06,Swimming Pool,15:45
M00538,2026-03-27,Gym,18:00
M00007,2026-04-15,Badminton,19:15
M00570,2026-04-29,Football,10:15
M00191,2026-08-02,Basketball,15:45
M00044,2026-07-30,Badminton,15:45
M00573,2026-07-09,Basketball,13:00
M00003,2026-02-09,Badminton,15:45
M00128,2026-06-17,Badminton,19:15
M00504,2026-08-21,Swimming Pool,06:00
M00284,2026-05-07,Gym,17:45
M00580,2026-04-22,Badminton,21:00
M00383,2026-05-12,Football,06:30
M00167,2026-05-29,Gym,10:30
M00473,2026-08-13,Swimming Pool,17:15
M00055,2026-03-11,Badminton,19:30
M00050,2026-03-16,Badminton,08:15
M00188,2026-07-15,Gym,11:30
M00324,2026-07-31,Badminton,14:30
M00099,2026-05-17,Football,17:15
M00014,2026-02-05,Football,15:30
M00497,2026-04-16,Badminton,11:00
M00224,2026-02-09,Football,13:15
M00573,2026-06-07,Football,09:45
M00472,2026-08-23,Gym,09:15
M00018,2026-05-03,Badminton,15:30
M00143,2026-07-29,Basketball,16:15
M00312,2026-01-08,Gym,13:15
M00146,2026-06-26,Swimming Pool,15:15
M00215,2026-02-03,Gym,19:00
M00080,2026-01-05,Basketball,19:00
M00202,2026-01-28,Gym,07:45
M00122,2026-08-21,Badminton,07:00
M00309,2026-06-20,Gym,09:00
M00211,2026-05-31,Swimming Pool,11:30
M00030,2026-01-24,Swimming Pool,14:30
M00361,2026-02-11,Football,13:00
M00102,2026-07-29,Football,06:15
M00197,2026-03-14,Swimming Pool,06:00
M00220,2026-08-24,Football,21:30
M00190,2026-04-23,Gym,11:30
M00389,2026-04-19,Swimming Pool,13:45
M00116,2026-07-14,Badminton,09:45
M00113,2026-05-14,Swimming Pool,21:30
M00296,2026-05-23,Gym,08:30
M00506,2026-01-30,Basketball,15:45
M00320,2026-06-25,Basketball,13:45
M00298,2026-08-07,Basketball,12:00
M00488,2026-08-29,Badminton,11:00
M00504,2026-06-22,Gym,18:45
M00536,2026-06-18,Gym,09:15
M00405,2026-04-13,Football,09:15
M00067,2026-04-04,Swimming Pool,16:15
M00414,2026-02-01,Swimming Pool,19:45
M00286,2026-07-15,Football,14:45
M00365,2026-05-02,Football,18:45
M00524,2026-03-13,Swimming Pool,20:00
M00126,2026-03-06,Basketball,21:15
M00138,2026-01-08,Gym,07:00
M00511,2026-06-23,Gym,11:45
M00335,2026-02-09,Badminton,09:00
M00533,2026-07-16,Basketball,20:15
M00301,2026-06-19,Basketball,21:30
M00556,2026-03-29,Football,06:00
M00441,2026-08-14,Gym,18:45
M00323,2026-08-07,Basketball,20:45
M00037,2026-01-09,Swimming Pool,15:15
M00504,2026-04-21,Swimming Pool,15:45
M00500,2026-07-15,Gym,21:45
M00488,2026-05-24,Swimming Pool,07:45
M00270,2026-05-07,Football,18:30
M00292,2026-03-24,Gym,06:00
M00132,2026-08-03,Badminton,17:00
M00350,2026-04-08,Gym,19:30
M00366,2026-04-16,Badminton,07:15
M00254,2026-03-02,Badminton,08:00
M00313,2026-01-30,Badminton,11:00
M00552,2026-03-25,Gym,20:45
M00582,2026-05-12,Basketball,14:00
M00481,2026-05-31,Gym,16:45
M00585,2026-04-10,Badminton,09:45
M00103,2026-06-26,Swimming Pool,16:45
M00515,2026-07-27,Badminton,11:30
M00373,2026-04-22,Swimming Pool,21:00
M00549,2026-02-24,Badminton,14:00
M00305,2026-05-27,Basketball,13:00
M00593,2026-01-25,Football,16:30
M00069,2026-05-26,Football,21:45
M00215,2026-03-30,Gym,15:30
M00444,2026-06-19,Football,16:15
M00425,2026-04-13,Badminton,20:15
M00020,2026-06-10,Football,11:45
M00219,2026-06-19,Basketball,14:45
M00580,2026-07-06,Gym,12:30
M00474,2026-02-07,Swimming Pool,10:30
M00446,2026-04-16,Badminton,08:15
M00423,2026-03-10,Badminton,11:30
M00242,2026-04-14,Swimming Pool,09:15
M00197,2026-01-08,Swimming Pool,15:45
M00498,2026-05-24,Basketball,19:00
M00207,2026-02-10,Badminton,10:00
M00265,2026-07-22,Badminton,11:00
M00498,2026-07-20,Gym,07:00
M00322,2026-06-04,Badminton,08:45
M00373,2026-06-21,Gym,18:15
M00242,2026-01-29,Football,09:30
M00509,2026-08-15,Gym,13:00
M00321,2026-03-26,Football,18:15
M00434,2026-02-25,Swimming Pool,09:15
M00220,2026-03-12,Basketball,19:30
M00058,2026-05-06,Football,17:00
M00325,2026-05-20,Basketball,21:15
M00285,2026-08-14,Swimming Pool,17:45
M00377,2026-07-30,Badminton,06:00
M00056,2026-06-26,Swimming Pool,14:45
M00317,2026-06-13,Badminton,09:15
M00454,2026-04-10,Gym,18:30
M00309,2026-01-24,Swimming Pool,15:15
M00165,2026-08-23,Basketball,16:45
M00035,2026-03-12,Gym,21:45
M00423,2026-08-26,Badminton,19:00
M00165,2026-06-28,Badminton,08:30
M00431,2026-06-04,Football,16:45
M00029,2026-07-15,Gym,11:45
M00140,2026-01-01,Basketball,12:30
M00322,2026-05-28,Gym,09:15
M00256,2026-05-13,Swimming Pool,19:30
M00463,2026-05-03,Swimming Pool,14:15
M00336,2026-07-24,Badminton,12:00
M00425,2026-04-05,Swimming Pool,18:45
M00585,2026-02-27,Gym,06:15
M00092,2026-04-29,Swimming Pool,14:15
M00051,2026-04-13,Football,19:30
M00153,2026-01-23,Badminton,11:00
M00015,2026-07-03,Football,19:45
M00507,2026-01-31,Swimming Pool,12:15
M00273,2026-03-15,Basketball,18:15
M00442,2026-08-08,Swimming Pool,12:30
M00194,2026-04-18,Swimming Pool,19:15
M00030,2026-03-16,Badminton,13:45
M00255,2026-04-05,Football,20:00
M00011,2026-05-01,Swimming Pool,16:45
M00218,2026-07-02,Basketball,19:30
M00075,2026-01-25,Football,07:00
M00341,2026-08-27,Swimming Pool,21:30
M00047,2026-01-02,Badminton,18:30
M00405,2026-06-21,Badminton,10:00
M00595,2026-02-15,Badminton,11:45
M00348,2026-08-13,Basketball,10:00
M00325,2026-07-01,Football,19:15
M00267,2026-01-30,Badminton,07:15
M00512,2026-08-12,Badminton,17:45
M00290,2026-08-20,Badminton,14:30
M00447,2026-08-17,Swimming Pool,16:45
M00155,2026-05-23,Basketball,07:15
M00153,2026-01-14,Swimming Pool,11:00
M00482,2026-03-08,Swimming Pool,20:45
M00119,2026-08-18,Basketball,07:45
M00366,2026-07-01,Football,21:45
M00505,2026-01-29,Swimming Pool,09:30
M00096,2026-02-22,Badminton,11:15
M00521,2026-07-30,Badminton,12:00
M00539,2026-07-16,Football,11:45
M00079,2026-03-05,Basketball,09:30
M00027,2026-03-14,Gym,18:30
M00109,2026-08-03,Badminton,10:00
M00084,2026-04-28,Basketball,20:30
M00006,2026-03-26,Gym,20:30
M00583,2026-02-03,Swimming Pool,07:30
M00331,2026-07-24,Gym,08:45
M00095,2026-04-13,Badminton,11:15
M00409,2026-01-23,Gym,12:15
M00398,2026-07-19,Basketball,15:15
M00124,2026-03-18,Basketball,19:30
M00135,2026-04-02,Gym,17:15
M00502,2026-04-25,Basketball,21:30
M00577,2026-06-03,Basketball,08:45
M00378,2026-06-07,Swimming Pool,19:45
M00096,2026-01-11,Football,16:45
M00230,2026-06-15,Swimming Pool,21:00
M00298,2026-04-30,Basketball,08:45
M00308,2026-02-08,Swimming Pool,15:15
M00536,2026-04-20,Badminton,07:00
M00047,2026-05-12,Gym,19:45
M00097,2026-04-29,Football,14:30
M00261,2026-05-30,Gym,06:00
M00474,2026-02-15,Swimming Pool,18:00
M00086,2026-04-17,Badminton,16:45
M00461,2026-06-09,Badminton,16:15
M00217,2026-02-17,Gym,14:00
M00445,2026-05-17,Gym,06:45
M00120,2026-01-04,Swimming Pool,21:45
M00415,2026-08-11,Football,21:30
M00370,2026-06-26,Basketball,15:00
M00129,2026-02-04,Gym,12:00
M00017,2026-06-28,Swimming Pool,06:15
M00493,2026-06-16,Swimming Pool,13:45
M00552,2026-02-18,Gym,15:45
M00152,2026-05-02,Basketball,06:00
M00171,2026-08-20,Swimming Pool,20:45
M00483,2026-01-06,Basketball,13:15
M00302,2026-05-26,Basketball,07:30
M00009,2026-01-27,Basketball,19:45
M00593,2026-06-02,Football,15:00
M00500,2026-04-13,Basketball,21:15
M00063,2026-05-16,Gym,19:30
M00567,2026-01-17,Badminton,19:45
M00120,2026-05-07,Football,17:45
M00447,2026-01-06,Swimming Pool,15:15
M00481,2026-03-30,Basketball,13:15
M00348,2026-08-24,Football,20:15
M00301,2026-07-05,Basketball,19:30
M00484,2026-07-24,Swimming Pool,12:30
M00089,2026-06-20,Basketball,10:15
M00205,2026-02-10,Football,21:00
M00426,2026-08-30,Basketball,15:15
M00215,2026-05-23,Gym,06:30
M00268,2026-04-02,Swimming Pool,11:00
M00066,2026-03-28,Basketball,09:15
M00124,2026-05-24,Swimming Pool,21:30
M00349,2026-07-20,Badminton,07:30
M00155,2026-08-07,Football,09:00
M00449,2026-07-24,Basketball,09:00
M00105,2026-07-30,Football,07:00
M00172,2026-06-11,Gym,12:30
M00161,2026-07-06,Badminton,20:45
M00102,2026-02-09,Badminton,16:15
M00126,2026-08-06,Swimming Pool,20:45
M00007,2026-03-04,Basketball,16:30
M00518,2026-02-13,Gym,14:30
M00425,2026-04-03,Swimming Pool,10:45
M00234,2026-02-05,Basketball,19:45
M00470,2026-08-07,Football,17:00
M00454,2026-02-07,Gym,08:00
M00347,2026-03-22,Basketball,11:45
M00063,2026-04-11,Gym,10:00
M00533,2026-03-17,Basketball,18:30
M00322,2026-08-21,Badminton,06:30
M00541,2026-06-06,Swimming Pool,18:45
M00211,2026-08-16,Football,20:30
M00415,2026-07-18,Swimming Pool,15:00
M00038,2026-05-18,Badminton,18:15
M00533,2026-05-19,Badminton,12:00
M00524,2026-05-22,Badminton,16:15
M00024,2026-01-08,Football,14:15
M00312,2026-07-05,Basketball,09:00
M00382,2026-03-08,Football,17:00
M00049,2026-07-13,Gym,20:30
M00587,2026-07-08,Gym,20:30
M00242,2026-07-26,Football,13:30
M00307,2026-03-14,Football,10:45
M00533,2026-07-08,Swimming Pool,09:30
M00529,2026-05-30,Swimming Pool,17:45
M00101,2026-02-07,Basketball,19:00
M00095,2026-01-16,Basketball,10:45
M00220,2026-04-25,Gym,17:45
M00573,2026-05-13,Basketball,14:45
M00434,2026-04-23,Basketball,19:15
M00148,2026-05-10,Swimming Pool,21:45
M00133,2026-06-30,Football,09:15
M00467,2026-05-02,Gym,11:30
M00122,2026-06-04,Basketball,09:00
M00379,2026-05-27,Badminton,07:15
M00121,2026-04-06,Badminton,17:30
M00302,2026-05-05,Gym,10:15
M00432,2026-01-13,Badminton,15:15
M00188,2026-07-29,Basketball,06:00
M00561,2026-03-31,Gym,07:45
M00493,2026-05-27,Badminton,20:30
M00387,2026-05-02,Football,10:15
M00517,2026-06-12,Basketball,20:45
M00153,2026-08-10,Badminton,08:45
M00397,2026-03-01,Basketball,16:00
M00454,2026-07-08,Badminton,08:15
M00026,2026-05-27,Badminton,09:00
M00198,2026-06-08,Football,07:15
M00488,2026-05-09,Gym,09:15
M00020,2026-03-12,Swimming Pool,13:45
M00087,2026-07-26,Football,16:45
M00047,2026-05-06,Gym,16:45
M00185,2026-04-17,Gym,16:45
M00264,2026-01-24,Gym,09:15
M00293,2026-02-06,Swimming Pool,14:00
M00158,2026-03-20,Basketball,11:00
M00334,2026-02-16,Gym,07:30
M00400,2026-01-26,Badminton,10:45
M00332,2026-03-08,Basketball,09:00
M00208,2026-03-03,Football,13:45
M00521,2026-07-12,Football,18:00
M00276,2026-01-16,Badminton,20:45
M00068,2026-05-04,Gym,19:15
M00020,2026-03-10,Football,09:15
M00569,2026-06-16,Swimming Pool,15:45
M00457,2026-01-22,Football,12:15
M00383,2026-05-19,Swimming Pool,13:45
M00569,2026-04-26,Gym,06:45
M00297,2026-06-17,Swimming Pool,06:00
M00494,2026-03-11,Football,14:45
M00360,2026-08-04,Swimming Pool,15:00
M00166,2026-07-09,Football,08:30
M00092,2026-04-12,Gym,10:30
M00443,2026-02-23,Football,16:30
M00268,2026-07-12,Basketball,14:15
M00330,2026-03-29,Swimming Pool,20:30
M00017,2026-08-22,Swimming Pool,06:45
M00005,2026-08-19,Gym,11:45
M00570,2026-08-18,Basketball,18:00
M00080,2026-05-18,Gym,20:00
M00362,2026-07-28,Basketball,17:45
M00182,2026-08-03,Gym,09:45
M00380,2026-08-28,Swimming Pool,20:00
M00227,2026-07-10,Gym,14:30
M00197,2026-01-24,Football,15:15
M00240,2026-05-07,Badminton,07:30
M00505,2026-08-20,Football,12:00
M00201,2026-07-30,Basketball,09:30
M00583,2026-05-09,Basketball,11:15
M00580,2026-06-22,Football,11:00
M00132,2026-07-10,Gym,10:30
M00584,2026-08-08,Swimming Pool,14:15
M00024,2026-06-27,Football,14:45
M00003,2026-08-29,Basketball,07:30
M00443,2026-08-05,Basketball,14:00
M00531,2026-04-30,Basketball,17:00
M00230,2026-01-13,Badminton,19:45
M00324,2026-01-02,Basketball,12:30
M00084,2026-08-14,Football,06:15
M00434,2026-01-20,Swimming Pool,12:15
M00338,2026-03-21,Gym,09:00
M00492,2026-04-21,Gym,16:30
M00254,2026-01-28,Basketball,13:30
M00056,2026-07-30,Badminton,13:00
M00450,2026-07-15,Gym,20:00
M00088,2026-01-16,Gym,18:30
M00067,2026-07-20,Swimming Pool,07:45
M00057,2026-03-19,Football,19:00
M00105,2026-06-23,Gym,07:30
M00391,2026-04-13,Gym,19:15
M00011,2026-04-27,Basketball,20:45
M00104,2026-03-28,Gym,20:30
M00198,2026-01-28,Gym,06:00
M00199,2026-08-20,Football,10:30
M00364,2026-04-18,Basketball,20:15
M00249,2026-02-05,Gym,07:15
M00320,2026-05-30,Basketball,17:30
M00598,2026-08-15,Football,10:15
M00481,2026-03-21,Football,16:30
M00378,2026-01-03,Football,10:00
M00244,2026-05-10,Football,07:45
M00353,2026-02-20,Swimming Pool,12:00
M00350,2026-02-18,Basketball,20:30
M00593,2026-05-25,Badminton,15:45
M00337,2026-02-11,Gym,20:00
M00508,2026-02-26,Gym,13:15
M00478,2026-06-09,Swimming Pool,13:45
M00340,2026-07-26,Basketball,12:45
M00189,2026-07-31,Gym,17:00
M00076,2026-04-02,Gym,09:15
M00298,2026-04-23,Swimming Pool,17:00
M00031,2026-02-20,Swimming Pool,15:15
M00225,2026-08-15,Badminton,11:30
M00568,2026-03-04,Swimming Pool,12:00
M00181,2026-08-04,Badminton,09:00
M00141,2026-04-08,Gym,16:15
M00313,2026-04-27,Swimming Pool,17:30
M00176,2026-08-29,Football,19:00
M00122,2026-02-06,Swimming Pool,12:15
M00546,2026-04-07,Badminton,16:45
M00251,2026-08-24,Gym,12:30
M00153,2026-03-25,Swimming Pool,07:30
M00130,2026-08-06,Football,21:15
M00084,2026-07-20,Basketball,08:15
M00521,2026-04-10,Football,17:45
M00532,2026-04-29,Swimming Pool,16:30
M00539,2026-06-27,Basketball,21:45
M00275,2026-05-29,Basketball,07:15
M00225,2026-08-18,Swimming Pool,20:15
M00406,2026-02-25,Badminton,19:45
M00586,2026-02-10,Badminton,14:00
M00138,2026-07-12,Gym,15:45
M00532,2026-04-01,Swimming Pool,07:45
M00525,2026-06-09,Badminton,19:45
M00479,2026-04-21,Basketball,17:45
M00325,2026-03-11,Basketball,06:15
M00453,2026-03-01,Badminton,08:30
M00085,2026-03-17,Football,08:30
M00234,2026-01-26,Gym,08:30
M00040,2026-05-20,Swimming Pool,16:15
M00338,2026-03-06,Badminton,14:15
M00142,2026-08-07,Football,14:00
M00307,2026-03-14,Badminton,18:45
M00594,2026-07-13,Gym,21:15
M00408,2026-02-28,Swimming Pool,12:45
M00240,2026-05-13,Football,20:45
M00349,2026-07-22,Gym,16:15
M00440,2026-07-17,Basketball,12:45
M00461,2026-08-07,Football,06:30
M00143,2026-05-28,Swimming Pool,15:00
M00512,2026-07-27,Badminton,16:15
M00430,2026-04-19,Basketball,15:30
M00024,2026-05-26,Gym,10:15
M00339,2026-05-26,Football,18:45
M00210,2026-08-31,Basketball,08:45
M00193,2026-05-02,Gym,16:45
M00312,2026-01-24,Swimming Pool,09:15
M00033,2026-07-31,Football,21:00
M00192,2026-02-20,Gym,18:30
M00211,2026-03-01,Badminton,08:45
M00059,2026-04-05,Football,06:15
M00335,2026-08-09,Basketball,18:15
M00114,2026-02-03,Football,19:45
M00071,2026-04-10,Swimming Pool,10:15
M00318,2026-04-21,Basketball,11:30
M00208,2026-05-09,Basketball,14:15
M00008,2026-02-06,Basketball,08:45
M00253,2026-05-15,Badminton,21:45
M00474,2026-05-28,Gym,08:30
M00468,2026-03-30,Badminton,18:15
M00426,2026-03-05,Swimming Pool,19:45
M00394,2026-08-22,Swimming Pool,09:45
M00045,2026-03-03,Swimming Pool,14:30
M00069,2026-06-28,Swimming Pool,21:45
M00567,2026-02-01,Badminton,08:00
M00517,2026-07-16,Badminton,19:45
M00169,2026-03-06,Swimming Pool,07:45
M00028,2026-01-19,Basketball,18:30
M00409,2026-08-08,Swimming Pool,18:00
M00011,2026-03-06,Gym,10:30
M00476,2026-05-05,Basketball,08:00
M00562,2026-06-18,Swimming Pool,20:15
M00483,2026-07-30,Badminton,11:15
M00019,2026-06-05,Gym,11:30
M00128,2026-05-17,Basketball,11:00
M00012,2026-06-23,Badminton,10:45
M00367,2026-02-15,Swimming Pool,07:15
M00453,2026-06-28,Gym,09:45
M00316,2026-04-24,Gym,06:00
M00387,2026-07-16,Swimming Pool,13:30
M00245,2026-02-21,Gym,06:45
M00029,2026-01-04,Badminton,12:00
M00226,2026-08-14,Gym,11:15
M00046,2026-04-17,Football,09:30
M00331,2026-05-24,Swimming Pool,12:45
M00439,2026-01-31,Swimming Pool,12:00
M00366,2026-03-24,Swimming Pool,06:45
M00324,2026-01-04,Basketball,12:45
M00226,2026-01-17,Badminton,17:00
M00069,2026-08-15,Swimming Pool,19:30
M00512,2026-01-27,Football,11:30
M00098,2026-06-03,Badminton,18:15
M00341,2026-02-14,Badminton,21:00
M00344,2026-01-05,Football,20:45
M00524,2026-06-13,Swimming Pool,06:15
M00022,2026-06-07,Gym,15:15
M00439,2026-07-13,Swimming Pool,08:00
M00141,2026-04-06,Basketball,15:15
M00156,2026-04-07,Swimming Pool,07:15
M00455,2026-07-09,Badminton,10:30
M00326,2026-06-14,Gym,19:30
M00025,2026-02-28,Badminton,16:15
M00211,2026-05-19,Gym,13:15
M00391,2026-05-14,Badminton,11:45
M00007,2026-01-17,Basketball,08:15
M00054,2026-06-12,Swimming Pool,12:15
M00094,2026-02-14,Football,12:15
M00520,2026-01-21,Basketball,20:30
M00169,2026-07-04,Swimming Pool,13:45
M00181,2026-06-05,Swimming Pool,15:30
M00591,2026-04-25,Swimming Pool,14:45
M00082,2026-04-03,Basketball,18:15
M00483,2026-04-23,Basketball,19:15
M00494,2026-01-06,Basketball,19:00
M00308,2026-06-02,Football,10:15
M00264,2026-04-08,Basketball,15:45
M00291,2026-04-07,Football,21:00
M00342,2026-02-04,Basketball,12:15
M00195,2026-01-02,Gym,17:45
M00415,2026-08-25,Basketball,18:30
M00394,2026-05-06,Badminton,08:45
M00040,2026-08-24,Gym,18:15
M00199,2026-07-15,Basketball,14:30
M00522,2026-07-01,Basketball,17:00
M00395,2026-08-26,Basketball,13:15
M00490,2026-01-09,Badminton,06:15
M00268,2026-06-04,Basketball,10:30
M00254,2026-06-04,Football,11:00
M00120,2026-07-17,Gym,18:45
M00083,2026-05-13,Swimming Pool,19:15
M00438,2026-03-06,Badminton,18:30
M00422,2026-07-12,Gym,09:30
M00147,2026-03-10,Swimming Pool,18:30
M00007,2026-02-13,Basketball,06:00
M00072,2026-07-18,Basketball,19:30
M00442,2026-02-13,Swimming Pool,17:15
M00138,2026-02-20,Basketball,11:00
M00462,2026-05-26,Swimming Pool,11:15
M00061,2026-07-11,Swimming Pool,12:30
M00419,2026-04-23,Football,09:15
M00082,2026-03-17,Gym,18:00
M00284,2026-01-17,Badminton,06:15
M00490,2026-05-05,Gym,06:00
M00273,2026-07-12,Gym,07:00
M00217,2026-05-14,Gym,18:30
M00498,2026-05-02,Badminton,19:30
M00380,2026-06-24,Badminton,16:15
M00370,2026-06-20,Basketball,18:00
M00365,2026-08-12,Badminton,09:00
M00468,2026-08-11,Basketball,10:00
M00126,2026-08-11,Football,14:15
M00378,2026-04-26,Football,21:45
M00193,2026-01-01,Badminton,06:30
M00047,2026-07-26,Badminton,20:15
M00497,2026-04-13,Football,08:30
M00439,2026-08-29,Basketball,09:45
M00301,2026-06-05,Swimming Pool,10:00
M00131,2026-05-08,Gym,15:45
M00173,2026-08-18,Basketball,09:45
M00554,2026-03-03,Swimming Pool,12:15
M00092,2026-01-28,Basketball,06:15
M00335,2026-08-20,Basketball,14:15
M00264,2026-06-20,Basketball,09:15
M00548,2026-06-12,Basketball,08:30
M00230,2026-08-27,Football,08:30
M00387,2026-08-22,Basketball,19:15
M00229,2026-03-08,Gym,15:00
M00115,2026-01-23,Badminton,12:00
M00587,2026-04-05,Swimming Pool,16:45
M00591,2026-07-08,Gym,15:00
M00549,2026-02-18,Basketball,19:30
M00374,2026-07-24,Swimming Pool,13:00
M00405,2026-01-03,Football,20:30
M00149,2026-07-28,Badminton,13:45
M00467,2026-02-07,Football,15:15
M00036,2026-06-03,Badminton,15:00
M00281,2026-08-06,Football,21:15
M00507,2026-03-16,Basketball,07:30
M00157,2026-07-31,Swimming Pool,13:00
M00184,2026-08-08,Basketball,18:30
M00164,2026-01-06,Football,18:30
M00433,2026-06-23,Basketball,17:45
M00401,2026-01-19,Football,15:30
M00200,2026-06-29,Football,18:00
M00135,2026-03-24,Football,07:30
M00469,2026-06-17,Swimming Pool,10:45
M00495,2026-03-16,Swimming Pool,12:15
M00201,2026-07-08,Gym,17:00
M00152,2026-04-07,Basketball,11:00
M00099,2026-04-02,Basketball,11:00
M00121,2026-05-12,Badminton,19:15
M00414,2026-03-04,Gym,09:15
M00407,2026-05-06,Badminton,11:45
M00092,2026-07-19,Basketball,18:30
M00456,2026-04-05,Gym,09:00
M00085,2026-02-01,Basketball,13:00
M00587,2026-05-27,Basketball,14:00
M00186,2026-04-09,Basketball,19:30
M00586,2026-02-02,Gym,16:00
M00551,2026-02-17,Basketball,06:45
M00570,2026-07-29,Football,21:00
M00532,2026-08-03,Football,09:15
M00121,2026-02-16,Football,11:00
M00569,2026-04-25,Badminton,09:00
M00132,2026-05-28,Swimming Pool,11:00
M00576,2026-03-07,Gym,08:00
M00519,2026-03-18,Badminton,11:45
M00001,2026-03-05,Badminton,07:30
M00547,2026-04-24,Swimming Pool,21:30
M00536,2026-08-22,Badminton,12:00
M00046,2026-03-02,Gym,12:15
M00307,2026-08-08,Swimming Pool,10:15
M00368,2026-03-13,Swimming Pool,19:00
M00564,2026-03-07,Badminton,18:15
M00410,2026-04-27,Gym,14:45
M00147,2026-05-18,Swimming Pool,08:30
M00198,2026-07-02,Badminton,11:45
M00158,2026-03-22,Basketball,18:00
M00254,2026-01-20,Badminton,09:00
M00562,2026-04-15,Gym,16:00
M00372,2026-08-21,Badminton,14:15
M00232,2026-03-12,Gym,09:45
M00228,2026-04-07,Gym,09:15
M00540,2026-07-06,Badminton,21:00
M00542,2026-03-31,Football,15:30
M00102,2026-08-18,Gym,11:30
M00399,2026-02-16,Badminton,18:45
M00131,2026-03-08,Gym,10:15
M00147,2026-04-07,Football,14:00
M00380,2026-07-01,Swimming Pool,19:45
M00188,2026-04-23,Badminton,20:30
M00283,2026-04-20,Football,13:30
M00090,2026-08-31,Badminton,19:30
M00093,2026-06-12,Gym,08:15
M00096,2026-02-12,Football,07:00
M00293,2026-05-22,Basketball,06:45
M00521,2026-08-27,Swimming Pool,21:45
M00528,2026-06-25,Football,09:45
M00015,2026-06-07,Swimming Pool,06:45
M00548,2026-07-11,Badminton,13:00
M00460,2026-02-13,Football,13:15
M00077,2026-04-04,Swimming Pool,17:00
M00433,2026-05-07,Basketball,11:30
M00116,2026-03-28,Swimming Pool,09:30
M00307,2026-05-04,Badminton,14:15
M00003,2026-07-08,Football,18:15
M00313,2026-08-26,Football,07:45
M00500,2026-01-15,Badminton,06:45
M00337,2026-03-18,Badminton,09:00
M00359,2026-08-16,Swimming Pool,18:30
M00010,2026-01-26,Basketball,21:15
M00087,2026-05-16,Football,10:45
M00127,2026-08-22,Basketball,06:15
M00257,2026-02-27,Basketball,18:30
M00307,2026-04-04,Basketball,11:30
M00112,2026-04-23,Basketball,11:15
M00363,2026-07-11,Basketball,06:30
M00204,2026-01-29,Swimming Pool,15:00
M00137,2026-04-12,Basketball,16:00
M00165,2026-06-20,Swimming Pool,21:30
M00122,2026-04-18,Basketball,21:15
M00333,2026-07-12,Basketball,18:15
M00113,2026-01-28,Gym,10:15
M00353,2026-05-09,Gym,13:00
M00351,2026-04-20,Football,06:45
M00492,2026-03-16,Badminton,21:00
M00440,2026-03-05,Football,10:15
M00256,2026-03-13,Gym,14:15
M00440,2026-02-20,Basketball,09:15
M00194,2026-08-07,Football,10:15
M00124,2026-02-03,Basketball,07:30
M00197,2026-08-26,Swimming Pool,19:00
M00205,2026-01-24,Gym,18:45
M00538,2026-03-20,Swimming Pool,13:30
M00437,2026-05-03,Gym,19:00
M00312,2026-01-29,Badminton,17:30
M00360,2026-07-02,Basketball,13:30
M00049,2026-02-16,Gym,06:00
M00330,2026-02-24,Badminton,21:30
M00104,2026-04-21,Swimming Pool,14:45
M00373,2026-03-27,Badminton,09:00
M00014,2026-06-24,Football,10:30
M00370,2026-07-09,Badminton,17:15
M00283,2026-02-23,Football,18:00
M00109,2026-02-03,Football,09:00
M00196,2026-02-19,Basketball,09:00
M00560,2026-06-08,Badminton,15:45
M00207,2026-05-17,Swimming Pool,07:15
M00197,2026-04-18,Football,14:30
M00375,2026-04-25,Gym,19:00
M00495,2026-04-18,Football,06:15
M00281,2026-06-28,Swimming Pool,15:00
M00580,2026-01-16,Swimming Pool,18:45
M00546,2026-08-11,Football,08:15
M00449,2026-07-12,Football,18:45
M00411,2026-06-05,Badminton,12:15
M00004,2026-02-10,Football,12:00
M00526,2026-04-27,Football,14:30
M00226,2026-03-17,Badminton,09:15
M00230,2026-01-12,Football,13:30
M00041,2026-06-13,Swimming Pool,14:15
M00277,2026-08-12,Gym,13:15
M00548,2026-01-30,Gym,17:30
M00333,2026-01-22,Football,14:15
M00419,2026-08-18,Football,15:30
M00059,2026-06-10,Gym,17:15
M00287,2026-02-15,Badminton,06:00
M00392,2026-08-31,Badminton,12:45
M00226,2026-03-25,Badminton,12:45
M00160,2026-04-25,Swimming Pool,19:30
M00152,2026-08-19,Basketball,08:45
M00186,2026-04-28,Swimming Pool,11:15
M00584,2026-05-06,Swimming Pool,15:00
M00318,2026-02-11,Swimming Pool,18:15
M00072,2026-02-06,Gym,19:15
M00466,2026-08-21,Basketball,09:15
M00013,2026-06-04,Gym,18:45
M00022,2026-01-29,Gym,07:15
M00255,2026-07-17,Gym,14:15
M00014,2026-07-22,Gym,09:30
M00088,2026-02-21,Swimming Pool,21:45
M00168,2026-03-20,Badminton,21:15
M00250,2026-01-15,Football,14:00
M00022,2026-07-31,Gym,09:30
M00106,2026-05-11,Basketball,10:00
M00230,2026-01-07,Swimming Pool,19:45
M00151,2026-04-01,Badminton,13:45
M00116,2026-05-06,Swimming Pool,09:15
M00105,2026-03-14,Badminton,08:30
M00122,2026-04-03,Gym,07:15
M00183,2026-04-20,Football,16:15
M00436,2026-02-08,Badminton,15:30
M00107,2026-03-11,Basketball,17:30
M00079,2026-07-21,Gym,10:15
M00328,2026-02-07,Basketball,20:45
M00069,2026-01-29,Football,19:30
M00149,2026-01-24,Badminton,10:15
M00395,2026-04-01,Badminton,21:45
M00493,2026-06-27,Basketball,16:15
M00252,2026-04-09,Basketball,21:45
M00546,2026-05-18,Swimming Pool,18:00
M00595,2026-07-03,Basketball,13:00
M00241,2026-04-03,Gym,12:00
M00372,2026-05-23,Basketball,10:00
M00062,2026-08-22,Badminton,17:15
M00302,2026-04-28,Swimming Pool,19:15
M00216,2026-07-31,Swimming Pool,07:15
M00121,2026-06-28,Swimming Pool,18:00
M00435,2026-04-06,Gym,09:00
M00489,2026-08-03,Football,11:00
M00151,2026-04-04,Swimming Pool,08:15
M00079,2026-01-04,Football,19:15
M00187,2026-05-01,Swimming Pool,15:45
M00422,2026-07-04,Badminton,20:00
M00294,2026-01-29,Swimming Pool,07:00
M00178,2026-05-09,Swimming Pool,06:45
M00434,2026-06-24,Basketball,14:30
M00233,2026-04-19,Swimming Pool,14:00
M00535,2026-04-07,Swimming Pool,12:45
M00058,2026-02-26,Basketball,11:00
M00480,2026-05-03,Badminton,18:45
M00169,2026-01-14,Badminton,19:15
M00277,2026-01-28,Gym,08:30
M00344,2026-01-08,Swimming Pool,15:15
M00555,2026-01-28,Gym,12:00
M00317,2026-02-18,Football,12:00
M00247,2026-03-10,Gym,07:45
M00047,2026-01-13,Badminton,08:30
M00009,2026-04-02,Badminton,18:15
M00323,2026-07-12,Basketball,17:15
M00100,2026-03-26,Basketball,09:15
M00025,2026-05-31,Basketball,21:00
M00298,2026-02-11,Swimming Pool,20:00
M00096,2026-07-03,Swimming Pool,12:15
M00165,2026-05-09,Football,16:45
M00135,2026-03-28,Badminton,17:45
M00041,2026-08-17,Basketball,13:15
M00077,2026-02-09,Football,21:00
M00016,2026-02-06,Badminton,08:45
M00097,2026-04-27,Badminton,11:30
M00166,2026-01-18,Badminton,17:30
M00092,2026-01-19,Swimming Pool,20:30
M00485,2026-03-07,Basketball,10:00
M00583,2026-05-05,Gym,17:30
M00411,2026-04-15,Football,10:45
M00376,2026-05-12,Football,16:30
M00086,2026-06-24,Basketball,20:30
M00044,2026-06-08,Gym,13:00
M00159,2026-08-07,Gym,15:45
M00163,2026-05-26,Basketball,08:15
M00398,2026-08-12,Basketball,08:30
M00478,2026-04-30,Football,20:00
M00088,2026-02-16,Gym,18:45
M00205,2026-04-13,Badminton,08:30
M00351,2026-06-04,Basketball,12:45
M00118,2026-03-13,Basketball,07:15
M00482,2026-02-07,Swimming Pool,16:00
M00390,2026-01-16,Badminton,19:45
M00219,2026-01-14,Swimming Pool,06:45
M00277,2026-03-06,Swimming Pool,08:15
M00071,2026-03-12,Basketball,08:30
M00463,2026-08-12,Basketball,12:30
M00189,2026-08-01,Gym,08:45
M00351,2026-07-12,Badminton,11:15
M00358,2026-08-30,Basketball,21:45
M00549,2026-06-26,Swimming Pool,19:30
M00585,2026-04-10,Gym,12:00
M00593,2026-06-07,Swimming Pool,16:30
M00015,2026-02-08,Basketball,10:45
M00325,2026-01-30,Basketball,14:00
M00462,2026-08-30,Swimming Pool,20:00
M00038,2026-02-25,Swimming Pool,19:15
M00387,2026-02-25,Badminton,12:15
M00591,2026-01-04,Badminton,17:00
M00310,2026-08-18,Badminton,09:45
M00467,2026-04-16,Basketball,17:30
M00556,2026-04-20,Football,16:00
M00181,2026-04-28,Basketball,17:15
M00567,2026-06-02,Swimming Pool,19:45
M00292,2026-08-05,Basketball,15:00
M00090,2026-07-26,Gym,08:00
M00422,2026-01-27,Basketball,09:45
M00516,2026-05-29,Gym,15:45
M00217,2026-02-27,Basketball,18:00
M00201,2026-08-08,Basketball,09:30
M00476,2026-04-16,Basketball,06:30
M00230,2026-05-10,Badminton,14:30
M00315,2026-08-03,Basketball,13:00
M00425,2026-01-09,Gym,06:15
M00384,2026-08-04,Football,16:30
M00175,2026-05-27,Basketball,13:45
M00198,2026-06-07,Basketball,07:45
M00132,2026-08-29,Basketball,11:45
M00326,2026-05-13,Swimming Pool,19:15
M00102,2026-07-01,Swimming Pool,09:45
M00267,2026-08-03,Football,11:30
M00209,2026-01-24,Gym,06:45
M00012,2026-06-10,Football,10:00
M00557,2026-08-24,Gym,18:00
M00134,2026-04-27,Badminton,11:15
M00228,2026-03-18,Swimming Pool,13:45
M00267,2026-06-18,Gym,14:00
M00148,2026-06-10,Gym,09:00
M00471,2026-08-26,Football,09:00
M00146,2026-03-14,Badminton,11:00
M00080,2026-05-07,Badminton,12:45
M00104,2026-05-06,Gym,19:00
M00499,2026-06-10,Gym,12:45
M00385,2026-08-16,Badminton,20:15
M00185,2026-03-18,Gym,11:00
M00121,2026-03-29,Badminton,21:00
M00163,2026-05-14,Badminton,09:15
M00031,2026-05-18,Gym,10:15
M00374,2026-01-30,Swimming Pool,06:30
M00142,2026-02-26,Gym,10:30
M00281,2026-05-04,Swimming Pool,08:30
M00565,2026-06-16,Badminton,20:45
M00447,2026-05-12,Basketball,12:30
M00178,2026-02-20,Badminton,18:00
M00598,2026-07-23,Football,15:15
M00211,2026-07-04,Basketball,19:45
M00434,2026-06-02,Badminton,16:00
M00393,2026-04-20,Swimming Pool,17:30
M00066,2026-04-26,Swimming Pool,07:30
M00420,2026-03-17,Football,17:45
M00031,2026-01-30,Swimming Pool,16:45
M00191,2026-04-02,Swimming Pool,08:15
M00381,2026-04-06,Swimming Pool,16:00
M00010,2026-03-23,Gym,16:15
M00477,2026-05-26,Badminton,13:00
M00395,2026-03-14,Football,12:15
M00106,2026-05-24,Badminton,08:45
M00446,2026-03-23,Badminton,12:15
M00051,2026-07-25,Basketball,21:00
M00282,2026-04-18,Gym,09:45
M00176,2026-06-03,Badminton,18:15
M00591,2026-01-06,Badminton,06:00
M00473,2026-03-14,Swimming Pool,18:00
M00547,2026-08-24,Football,07:30
M00017,2026-01-18,Basketball,09:45
M00309,2026-03-12,Badminton,17:45
M00082,2026-05-23,Badminton,21:00
M00403,2026-03-18,Basketball,21:00
M00383,2026-08-29,Football,09:00
M00230,2026-01-13,Gym,10:00
M00331,2026-08-09,Basketball,13:15
M00091,2026-02-18,Badminton,06:00
M00266,2026-08-15,Gym,09:00
M00312,2026-01-20,Badminton,16:45
M00277,2026-06-28,Swimming Pool,10:45
M00123,2026-02-02,Badminton,10:45
M00458,2026-06-21,Gym,13:45
M00502,2026-03-13,Badminton,21:15
M00095,2026-03-09,Badminton,08:30
M00572,2026-08-02,Swimming Pool,12:00
M00077,2026-05-07,Gym,12:00
M00222,2026-04-30,Basketball,12:45
M00108,2026-03-29,Swimming Pool,16:30
M00465,2026-06-17,Swimming Pool,09:15
M00225,2026-08-23,Badminton,18:45
M00526,2026-02-21,Basketball,12:00
M00285,2026-04-19,Swimming Pool,15:00
M00151,2026-04-29,Gym,09:15
M00017,2026-08-17,Basketball,11:30
M00030,2026-05-02,Football,20:30
M00272,2026-01-31,Football,08:30
M00442,2026-02-24,Swimming Pool,18:45
M00521,2026-03-27,Gym,20:30
M00379,2026-01-26,Gym,18:45
M00199,2026-03-17,Swimming Pool,18:15
M00283,2026-05-16,Football,21:45
M00112,2026-06-24,Gym,13:00
M00225,2026-01-30,Gym,07:30
M00245,2026-01-17,Football,09:30
M00232,2026-08-14,Football,18:45
M00403,2026-01-26,Swimming Pool,14:45
M00211,2026-02-13,Swimming Pool,17:30
M00295,2026-07-07,Gym,09:15
M00516,2026-08-21,Football,21:30
M00245,2026-02-13,Badminton,08:15
M00192,2026-03-27,Basketball,10:00
M00486,2026-04-20,Badminton,06:15
M00271,2026-08-14,Gym,11:00
M00361,2026-05-02,Football,06:45
M00254,2026-05-01,Gym,07:00
M00581,2026-06-24,Badminton,13:15
M00151,2026-07-18,Gym,09:30
M00344,2026-04-26,Basketball,17:30
M00499,2026-03-06,Badminton,20:00
M00362,2026-03-19,Badminton,21:00
M00277,2026-06-25,Football,06:15
M00421,2026-08-08,Swimming Pool,10:30
M00510,2026-01-08,Swimming Pool,19:30
M00212,2026-07-10,Gym,12:45
M00111,2026-03-12,Football,20:15
M00272,2026-08-22,Badminton,16:45
M00428,2026-08-30,Badminton,15:15
M00043,2026-05-29,Football,16:00
M00444,2026-07-23,Basketball,17:30
M00113,2026-01-03,Basketball,10:45
M00154,2026-05-14,Badminton,11:30
M00499,2026-03-15,Gym,15:00
M00465,2026-01-11,Swimming Pool,15:00
M00055,2026-05-06,Badminton,06:45
M00361,2026-06-19,Gym,07:30
M00142,2026-03-31,Badminton,10:00
M00278,2026-02-06,Swimming Pool,19:00
M00298,2026-02-26,Gym,21:30
M00255,2026-07-27,Basketball,19:45
M00101,2026-08-17,Badminton,15:30
M00178,2026-05-25,Basketball,16:15
M00205,2026-03-06,Swimming Pool,19:15
M00309,2026-03-20,Gym,15:45
M00559,2026-02-16,Basketball,19:00
M00142,2026-05-15,Basketball,16:30
M00480,2026-04-01,Basketball,20:45
M00421,2026-04-29,Gym,06:45
M00091,2026-07-13,Swimming Pool,15:15
M00595,2026-05-12,Badminton,10:30
M00055,2026-07-13,Basketball,10:45
M00007,2026-04-29,Football,20:00
M00087,2026-01-15,Badminton,09:30
M00100,2026-07-30,Badminton,21:30
M00063,2026-02-01,Football,07:15
M00529,2026-02-06,Football,21:15
M00229,2026-08-18,Swimming Pool,15:30
M00007,2026-07-26,Basketball,12:00
M00069,2026-01-01,Swimming Pool,09:00
M00254,2026-02-22,Gym,21:00
M00518,2026-04-24,Basketball,07:00
M00308,2026-04-14,Basketball,11:15
M00560,2026-03-08,Football,20:00
M00443,2026-02-07,Gym,11:15
M00247,2026-02-13,Football,12:45
M00492,2026-03-16,Badminton,09:45
M00377,2026-06-20,Badminton,18:45
M00110,2026-04-29,Basketball,19:15
M00029,2026-03-14,Basketball,09:45
M00012,2026-05-29,Badminton,07:45
M00044,2026-08-21,Badminton,10:45
M00470,2026-03-12,Gym,11:30
M00513,2026-08-08,Football,12:30
M00538,2026-04-10,Football,08:15
M00156,2026-04-01,Football,16:45
M00144,2026-03-13,Badminton,18:00
M00496,2026-04-07,Basketball,11:30
M00133,2026-06-28,Badminton,17:45
M00070,2026-01-12,Gym,11:15
M00099,2026-06-20,Gym,21:45
M00332,2026-07-14,Swimming Pool,13:00
M00179,2026-07-06,Basketball,19:00
M00064,2026-06-06,Badminton,09:00
M00075,2026-04-24,Badminton,06:15
M00329,2026-01-28,Basketball,18:15
M00588,2026-05-23,Swimming Pool,12:30
M00503,2026-04-23,Badminton,13:15
M00166,2026-04-22,Football,12:00
M00597,2026-01-07,Gym,12:00
M00144,2026-08-17,Gym,17:45
M00582,2026-05-20,Gym,16:15
M00541,2026-05-08,Swimming Pool,12:45
M00513,2026-04-01,Badminton,10:00
M00450,2026-04-20,Basketball,08:00
M00131,2026-07-20,Football,15:00
M00121,2026-05-08,Swimming Pool,07:30
M00024,2026-02-27,Badminton,14:45
M00367,2026-01-18,Swimming Pool,15:00
M00548,2026-05-28,Swimming Pool,15:45
M00059,2026-05-20,Gym,21:30
M00031,2026-01-09,Badminton,19:30
M00206,2026-03-27,Gym,10:15
M00561,2026-07-29,Badminton,07:15
M00506,2026-01-19,Football,07:30
M00073,2026-04-17,Football,08:45
M00133,2026-03-11,Gym,09:00
M00509,2026-05-10,Swimming Pool,17:45
M00490,2026-03-19,Swimming Pool,06:00
M00027,2026-07-18,Swimming Pool,18:00
M00566,2026-05-04,Gym,18:45
M00129,2026-04-21,Basketball,10:00
M00449,2026-01-31,Football,17:30
M00199,2026-03-29,Basketball,07:15
M00238,2026-01-24,Football,06:15
M00423,2026-07-11,Football,07:00
M00256,2026-07-28,Gym,08:00
M00130,2026-04-23,Swimming Pool,15:00
M00322,2026-03-31,Football,13:30
M00133,2026-06-05,Basketball,21:00
M00079,2026-01-20,Badminton,12:45
M00366,2026-08-18,Swimming Pool,20:30
M00376,2026-07-19,Football,15:15
M00540,2026-08-17,Badminton,16:00
M00056,2026-03-30,Basketball,21:30
M00081,2026-02-22,Swimming Pool,13:30
M00567,2026-02-23,Gym,17:15
M00037,2026-03-02,Basketball,20:00
M00022,2026-05-08,Gym,14:30
M00394,2026-03-18,Gym,07:30
M00394,2026-05-07,Gym,18:45
M00455,2026-01-12,Swimming Pool,12:45
M00189,2026-06-18,Basketball,07:30
M00033,2026-05-19,Badminton,06:30
M00269,2026-07-27,Football,12:00
M00350,2026-07-05,Football,19:45
M00059,2026-07-26,Gym,18:30
M00548,2026-04-29,Basketball,14:15
M00391,2026-04-30,Swimming Pool,10:00
M00288,2026-07-24,Badminton,08:15
M00556,2026-03-17,Badminton,18:00
M00281,2026-04-03,Badminton,14:00
M00128,2026-03-20,Football,16:30
M00184,2026-04-24,Basketball,06:45
M00010,2026-04-30,Gym,17:45
M00570,2026-02-25,Basketball,07:00
M00284,2026-08-18,Football,16:00
M00452,2026-02-16,Badminton,14:30
M00507,2026-02-02,Swimming Pool,11:15
M00051,2026-03-01,Gym,07:15
M00519,2026-08-09,Basketball,16:00
M00567,2026-07-03,Swimming Pool,07:30
M00264,2026-01-05,Badminton,07:15
M00359,2026-01-28,Gym,20:00
M00524,2026-01-20,Swimming Pool,12:30
M00585,2026-04-06,Basketball,08:45
M00290,2026-02-06,Gym,16:30
M00344,2026-04-15,Badminton,21:30
M00032,2026-02-11,Badminton,07:30
M00154,2026-08-22,Football,06:00
M00217,2026-07-26,Badminton,17:15
M00388,2026-08-01,Football,07:15
M00391,2026-07-15,Gym,08:15
M00579,2026-05-09,Football,19:00
M00541,2026-07-24,Gym,21:45
M00325,2026-03-10,Swimming Pool,15:15
M00337,2026-03-04,Badminton,13:45
M00323,2026-07-11,Gym,13:45
M00420,2026-04-03,Gym,17:00
M00371,2026-06-17,Basketball,13:45
M00429,2026-02-28,Football,10:15
M00418,2026-06-22,Football,10:30
M00294,2026-03-29,Badminton,09:00
M00419,2026-04-18,Football,10:45
M00203,2026-08-19,Swimming Pool,20:00
M00171,2026-01-31,Basketball,14:45
M00104,2026-02-02,Gym,19:00
M00171,2026-01-19,Swimming Pool,18:45
M00363,2026-02-02,Basketball,13:30
M00122,2026-03-28,Badminton,09:00
M00076,2026-07-09,Badminton,20:45
M00461,2026-07-09,Basketball,15:45
M00138,2026-07-07,Swimming Pool,08:15
M00008,2026-06-01,Football,17:45
M00389,2026-03-24,Basketball,11:30
M00100,2026-03-01,Badminton,21:30
M00050,2026-05-25,Football,19:30
M00331,2026-04-09,Badminton,11:15
M00043,2026-07-28,Swimming Pool,19:30
M00589,2026-08-14,Football,16:00
M00356,2026-03-14,Swimming Pool,09:30
M00281,2026-05-05,Basketball,13:15
M00296,2026-08-29,Badminton,09:15
M00286,2026-02-06,Gym,12:15
M00029,2026-06-03,Gym,12:00
M00501,2026-08-02,Gym,17:15
M00289,2026-08-30,Football,19:45
M00534,2026-02-02,Basketball,15:00
M00123,2026-04-24,Basketball,21:30
M00089,2026-08-10,Swimming Pool,14:00
M00363,2026-07-25,Gym,13:00
M00335,2026-02-10,Football,16:30
M00465,2026-06-11,Football,08:30
M00040,2026-04-21,Gym,16:15
M00572,2026-06-19,Gym,06:15
M00141,2026-05-31,Basketball,13:15
M00272,2026-05-01,Swimming Pool,21:15
M00509,2026-03-14,Swimming Pool,12:00
M00529,2026-08-08,Swimming Pool,06:45
M00069,2026-05-06,Football,12:15
M00040,2026-04-18,Badminton,18:15
M00358,2026-05-04,Football,11:30
M00238,2026-08-13,Badminton,21:45
M00402,2026-06-03,Badminton,21:30
M00099,2026-02-26,Gym,15:45
M00458,2026-03-25,Swimming Pool,19:00
M00181,2026-04-29,Badminton,09:30
M00408,2026-06-30,Swimming Pool,21:45
M00422,2026-06-25,Swimming Pool,06:30
M00275,2026-05-10,Swimming Pool,19:00
M00576,2026-07-17,Badminton,14:30
M00422,2026-04-11,Basketball,19:45
M00267,2026-08-22,Gym,14:45
M00225,2026-03-28,Gym,15:45
M00420,2026-02-26,Football,11:15
M00113,2026-08-31,Football,16:15
M00553,2026-01-06,Gym,18:00
M00342,2026-08-22,Badminton,08:00
M00532,2026-02-23,Badminton,12:15
M00549,2026-04-12,Swimming Pool,15:15
M00383,2026-03-26,Basketball,12:15
M00014,2026-01-10,Gym,09:45
M00497,2026-01-11,Swimming Pool,15:30
M00025,2026-02-28,Swimming Pool,07:30
M00127,2026-07-28,Basketball,18:15
M00277,2026-08-09,Gym,08:00
M00517,2026-07-04,Basketball,06:00
M00555,2026-06-04,Swimming Pool,09:45
M00199,2026-08-01,Football,15:30
M00436,2026-05-12,Gym,15:30
M00470,2026-02-21,Gym,14:45
M00386,2026-03-16,Basketball,08:15
M00417,2026-05-24,Badminton,21:30
M00547,2026-05-10,Swimming Pool,18:00
M00509,2026-07-06,Basketball,17:00
M00464,2026-02-27,Football,06:45
M00238,2026-04-25,Badminton,21:00
M00319,2026-03-27,Swimming Pool,08:00
M00575,2026-02-13,Swimming Pool,21:15
M00086,2026-02-06,Basketball,21:15
M00061,2026-07-16,Basketball,14:45
M00319,2026-07-09,Badminton,10:00
M00330,2026-06-26,Football,19:00
M00275,2026-06-26,Swimming Pool,21:45
M00321,2026-06-16,Swimming Pool,16:45
M00495,2026-05-12,Football,08:00
M00436,2026-06-29,Gym,18:15
M00014,2026-02-11,Football,09:15
M00203,2026-04-23,Gym,07:45
M00508,2026-02-13,Football,21:15
M00561,2026-04-18,Basketball,06:30
M00121,2026-04-22,Badminton,14:30
M00381,2026-05-25,Swimming Pool,10:30
M00536,2026-06-25,Swimming Pool,17:30
M00484,2026-04-29,Swimming Pool,16:15
M00169,2026-05-15,Basketball,06:30
M00427,2026-02-15,Swimming Pool,21:00
M00006,2026-03-21,Swimming Pool,12:00
M00551,2026-04-28,Badminton,09:00
M00480,2026-06-02,Swimming Pool,08:30
M00573,2026-08-15,Swimming Pool,17:00
M00198,2026-03-12,Badminton,19:30
M00377,2026-06-09,Basketball,14:15
M00080,2026-06-01,Swimming Pool,09:15
M00287,2026-02-15,Badminton,09:15
M00535,2026-05-31,Basketball,16:30
M00485,2026-02-23,Swimming Pool,06:15
M00222,2026-01-24,Football,10:15
M00169,2026-05-02,Gym,16:00
M00054,2026-02-05,Football,20:45
M00484,2026-03-25,Badminton,09:15
M00574,2026-04-11,Basketball,18:45
M00364,2026-03-21,Football,16:00
M00220,2026-02-12,Badminton,10:45
M00574,2026-04-24,Basketball,14:00
M00572,2026-08-19,Basketball,17:15
M00026,2026-08-10,Badminton,20:30
M00435,2026-02-24,Football,12:45
M00384,2026-02-15,Gym,12:45
M00370,2026-05-15,Swimming Pool,06:30
M00337,2026-01-25,Badminton,14:00
M00280,2026-01-09,Badminton,21:45
M00045,2026-06-28,Badminton,14:00
M00586,2026-07-30,Gym,21:45
M00503,2026-02-14,Basketball,09:00
M00379,2026-01-08,Football,10:15
M00135,2026-01-22,Basketball,09:00
M00455,2026-06-13,Gym,16:00
M00558,2026-03-13,Swimming Pool,06:30
M00325,2026-08-18,Swimming Pool,17:00
M00413,2026-04-17,Gym,08:15
M00514,2026-02-07,Badminton,08:15
M00455,2026-01-12,Badminton,12:45
M00178,2026-06-12,Gym,15:30
M00575,2026-03-31,Gym,16:45
M00582,2026-08-03,Gym,20:00
M00120,2026-08-24,Gym,11:00
M00191,2026-03-23,Football,06:15
M00011,2026-02-25,Badminton,20:00
M00253,2026-03-20,Swimming Pool,10:30
M00055,2026-04-08,Badminton,11:30
M00144,2026-05-25,Badminton,19:15
M00193,2026-03-11,Swimming Pool,11:30
M00266,2026-06-28,Basketball,14:00
M00502,2026-04-01,Football,17:30
M00536,2026-04-26,Swimming Pool,07:45
M00160,2026-05-18,Football,12:45
M00356,2026-06-15,Badminton,12:30
M00516,2026-05-22,Badminton,08:15
M00265,2026-02-25,Basketball,14:00
M00119,2026-05-13,Swimming Pool,21:15
M00479,2026-05-31,Badminton,17:45
M00035,2026-03-24,Gym,17:00
M00163,2026-04-18,Basketball,16:30
M00103,2026-02-17,Badminton,15:15
M00479,2026-05-20,Swimming Pool,06:45
M00468,2026-06-01,Football,19:45
M00485,2026-08-02,Swimming Pool,14:30
M00346,2026-05-04,Basketball,15:00
M00240,2026-07-15,Football,09:45
M00437,2026-07-18,Badminton,18:00
M00168,2026-05-12,Swimming Pool,15:15
M00582,2026-07-12,Swimming Pool,10:30
M00056,2026-01-24,Badminton,10:30
M00470,2026-04-12,Swimming Pool,20:00
M00152,2026-02-21,Swimming Pool,15:30
M00083,2026-02-17,Swimming Pool,12:45
M00093,2026-07-05,Swimming Pool,10:30
M00006,2026-05-03,Swimming Pool,17:00
M00483,2026-05-21,Basketball,12:45
M00386,2026-08-01,Basketball,13:00
M00397,2026-02-02,Badminton,10:45
M00335,2026-08-18,Badminton,19:45
M00547,2026-01-19,Badminton,21:00
M00228,2026-08-15,Football,11:15
M00378,2026-04-03,Badminton,06:45
M00080,2026-06-15,Swimming Pool,10:45
M00193,2026-01-12,Swimming Pool,15:45
M00096,2026-03-28,Basketball,11:45
M00155,2026-03-14,Badminton,18:45
M00036,2026-03-08,Basketball,11:15
M00408,2026-06-24,Football,09:45
M00085,2026-03-30,Gym,18:00
M00165,2026-03-23,Swimming Pool,18:45
M00012,2026-05-05,Basketball,19:00
M00311,2026-04-19,Badminton,09:45
M00515,2026-04-06,Basketball,16:30
M00115,2026-07-21,Swimming Pool,19:45
M00082,2026-02-08,Gym,16:30
M00203,2026-05-12,Football,20:45
M00050,2026-04-29,Badminton,07:00
M00502,2026-04-28,Badminton,07:30
M00259,2026-04-19,Badminton,15:00
M00556,2026-03-10,Swimming Pool,15:30
M00428,2026-01-05,Basketball,16:30
M00037,2026-06-02,Gym,17:00
M00545,2026-07-09,Basketball,13:15
M00087,2026-05-17,Gym,10:15
M00506,2026-04-21,Badminton,17:45
M00250,2026-08-24,Football,20:00
M00079,2026-03-25,Badminton,07:15
M00104,2026-04-08,Football,08:30
M00310,2026-04-19,Basketball,06:15
M00264,2026-07-04,Gym,19:00
M00197,2026-05-27,Badminton,15:15
M00051,2026-04-06,Football,21:15
M00448,2026-03-12,Swimming Pool,14:00
M00409,2026-08-21,Swimming Pool,15:30
M00006,2026-04-15,Swimming Pool,06:45
M00133,2026-03-12,Badminton,20:30
M00100,2026-02-26,Swimming Pool,06:30
M00227,2026-01-17,Football,15:45
M00431,2026-06-12,Football,16:45
M00488,2026-08-27,Football,06:30
M00349,2026-03-23,Badminton,20:15
M00474,2026-08-07,Basketball,12:15
M00400,2026-03-07,Basketball,07:00
M00499,2026-05-24,Badminton,08:15
M00543,2026-04-05,Badminton,15:30
M00463,2026-06-22,Basketball,06:15
M00599,2026-02-12,Football,17:45
M00426,2026-07-15,Gym,15:45
M00241,2026-04-07,Football,10:45
M00127,2026-01-25,Basketball,12:15
M00114,2026-05-27,Badminton,11:15
M00411,2026-05-21,Basketball,17:15
M00429,2026-08-19,Football,14:30
M00372,2026-06-11,Gym,16:45
M00231,2026-08-08,Basketball,21:45
M00294,2026-07-31,Basketball,11:15
M00410,2026-03-15,Gym,16:45
M00177,2026-06-24,Gym,18:45
M00429,2026-04-16,Swimming Pool,06:15
M00142,2026-06-06,Football,08:45
M00024,2026-03-25,Football,13:15
M00583,2026-06-10,Basketball,08:30
M00024,2026-07-10,Football,18:15
M00166,2026-04-28,Badminton,13:15
M00484,2026-08-28,Swimming Pool,16:15
M00301,2026-01-17,Gym,12:45
M00471,2026-03-04,Football,20:15
M00182,2026-04-29,Football,09:30
M00164,2026-03-04,Basketball,08:00
M00034,2026-06-24,Basketball,21:45
M00073,2026-07-20,Basketball,14:00
M00547,2026-07-02,Gym,20:45
M00062,2026-03-16,Basketball,07:30
M00410,2026-07-03,Football,20:45
M00128,2026-01-27,Swimming Pool,14:00
M00174,2026-04-04,Basketball,16:15
M00249,2026-07-23,Basketball,12:30
M00100,2026-03-26,Gym,20:45
M00251,2026-07-13,Badminton,16:30
M00456,2026-03-26,Basketball,14:30
M00037,2026-07-14,Swimming Pool,10:30
M00027,2026-02-26,Badminton,17:30
M00315,2026-08-30,Swimming Pool,15:45
M00451,2026-06-22,Badminton,10:15
M00151,2026-06-05,Badminton,18:30
M00234,2026-01-08,Swimming Pool,15:15
M00599,2026-01-04,Badminton,17:45
M00489,2026-06-08,Swimming Pool,17:15
M00514,2026-03-22,Football,17:45
M00497,2026-06-15,Swimming Pool,21:15
M00496,2026-08-18,Basketball,06:00
M00351,2026-02-27,Badminton,12:15
M00154,2026-03-13,Football,09:15
M00366,2026-05-08,Basketball,06:15
M00208,2026-04-04,Gym,18:00
M00338,2026-05-10,Gym,14:00
M00058,2026-04-25,Football,13:15
M00263,2026-07-24,Swimming Pool,13:15
M00468,2026-02-15,Gym,14:30
M00094,2026-07-10,Swimming Pool,08:15
M00536,2026-03-19,Gym,12:15
M00250,2026-05-30,Football,21:45
M00101,2026-05-18,Gym,16:00
M00202,2026-05-03,Gym,20:00
M00488,2026-02-20,Gym,12:45
M00308,2026-05-26,Gym,19:00
M00454,2026-07-19,Swimming Pool,20:00
M00258,2026-07-13,Basketball,14:45
M00181,2026-03-26,Football,21:30
M00307,2026-03-09,Football,13:30
M00282,2026-06-23,Football,15:45
M00115,2026-07-13,Swimming Pool,21:00
M00327,2026-08-17,Football,21:45
M00168,2026-02-15,Gym,19:30
M00097,2026-08-25,Basketball,16:15
M00199,2026-07-19,Gym,13:15
M00315,2026-05-09,Badminton,16:45
M00106,2026-06-25,Badminton,12:15
M00332,2026-02-10,Swimming Pool,18:15
M00162,2026-06-06,Swimming Pool,16:45
M00427,2026-07-19,Badminton,13:30
M00484,2026-08-28,Badminton,17:15
M00314,2026-03-27,Badminton,16:45
M00316,2026-04-19,Football,18:45
M00006,2026-07-15,Basketball,07:45
M00363,2026-06-15,Swimming Pool,20:30
M00020,2026-07-29,Swimming Pool,12:30
M00302,2026-08-02,Badminton,06:30
M00438,2026-07-22,Basketball,16:15
M00221,2026-06-08,Football,20:30
M00110,2026-01-20,Swimming Pool,11:30
M00492,2026-08-30,Football,21:00
M00400,2026-06-26,Basketball,13:30
M00385,2026-01-16,Gym,07:30
M00283,2026-05-18,Badminton,20:30
M00114,2026-05-01,Swimming Pool,08:30
M00424,2026-07-31,Swimming Pool,10:30
M00588,2026-02-21,Football,08:45
M00252,2026-03-25,Football,14:30
M00023,2026-02-05,Gym,16:30
M00457,2026-07-11,Swimming Pool,11:30
M00480,2026-02-28,Basketball,17:30
M00204,2026-06-23,Badminton,14:00
M00144,2026-01-31,Basketball,19:45
M00499,2026-07-24,Gym,07:30
M00017,2026-05-25,Basketball,07:30
M00552,2026-05-06,Badminton,16:00
M00078,2026-05-25,Gym,09:15
M00526,2026-08-05,Gym,20:15
M00075,2026-07-16,Basketball,14:45
M00463,2026-08-16,Swimming Pool,16:00
M00187,2026-06-15,Football,16:45
M00541,2026-07-19,Basketball,06:45
M00589,2026-03-17,Gym,18:00
M00009,2026-02-27,Badminton,19:15
M00266,2026-08-08,Swimming Pool,16:45
M00206,2026-07-17,Football,17:15
M00194,2026-07-17,Swimming Pool,12:30
M00186,2026-01-26,Gym,07:15
M00554,2026-03-31,Gym,16:30
M00236,2026-06-18,Swimming Pool,12:30
M00168,2026-04-19,Badminton,13:15
M00364,2026-01-07,Swimming Pool,20:00
M00385,2026-01-07,Basketball,12:45
M00051,2026-04-25,Basketball,18:15
M00211,2026-07-17,Basketball,09:00
M00180,2026-05-10,Football,09:15
M00215,2026-01-31,Basketball,17:30
M00426,2026-02-18,Swimming Pool,08:30
M00490,2026-03-07,Football,09:45
M00017,2026-01-02,Basketball,19:45
M00103,2026-04-01,Badminton,15:00
M00445,2026-08-31,Badminton,13:00
M00400,2026-08-13,Basketball,06:30
M00332,2026-01-12,Swimming Pool,13:15
M00579,2026-01-03,Swimming Pool,10:15
M00482,2026-07-15,Gym,07:15
M00301,2026-04-06,Football,19:15
M00430,2026-02-14,Swimming Pool,10:15
M00374,2026-08-14,Gym,11:00
M00510,2026-02-22,Badminton,18:30
M00272,2026-06-09,Badminton,06:00
M00340,2026-01-08,Basketball,07:15
M00418,2026-01-12,Football,18:15
M00162,2026-01-26,Gym,17:15
M00095,2026-04-18,Gym,09:45
M00476,2026-04-17,Football,20:15
M00001,2026-03-21,Basketball,21:30
M00132,2026-03-24,Football,17:00
M00490,2026-05-07,Football,12:15
M00225,2026-05-12,Swimming Pool,10:15
M00085,2026-07-10,Gym,18:30
M00108,2026-03-05,Swimming Pool,14:15
M00309,2026-03-26,Basketball,14:15
M00336,2026-04-19,Badminton,10:00
M00395,2026-06-11,Gym,12:15
M00015,2026-02-06,Gym,13:15
M00407,2026-03-24,Gym,21:45
M00353,2026-02-18,Football,18:45
M00220,2026-04-27,Football,14:45
M00121,2026-07-10,Badminton,16:30
M00191,2026-03-07,Badminton,21:45
M00099,2026-06-21,Badminton,14:00
M00375,2026-04-20,Gym,10:00
M00233,2026-04-28,Gym,09:30
M00130,2026-08-12,Badminton,15:45
M00447,2026-05-22,Gym,11:45
M00524,2026-02-19,Swimming Pool,13:00
M00204,2026-07-07,Badminton,10:00
M00546,2026-04-03,Football,13:15
M00384,2026-02-10,Gym,11:15
M00156,2026-05-19,Football,19:15
M00286,2026-01-13,Basketball,15:45
M00535,2026-04-18,Basketball,20:30
M00140,2026-07-04,Badminton,06:00
M00258,2026-07-01,Football,15:15
M00069,2026-01-16,Basketball,10:15
M00493,2026-07-30,Swimming Pool,13:45
M00164,2026-06-15,Basketball,18:15
M00255,2026-08-02,Badminton,08:15
M00283,2026-02-05,Basketball,09:15
M00211,2026-04-24,Swimming Pool,14:30
M00012,2026-06-13,Gym,15:00
M00483,2026-03-01,Basketball,15:00
M00555,2026-07-10,Football,20:15
M00073,2026-08-14,Badminton,14:00
M00391,2026-08-03,Badminton,09:45
M00437,2026-05-30,Swimming Pool,21:30
M00231,2026-05-14,Gym,08:30
M00248,2026-08-11,Basketball,19:45
M00059,2026-06-13,Gym,14:30
M00258,2026-06-13,Football,16:45
M00258,2026-04-02,Gym,06:00
M00498,2026-03-04,Football,21:15
M00445,2026-06-20,Badminton,09:45
M00575,2026-06-05,Football,18:45
M00044,2026-06-04,Gym,09:00
M00121,2026-07-15,Swimming Pool,17:45
M00404,2026-07-03,Gym,17:45
M00472,2026-05-27,Football,07:45
M00443,2026-06-21,Gym,12:15
M00025,2026-06-11,Badminton,09:30
M00423,2026-07-25,Gym,20:30
M00368,2026-07-29,Badminton,17:15
M00284,2026-04-25,Gym,16:45
M00270,2026-07-16,Swimming Pool,12:30
M00411,2026-07-12,Badminton,11:45
M00092,2026-03-27,Badminton,13:30
M00314,2026-01-26,Gym,18:30
M00510,2026-06-13,Swimming Pool,18:15
M00272,2026-08-08,Basketball,17:30
M00449,2026-08-18,Badminton,11:15
M00331,2026-01-05,Gym,12:30
M00519,2026-06-29,Football,15:15
M00408,2026-06-08,Gym,12:00
M00093,2026-07-02,Football,18:30
M00150,2026-07-03,Badminton,17:45
M00137,2026-08-24,Basketball,09:30
M00584,2026-01-22,Badminton,13:45
M00042,2026-03-04,Football,10:30
M00027,2026-05-07,Swimming Pool,13:15
M00232,2026-04-23,Swimming Pool,10:00
M00304,2026-03-04,Gym,21:45
M00425,2026-05-23,Football,12:45
M00191,2026-08-06,Football,18:45
M00268,2026-06-30,Badminton,14:45
M00380,2026-04-04,Swimming Pool,16:30
M00079,2026-06-27,Swimming Pool,16:15
M00552,2026-05-29,Swimming Pool,09:45
M00549,2026-03-22,Gym,13:30
M00568,2026-07-30,Swimming Pool,20:30
M00589,2026-08-03,Gym,20:45
M00510,2026-06-01,Basketball,08:15
M00023,2026-05-24,Basketball,07:30
M00489,2026-08-11,Swimming Pool,08:30
M00067,2026-07-04,Badminton,14:00
M00503,2026-04-21,Swimming Pool,18:15
M00463,2026-03-21,Football,15:30
M00239,2026-05-26,Football,19:15
M00553,2026-06-24,Football,16:00
M00055,2026-07-02,Badminton,09:00
M00066,2026-05-16,Basketball,11:15
M00255,2026-06-03,Swimming Pool,11:00
M00507,2026-07-06,Gym,16:00
M00097,2026-08-31,Basketball,18:45
M00391,2026-06-28,Basketball,10:30
M00188,2026-01-25,Badminton,17:15
M00441,2026-08-14,Badminton,21:00
M00189,2026-03-08,Basketball,12:15
M00360,2026-06-15,Gym,16:45
M00097,2026-05-15,Badminton,06:00
M00571,2026-01-16,Badminton,09:15
M00002,2026-05-16,Gym,06:30
M00394,2026-03-20,Gym,17:00
M00177,2026-02-18,Football,21:15
M00549,2026-02-25,Badminton,09:15
M00384,2026-05-27,Swimming Pool,20:15
M00520,2026-02-08,Basketball,06:00
M00551,2026-08-16,Gym,15:30
M00111,2026-03-31,Swimming Pool,11:00
M00510,2026-02-19,Football,10:30
M00466,2026-08-26,Football,18:45
M00120,2026-06-21,Football,08:30
M00253,2026-04-04,Swimming Pool,13:45
M00193,2026-07-23,Basketball,07:30
M00061,2026-08-23,Basketball,09:00
M00329,2026-08-22,Football,18:15
M00290,2026-03-24,Swimming Pool,20:15
M00300,2026-08-30,Basketball,18:45
M00387,2026-01-22,Basketball,06:45
M00107,2026-03-24,Football,21:45
M00314,2026-05-08,Badminton,07:00
M00193,2026-08-31,Gym,15:15
M00322,2026-07-09,Gym,06:00
M00311,2026-04-09,Swimming Pool,17:00
M00445,2026-07-09,Football,11:30
M00046,2026-08-22,Swimming Pool,09:45
M00191,2026-08-17,Swimming Pool,16:00
M00209,2026-05-07,Swimming Pool,06:00
M00391,2026-02-22,Gym,15:00
M00247,2026-06-18,Badminton,11:45
M00234,2026-04-06,Basketball,07:15
M00146,2026-06-03,Swimming Pool,14:45
M00585,2026-07-01,Badminton,12:30
M00420,2026-06-26,Gym,19:45
M00387,2026-03-13,Swimming Pool,21:30
M00011,2026-06-10,Basketball,07:45
M00132,2026-06-19,Swimming Pool,08:00
M00119,2026-02-10,Basketball,08:15
M00550,2026-03-25,Swimming Pool,14:45
M00292,2026-05-18,Badminton,15:30
M00112,2026-07-14,Gym,18:15
M00089,2026-05-23,Basketball,12:15
M00531,2026-01-10,Basketball,21:00
M00115,2026-02-28,Gym,18:15
M00086,2026-07-15,Gym,13:45
M00380,2026-04-23,Swimming Pool,20:00
M00516,2026-07-16,Swimming Pool,12:30
M00045,2026-05-26,Gym,10:30
M00257,2026-08-24,Swimming Pool,17:45
M00206,2026-08-19,Gym,18:45
M00157,2026-08-31,Badminton,08:15
M00189,2026-06-10,Swimming Pool,16:45
M00026,2026-08-12,Basketball,08:15
M00542,2026-03-15,Football,11:15
M00561,2026-03-23,Gym,09:00
M00420,2026-05-13,Football,06:15
M00330,2026-04-05,Gym,10:00
M00240,2026-01-02,Basketball,06:00
M00397,2026-07-16,Football,09:15
M00037,2026-05-25,Football,08:00
M00488,2026-08-28,Football,18:30
M00397,2026-04-26,Swimming Pool,21:30
M00354,2026-06-12,Basketball,21:15
M00466,2026-05-18,Badminton,13:15
M00294,2026-06-13,Swimming Pool,18:30
M00165,2026-04-05,Gym,19:30
M00148,2026-01-11,Basketball,19:15
M00412,2026-02-02,Badminton,12:45
M00432,2026-08-15,Basketball,20:45
M00455,2026-04-10,Basketball,17:30
M00334,2026-06-20,Basketball,10:15
M00252,2026-02-25,Swimming Pool,12:30
M00475,2026-05-21,Basketball,17:30
M00219,2026-04-11,Swimming Pool,21:00
M00556,2026-06-16,Basketball,15:45
M00053,2026-02-21,Swimming Pool,16:15
M00394,2026-08-28,Football,19:15
M00454,2026-01-07,Swimming Pool,18:15
M00280,2026-07-10,Football,10:45
M00589,2026-07-20,Swimming Pool,10:45
M00325,2026-04-30,Swimming Pool,10:45
M00324,2026-06-06,Football,07:00
M00067,2026-01-22,Gym,06:00
M00340,2026-08-07,Gym,16:30
M00208,2026-07-10,Swimming Pool,12:30
M00068,2026-04-03,Football,16:45
M00487,2026-03-28,Swimming Pool,15:30
M00104,2026-07-25,Football,11:15
M00168,2026-04-17,Gym,19:15
M00576,2026-05-22,Basketball,14:15
M00117,2026-06-19,Swimming Pool,20:00
M00041,2026-02-04,Basketball,21:45
M00489,2026-02-13,Gym,17:45
M00599,2026-05-27,Swimming Pool,20:00
M00504,2026-08-31,Football,17:30
M00088,2026-08-15,Badminton,08:15
M00139,2026-06-09,Badminton,18:15
M00114,2026-08-28,Swimming Pool,16:30
M00086,2026-04-01,Football,21:00
M00428,2026-02-13,Badminton,14:15
M00526,2026-03-13,Football,06:45
M00327,2026-08-20,Swimming Pool,07:15
M00314,2026-03-09,Basketball,19:30
M00042,2026-03-11,Basketball,08:30
M00565,2026-01-09,Swimming Pool,06:00
M00310,2026-04-08,Swimming Pool,21:45
M00398,2026-01-10,Badminton,18:30
M00376,2026-07-25,Football,19:45
M00351,2026-02-03,Badminton,14:15
M00501,2026-03-14,Badminton,08:45
M00087,2026-07-26,Badminton,09:00
M00132,2026-07-26,Gym,13:00
M00182,2026-04-06,Gym,10:15
M00090,2026-08-10,Gym,06:00
M00350,2026-08-11,Football,08:15
M00597,2026-06-10,Basketball,16:00
M00125,2026-01-15,Swimming Pool,12:00
M00191,2026-01-24,Gym,06:45
M00239,2026-02-23,Gym,08:45
M00329,2026-06-10,Football,12:45
M00203,2026-07-01,Basketball,11:45
M00295,2026-07-07,Football,07:45
M00190,2026-05-10,Gym,08:15
M00203,2026-03-09,Swimming Pool,12:00
M00078,2026-02-18,Swimming Pool,16:15
M00167,2026-04-12,Football,15:45
M00519,2026-06-13,Badminton,12:45
M00257,2026-07-31,Badminton,13:00
M00258,2026-03-14,Swimming Pool,08:00
M00065,2026-05-07,Badminton,07:45
M00082,2026-06-22,Basketball,06:00
M00327,2026-05-31,Badminton,08:30
M00327,2026-04-26,Badminton,21:30
M00512,2026-03-18,Basketball,16:15
M00234,2026-05-31,Swimming Pool,07:30
M00420,2026-04-30,Basketball,16:45
M00475,2026-08-11,Basketball,20:15
M00146,2026-07-08,Basketball,19:00
M00143,2026-07-21,Badminton,18:15
M00410,2026-04-04,Gym,19:15
M00155,2026-06-01,Swimming Pool,12:00
M00017,2026-04-11,Basketball,10:30
M00346,2026-02-20,Gym,21:45
M00163,2026-03-19,Football,14:15
M00195,2026-05-05,Football,21:45
M00446,2026-08-31,Swimming Pool,21:00
M00362,2026-01-28,Gym,16:45
M00297,2026-02-06,Swimming Pool,21:15
M00427,2026-05-06,Gym,15:15
M00347,2026-06-11,Badminton,19:00
M00133,2026-05-16,Badminton,16:30
M00132,2026-04-05,Football,21:00
M00019,2026-04-25,Badminton,19:15
M00215,2026-08-30,Badminton,13:30
M00488,2026-07-21,Badminton,16:30
M00200,2026-08-19,Swimming Pool,16:15
M00243,2026-07-28,Swimming Pool,21:45
M00020,2026-03-22,Football,09:45
M00152,2026-06-09,Badminton,08:45
M00474,2026-06-04,Badminton,08:45
M00399,2026-07-19,Swimming Pool,14:15
M00373,2026-08-06,Gym,21:15
M00229,2026-06-12,Gym,16:30
M00495,2026-05-24,Swimming Pool,14:30
M00497,2026-03-22,Football,12:15
M00124,2026-03-17,Gym,12:30
M00255,2026-07-22,Basketball,19:00
M00306,2026-03-08,Swimming Pool,10:30
M00026,2026-01-08,Basketball,08:30
M00477,2026-07-18,Swimming Pool,20:45
M00569,2026-02-10,Football,20:30
M00111,2026-08-28,Badminton,20:30
M00203,2026-06-30,Football,20:30
M00167,2026-05-31,Swimming Pool,16:00
M00127,2026-01-14,Badminton,21:30
M00146,2026-03-22,Basketball,06:45
M00332,2026-04-12,Swimming Pool,16:00
M00290,2026-03-24,Football,07:00
M00136,2026-05-08,Gym,08:15
M00156,2026-01-27,Football,11:15
M00095,2026-07-13,Badminton,17:30
M00084,2026-04-16,Badminton,08:45
M00411,2026-05-20,Gym,19:45
M00159,2026-05-21,Gym,12:45
M00163,2026-01-30,Badminton,13:15
M00058,2026-06-15,Football,06:00
M00231,2026-05-03,Gym,07:15
M00239,2026-02-09,Swimming Pool,16:30
M00397,2026-07-13,Basketball,06:30
M00505,2026-01-07,Basketball,08:00
M00205,2026-05-31,Gym,12:15
M00597,2026-05-06,Gym,17:00
M00596,2026-08-14,Badminton,11:45
M00218,2026-02-08,Football,06:30
M00273,2026-05-23,Badminton,18:15
M00207,2026-07-13,Football,14:30
M00201,2026-03-25,Badminton,18:00
M00293,2026-04-26,Gym,20:45
M00210,2026-02-17,Gym,07:45
M00110,2026-07-10,Swimming Pool,12:30
M00220,2026-08-15,Football,15:30
M00475,2026-01-14,Swimming Pool,14:15
M00524,2026-01-07,Badminton,06:15
M00186,2026-08-09,Badminton,12:45
M00398,2026-07-04,Badminton,20:45
M00170,2026-08-24,Basketball,21:30
M00255,2026-01-20,Football,09:00
M00032,2026-06-08,Gym,06:30
M00001,2026-03-19,Basketball,18:15
M00100,2026-01-14,Badminton,12:15
M00434,2026-07-09,Badminton,08:30
M00428,2026-06-17,Gym,15:00
M00123,2026-03-19,Swimming Pool,14:45
M00210,2026-01-31,Gym,21:15
M00015,2026-01-29,Gym,13:45
M00594,2026-06-27,Football,14:30
M00024,2026-06-29,Football,21:00
M00157,2026-02-25,Gym,18:45
M00031,2026-01-10,Basketball,19:45
M00423,2026-02-14,Gym,07:00
M00288,2026-07-01,Badminton,21:15
M00274,2026-01-07,Badminton,12:15
M00459,2026-07-27,Gym,07:45
M00573,2026-06-29,Basketball,13:00
M00294,2026-04-04,Gym,17:45
M00484,2026-05-20,Swimming Pool,17:30
M00565,2026-05-19,Swimming Pool,16:30
M00417,2026-02-14,Football,18:30
M00479,2026-03-30,Badminton,10:45
M00556,2026-04-15,Badminton,19:00
M00260,2026-08-15,Swimming Pool,16:30
M00478,2026-04-26,Football,11:00
M00352,2026-05-10,Swimming Pool,16:15
M00588,2026-02-05,Swimming Pool,18:00
M00430,2026-08-14,Gym,07:00
M00590,2026-01-02,Badminton,11:15
M00343,2026-05-06,Gym,16:30
M00562,2026-08-28,Basketball,18:15
M00591,2026-03-31,Basketball,09:15
M00465,2026-02-09,Swimming Pool,06:00
M00508,2026-02-06,Gym,15:15
M00416,2026-03-19,Swimming Pool,09:15
M00025,2026-01-05,Gym,15:00
M00213,2026-02-17,Gym,08:30
M00464,2026-01-31,Basketball,17:45
M00011,2026-06-28,Football,15:30
M00398,2026-04-06,Swimming Pool,15:45
M00490,2026-06-12,Football,07:45
M00033,2026-05-08,Badminton,17:00
M00262,2026-06-29,Basketball,18:00
M00433,2026-06-26,Football,17:45
M00028,2026-04-08,Gym,21:00
M00487,2026-03-06,Football,08:00
M00252,2026-07-05,Gym,20:45
M00346,2026-03-03,Football,21:00
M00331,2026-03-21,Football,20:15
M00421,2026-01-25,Gym,10:00
M00519,2026-04-24,Gym,11:45
M00282,2026-06-28,Football,18:00
M00260,2026-05-30,Gym,21:15
M00463,2026-03-17,Swimming Pool,07:30
M00340,2026-04-20,Gym,10:00
M00204,2026-05-04,Basketball,13:00
M00397,2026-07-18,Swimming Pool,18:00
M00310,2026-02-16,Swimming Pool,16:45
M00235,2026-07-02,Basketball,09:00
M00169,2026-02-05,Swimming Pool,06:45
M00509,2026-04-04,Basketball,06:30
M00557,2026-01-28,Basketball,21:00
M00286,2026-04-22,Football,19:00
M00067,2026-01-23,Badminton,17:45
M00411,2026-05-10,Swimming Pool,10:00
M00025,2026-02-11,Gym,11:15
M00457,2026-06-18,Football,17:30
M00490,2026-01-18,Swimming Pool,19:00
M00574,2026-01-11,Swimming Pool,12:15
M00308,2026-02-04,Basketball,06:30
M00062,2026-05-11,Gym,09:30
M00600,2026-05-16,Gym,15:15
M00328,2026-08-24,Swimming Pool,21:15
M00194,2026-06-19,Basketball,21:45
M00220,2026-01-26,Swimming Pool,18:00
M00150,2026-06-20,Swimming Pool,10:00
M00490,2026-05-12,Gym,11:15
M00424,2026-08-03,Badminton,13:30
M00417,2026-01-16,Basketball,07:30
M00405,2026-01-08,Swimming Pool,17:45
M00461,2026-06-05,Swimming Pool,10:45
M00522,2026-08-16,Basketball,11:15
M00534,2026-03-15,Basketball,08:45
M00032,2026-04-17,Gym,08:15
M00041,2026-04-05,Badminton,18:30
M00476,2026-06-16,Badminton,15:30
M00316,2026-08-07,Basketball,21:45
M00574,2026-08-25,Football,10:45
M00346,2026-01-24,Basketball,16:00
M00258,2026-06-11,Badminton,14:30
M00526,2026-02-28,Badminton,16:15
M00580,2026-02-18,Badminton,15:15
M00344,2026-05-13,Basketball,14:30
M00435,2026-06-21,Swimming Pool,10:30
M00195,2026-06-25,Badminton,16:15
M00474,2026-05-29,Football,11:00
M00299,2026-06-13,Swimming Pool,12:30
M00188,2026-08-16,Basketball,17:15
M00402,2026-05-04,Badminton,20:30
M00150,2026-03-07,Football,08:30
M00128,2026-04-07,Football,18:00
M00069,2026-02-18,Badminton,21:45
M00564,2026-05-30,Badminton,19:15
M00273,2026-01-14,Basketball,21:00
M00488,2026-04-22,Basketball,16:00
M00144,2026-02-16,Gym,17:00
M00043,2026-08-05,Gym,14:00
M00562,2026-05-18,Badminton,10:00
M00434,2026-02-22,Gym,07:00
M00115,2026-03-28,Football,14:30
M00441,2026-03-03,Swimming Pool,13:30
M00566,2026-04-01,Swimming Pool,10:00
M00567,2026-05-30,Badminton,13:15
M00393,2026-02-22,Football,06:15
M00094,2026-05-27,Football,14:45
M00128,2026-01-25,Swimming Pool,19:15
M00248,2026-04-28,Football,11:15
M00226,2026-03-13,Gym,06:15
M00316,2026-04-22,Football,18:45
M00219,2026-03-01,Gym,08:45
M00455,2026-04-24,Swimming Pool,18:45
M00024,2026-05-19,Badminton,12:45
M00448,2026-07-22,Football,16:30
M00022,2026-05-08,Football,18:45
M00211,2026-04-06,Swimming Pool,08:45
M00173,2026-07-21,Basketball,12:15
M00322,2026-04-01,Basketball,14:15
M00298,2026-08-19,Swimming Pool,18:45
M00025,2026-06-25,Football,13:00
M00464,2026-07-02,Gym,18:30
M00369,2026-04-08,Gym,21:45
M00457,2026-08-21,Basketball,08:45
M00262,2026-03-31,Swimming Pool,14:30
M00267,2026-05-03,Swimming Pool,11:15
M00600,2026-06-15,Football,12:00
M00391,2026-04-04,Gym,13:00
M00163,2026-01-24,Football,07:30
M00082,2026-05-15,Badminton,20:15
M00301,2026-02-06,Basketball,14:15
M00235,2026-04-15,Badminton,11:00
M00238,2026-08-12,Gym,07:15
M00296,2026-05-21,Basketball,19:15
M00242,2026-01-05,Swimming Pool,08:00
M00104,2026-03-10,Swimming Pool,09:45
M00567,2026-07-14,Badminton,11:15
M00547,2026-08-27,Swimming Pool,13:00
M00334,2026-08-07,Swimming Pool,14:00
M00513,2026-05-10,Gym,18:15
M00172,2026-01-13,Basketball,10:15
M00248,2026-08-09,Football,17:30
M00474,2026-03-04,Basketball,11:00
M00255,2026-02-11,Football,07:00
M00387,2026-02-04,Gym,15:45
M00542,2026-07-24,Basketball,18:45
M00538,2026-04-30,Football,17:45
M00258,2026-05-15,Basketball,11:45
M00130,2026-07-26,Gym,12:00
M00377,2026-08-04,Badminton,09:45
M00392,2026-04-07,Badminton,17:00
M00323,2026-05-05,Swimming Pool,06:15
M00446,2026-07-18,Swimming Pool,20:15
M00310,2026-04-12,Swimming Pool,10:00
M00233,2026-08-20,Basketball,14:45
M00409,2026-04-30,Basketball,17:15
M00475,2026-02-03,Basketball,07:15
M00150,2026-08-18,Gym,15:30
M00055,2026-03-31,Basketball,18:45
M00080,2026-06-03,Badminton,17:45
M00042,2026-08-28,Basketball,08:30
M00340,2026-02-19,Badminton,11:00
M00104,2026-02-07,Football,14:00
M00026,2026-05-11,Swimming Pool,17:00
M00460,2026-04-14,Badminton,20:30
M00335,2026-03-14,Badminton,07:00
M00449,2026-07-14,Basketball,19:00
M00562,2026-07-06,Football,08:15
M00387,2026-03-26,Basketball,14:15
M00146,2026-07-15,Swimming Pool,08:45
M00283,2026-04-11,Swimming Pool,07:00
M00311,2026-01-04,Swimming Pool,12:45
M00583,2026-02-19,Basketball,10:45
M00561,2026-05-26,Badminton,12:00
M00068,2026-02-11,Gym,14:45
M00068,2026-02-26,Basketball,11:45
M00117,2026-01-21,Basketball,16:30
M00481,2026-03-08,Football,16:30
M00540,2026-02-09,Football,14:15
M00232,2026-07-28,Gym,19:45
M00279,2026-03-26,Football,15:45
M00415,2026-01-14,Football,15:30
M00110,2026-07-30,Swimming Pool,13:15
M00255,2026-04-29,Swimming Pool,09:30
M00423,2026-07-10,Basketball,19:30
M00307,2026-01-21,Swimming Pool,11:45
M00068,2026-07-18,Badminton,07:45
M00416,2026-07-28,Basketball,10:45
M00485,2026-01-08,Badminton,17:00
M00316,2026-03-02,Basketball,21:45
M00220,2026-04-14,Basketball,13:30
M00250,2026-06-06,Swimming Pool,16:15
M00335,2026-06-01,Basketball,08:00
M00085,2026-01-22,Gym,10:45
M00505,2026-08-18,Gym,10:00
M00003,2026-05-01,Swimming Pool,07:15
M00299,2026-08-04,Badminton,17:00
M00042,2026-02-12,Badminton,16:00
M00040,2026-05-30,Gym,07:00
M00197,2026-07-22,Swimming Pool,18:45
M00111,2026-03-10,Football,15:00
M00292,2026-02-05,Gym,20:30
M00162,2026-06-14,Football,09:45
M00230,2026-06-26,Badminton,07:45
M00347,2026-06-20,Swimming Pool,21:45
M00368,2026-05-11,Badminton,15:45
M00429,2026-07-26,Swimming Pool,15:30
M00216,2026-03-03,Basketball,10:15
M00038,2026-01-21,Gym,09:15
M00111,2026-04-25,Swimming Pool,10:00
M00290,2026-07-17,Badminton,16:15
M00494,2026-04-22,Basketball,09:30
M00215,2026-08-18,Basketball,07:30
M00161,2026-04-11,Swimming Pool,17:00
M00051,2026-01-09,Badminton,18:15
M00510,2026-04-29,Basketball,16:45
M00137,2026-07-28,Badminton,19:30
M00581,2026-08-11,Swimming Pool,06:15
M00257,2026-04-17,Gym,21:30
M00152,2026-01-11,Swimming Pool,13:45
M00285,2026-08-21,Swimming Pool,11:45
M00040,2026-07-17,Gym,17:30
M00382,2026-03-28,Gym,09:45
M00514,2026-02-21,Swimming Pool,10:30
M00518,2026-03-12,Football,18:15
M00446,2026-07-17,Gym,20:30
M00552,2026-07-13,Basketball,07:30
M00341,2026-01-05,Basketball,08:45
M00428,2026-08-26,Basketball,13:30
M00229,2026-04-26,Badminton,15:00
M00235,2026-06-21,Football,14:45
M00272,2026-01-02,Football,13:00
M00228,2026-07-30,Basketball,13:45
M00003,2026-04-21,Gym,08:30
M00549,2026-07-28,Football,19:00
M00514,2026-08-11,Badminton,07:45
M00595,2026-02-24,Football,15:00
M00241,2026-08-25,Basketball,16:15
M00559,2026-06-17,Swimming Pool,06:45
M00082,2026-03-26,Swimming Pool,21:00
M00102,2026-02-03,Badminton,11:30
M00264,2026-04-17,Swimming Pool,19:15
M00168,2026-04-03,Gym,15:30
M00556,2026-06-27,Football,08:00
M00160,2026-08-12,Gym,06:15
M00068,2026-07-19,Badminton,11:00
M00463,2026-03-28,Gym,20:00
M00493,2026-06-21,Football,14:00
M00365,2026-07-21,Gym,17:15
M00398,2026-07-26,Swimming Pool,14:00
M00089,2026-01-17,Swimming Pool,10:30
M00165,2026-05-14,Football,12:45
M00360,2026-01-08,Badminton,18:45
M00107,2026-07-26,Football,18:15
M00172,2026-02-18,Football,21:00
M00233,2026-08-02,Basketball,20:45
M00330,2026-06-14,Badminton,12:00
M00038,2026-04-26,Swimming Pool,06:30
M00018,2026-06-20,Badminton,16:45
M00008,2026-03-22,Basketball,08:15
M00099,2026-06-02,Football,09:15
M00485,2026-05-07,Football,16:00
M00034,2026-07-21,Badminton,13:30
M00550,2026-07-30,Basketball,15:00
M00110,2026-01-15,Badminton,10:30
M00389,2026-02-09,Badminton,16:45
M00077,2026-05-16,Badminton,08:45
M00316,2026-07-09,Badminton,19:00
M00027,2026-03-14,Badminton,11:00
M00141,2026-08-27,Football,09:30
M00117,2026-01-25,Badminton,16:30
M00127,2026-02-16,Football,12:00
M00238,2026-01-13,Badminton,15:00
M00563,2026-08-28,Football,15:30
M00103,2026-08-18,Basketball,07:30
M00431,2026-01-24,Badminton,14:00
M00141,2026-01-18,Gym,06:00
M00489,2026-01-11,Basketball,17:45
M00555,2026-01-28,Badminton,11:15
M00084,2026-03-27,Swimming Pool,11:00
M00018,2026-05-01,Swimming Pool,10:15
M00522,2026-03-03,Basketball,06:30
M00591,2026-07-23,Swimming Pool,21:15
M00061,2026-04-21,Swimming Pool,18:15
M00541,2026-03-16,Badminton,10:45
M00422,2026-08-22,Football,15:30
M00256,2026-06-07,Gym,19:30
M00510,2026-01-01,Gym,18:15
M00260,2026-06-26,Swimming Pool,11:00
M00255,2026-02-03,Gym,13:15
M00048,2026-07-07,Gym,18:15
M00224,2026-03-12,Gym,06:15
M00114,2026-08-01,Gym,19:00
M00350,2026-02-22,Basketball,10:15
M00127,2026-08-11,Badminton,16:45
M00388,2026-06-18,Football,14:45
M00207,2026-08-08,Swimming Pool,12:45
M00362,2026-02-18,Swimming Pool,21:45
M00281,2026-04-22,Gym,14:00
M00444,2026-04-29,Swimming Pool,07:00
M00470,2026-05-15,Badminton,12:45
M00114,2026-08-14,Badminton,10:30
M00287,2026-02-15,Basketball,06:45
M00543,2026-01-17,Football,20:30
M00311,2026-06-14,Swimming Pool,20:15
M00283,2026-08-03,Basketball,18:30
M00165,2026-05-03,Swimming Pool,20:15
M00018,2026-07-19,Swimming Pool,21:45
M00225,2026-08-31,Football,10:00
M00275,2026-07-04,Badminton,14:00
M00279,2026-08-09,Football,15:45
M00021,2026-01-17,Football,09:15
M00290,2026-03-06,Swimming Pool,11:45
M00542,2026-01-01,Swimming Pool,06:30
M00568,2026-04-18,Football,16:00
M00493,2026-02-19,Swimming Pool,09:30
M00436,2026-03-06,Badminton,12:45
M00579,2026-05-25,Badminton,09:45
M00484,2026-06-09,Swimming Pool,13:30
M00047,2026-08-08,Badminton,17:45
M00247,2026-05-17,Badminton,21:15
M00442,2026-05-24,Gym,08:00
M00579,2026-08-18,Swimming Pool,13:45
M00045,2026-02-22,Basketball,19:00
M00106,2026-06-24,Football,20:15
M00227,2026-07-08,Swimming Pool,12:30
M00100,2026-01-10,Badminton,06:45
M00124,2026-03-13,Football,20:15
M00096,2026-03-29,Swimming Pool,09:00
M00257,2026-07-22,Football,13:00
M00488,2026-06-26,Badminton,11:00
M00502,2026-07-29,Swimming Pool,19:30
M00103,2026-01-23,Football,13:30
M00001,2026-04-20,Badminton,17:45
M00570,2026-06-28,Swimming Pool,06:00
M00586,2026-01-06,Badminton,12:15
M00161,2026-03-01,Gym,11:15
M00215,2026-02-20,Swimming Pool,15:45
M00063,2026-06-19,Basketball,13:15
M00033,2026-01-31,Swimming Pool,17:30
M00443,2026-02-09,Gym,11:45
M00388,2026-01-02,Swimming Pool,17:00
M00546,2026-02-14,Basketball,09:00
M00162,2026-02-24,Gym,10:45
M00112,2026-04-22,Swimming Pool,11:30
M00533,2026-07-02,Football,16:45
M00162,2026-08-01,Football,12:45
M00436,2026-02-14,Football,20:30
M00324,2026-03-08,Football,12:00
M00201,2026-04-14,Badminton,18:45
M00094,2026-08-12,Football,09:15
M00056,2026-02-28,Football,09:45
M00405,2026-08-21,Football,10:00
M00531,2026-02-16,Football,13:15
M00247,2026-08-21,Gym,08:15
M00552,2026-05-22,Gym,16:00
M00266,2026-03-08,Badminton,10:15
M00046,2026-04-20,Basketball,12:15
M00226,2026-06-28,Gym,10:45
M00074,2026-04-19,Football,08:30
M00472,2026-02-12,Badminton,16:00
M00034,2026-07-15,Gym,06:00
M00032,2026-01-22,Badminton,11:00
M00085,2026-06-26,Swimming Pool,21:00
M00450,2026-07-20,Football,17:00
M00027,2026-07-04,Swimming Pool,17:30
M00389,2026-06-22,Gym,15:30
M00268,2026-02-10,Gym,10:45
M00295,2026-05-06,Football,08:15
M00180,2026-07-31,Badminton,07:30
M00389,2026-05-01,Gym,19:45
M00027,2026-01-12,Football,07:00
M00268,2026-08-15,Swimming Pool,18:30
M00350,2026-01-23,Badminton,14:15
M00415,2026-04-07,Football,09:15
M00423,2026-02-08,Badminton,13:30
M00379,2026-06-19,Gym,17:30
M00175,2026-07-20,Football,18:00
M00566,2026-07-02,Gym,21:00
M00417,2026-02-23,Swimming Pool,19:45
M00364,2026-07-21,Gym,11:15
M00067,2026-01-16,Badminton,07:00
M00402,2026-03-06,Football,09:00
M00268,2026-06-10,Badminton,11:45
M00511,2026-08-14,Swimming Pool,12:45
M00193,2026-05-16,Gym,18:30
M00249,2026-02-09,Gym,10:45
M00303,2026-07-05,Swimming Pool,15:45
M00305,2026-02-10,Gym,13:45
M00134,2026-04-05,Football,19:15
M00107,2026-03-21,Badminton,08:45
M00042,2026-07-30,Basketball,15:45
M00161,2026-04-01,Badminton,15:00
M00192,2026-04-14,Swimming Pool,17:30
M00557,2026-06-24,Swimming Pool,15:15
M00024,2026-06-21,Gym,21:45
M00316,2026-04-16,Badminton,15:00
M00232,2026-07-07,Gym,17:15
M00570,2026-06-28,Football,11:30
M00340,2026-07-05,Swimming Pool,20:00
M00349,2026-01-10,Badminton,07:30
M00245,2026-02-22,Swimming Pool,12:30
M00199,2026-08-01,Football,14:30
M00126,2026-04-12,Swimming Pool,10:00
M00093,2026-01-25,Football,20:45
M00127,2026-05-20,Gym,12:15
M00094,2026-06-11,Swimming Pool,21:15
M00138,2026-04-14,Badminton,13:00
M00417,2026-08-07,Gym,08:00
M00518,2026-05-08,Badminton,18:00
M00473,2026-05-09,Basketball,06:00
M00190,2026-02-23,Gym,06:00
M00343,2026-07-19,Basketball,09:15
M00537,2026-08-25,Gym,13:45
M00342,2026-05-01,Basketball,14:30
M00123,2026-07-05,Basketball,06:15
M00402,2026-04-05,Football,17:15
M00060,2026-01-20,Badminton,08:00
M00539,2026-06-13,Football,15:00
M00553,2026-03-16,Swimming Pool,13:45
M00543,2026-05-03,Badminton,06:15
M00418,2026-02-19,Swimming Pool,11:15
M00518,2026-02-07,Gym,13:45
M00282,2026-03-27,Badminton,19:00
M00095,2026-03-07,Gym,15:15
M00533,2026-05-18,Basketball,07:30
M00022,2026-07-19,Badminton,13:45
M00405,2026-04-20,Basketball,07:00
M00120,2026-07-11,Swimming Pool,19:00
M00044,2026-08-30,Swimming Pool,07:15
M00370,2026-04-10,Basketball,08:00
M00396,2026-02-09,Basketball,08:30
M00218,2026-01-26,Swimming Pool,12:30
M00349,2026-04-02,Gym,19:15
M00447,2026-05-27,Gym,21:45
M00435,2026-07-15,Football,10:15
M00538,2026-08-01,Badminton,15:00
M00119,2026-03-03,Badminton,06:45
M00199,2026-03-29,Badminton,13:45
M00564,2026-07-08,Football,10:45
M00048,2026-02-24,Swimming Pool,17:00
M00055,2026-01-27,Badminton,20:00
M00049,2026-05-10,Badminton,08:30
M00293,2026-05-27,Swimming Pool,06:45
M00262,2026-05-30,Swimming Pool,18:45
M00587,2026-07-26,Basketball,15:45
M00092,2026-08-16,Football,15:15
M00549,2026-07-20,Badminton,18:15
M00151,2026-03-26,Football,09:30
M00022,2026-07-17,Football,15:15
M00180,2026-08-16,Swimming Pool,09:15
M00229,2026-03-17,Swimming Pool,19:45
M00578,2026-05-24,Gym,19:00
M00572,2026-05-02,Swimming Pool,18:00
M00469,2026-07-15,Basketball,06:45
M00179,2026-07-11,Swimming Pool,15:15
M00533,2026-06-05,Swimming Pool,16:30
M00250,2026-08-19,Football,10:00
M00292,2026-07-31,Gym,17:45
M00121,2026-02-06,Football,19:30
M00031,2026-05-21,Swimming Pool,18:30
M00558,2026-06-23,Swimming Pool,19:30
M00096,2026-07-20,Football,18:45
M00353,2026-04-15,Gym,12:00
M00576,2026-05-04,Basketball,09:15
M00195,2026-07-26,Football,16:30
M00124,2026-03-06,Swimming Pool,14:45
M00555,2026-02-08,Swimming Pool,15:30
M00042,2026-08-07,Gym,11:45
M00230,2026-01-01,Gym,19:45
M00399,2026-01-17,Gym,09:45
M00516,2026-02-21,Gym,08:15
M00343,2026-07-30,Gym,07:00
M00385,2026-05-16,Gym,14:00
M00301,2026-06-11,Football,08:30
M00056,2026-04-27,Basketball,11:15
M00597,2026-04-24,Basketball,10:00
M00378,2026-02-26,Badminton,14:00
M00508,2026-04-23,Basketball,15:45
M00167,2026-01-15,Basketball,10:45
M00422,2026-06-21,Swimming Pool,10:30
M00020,2026-05-23,Gym,21:45
M00394,2026-08-25,Gym,11:00
M00270,2026-01-06,Basketball,14:00
M00200,2026-02-20,Swimming Pool,20:15
M00092,2026-08-28,Swimming Pool,16:30
M00176,2026-02-21,Badminton,18:00
M00479,2026-05-20,Gym,20:00
M00210,2026-08-06,Swimming Pool,09:00
M00168,2026-01-01,Basketball,09:15
M00433,2026-03-02,Football,16:15
M00479,2026-05-07,Football,17:45
M00125,2026-02-18,Swimming Pool,20:00
M00559,2026-03-17,Badminton,14:00
M00173,2026-08-10,Football,16:00
M00145,2026-08-10,Basketball,15:00
M00097,2026-04-21,Badminton,15:00
M00243,2026-04-26,Swimming Pool,14:00
M00408,2026-05-01,Football,09:15
M00475,2026-07-09,Basketball,11:15
M00077,2026-01-04,Swimming Pool,08:45
M00550,2026-07-31,Swimming Pool,09:15
M00268,2026-05-13,Basketball,11:30
M00504,2026-07-20,Football,20:15
M00437,2026-08-10,Swimming Pool,13:00
M00528,2026-02-15,Football,16:45
M00030,2026-03-28,Swimming Pool,20:00
M00505,2026-07-21,Football,19:45
M00122,2026-04-27,Basketball,07:45
M00509,2026-03-02,Basketball,10:00
M00374,2026-07-15,Gym,18:15
M00087,2026-06-18,Swimming Pool,11:15
M00358,2026-03-25,Swimming Pool,08:45
M00375,2026-01-04,Badminton,20:00
M00272,2026-04-14,Football,10:00
M00536,2026-06-16,Swimming Pool,08:15
M00336,2026-05-26,Basketball,20:00
M00571,2026-06-01,Football,14:15
M00441,2026-06-09,Football,15:00
M00163,2026-02-02,Gym,16:00
M00236,2026-06-19,Football,19:30
M00520,2026-03-16,Swimming Pool,15:30
M00525,2026-05-22,Gym,08:30
M00356,2026-04-26,Football,20:00
M00452,2026-01-24,Badminton,11:15
M00558,2026-04-13,Basketball,18:45
M00201,2026-05-19,Swimming Pool,06:45
M00282,2026-04-08,Gym,08:45
M00507,2026-06-06,Football,21:45
M00555,2026-02-08,Football,19:45
M00158,2026-08-03,Swimming Pool,16:15
M00506,2026-07-11,Gym,16:00
M00409,2026-06-14,Swimming Pool,13:30
M00054,2026-06-28,Badminton,06:30
M00400,2026-04-08,Football,16:45
M00583,2026-01-10,Gym,09:15
M00287,2026-08-19,Football,11:30
M00384,2026-03-10,Badminton,11:45
M00472,2026-06-01,Basketball,12:15
M00362,2026-07-31,Football,15:15
M00253,2026-06-12,Swimming Pool,14:45
M00228,2026-08-10,Swimming Pool,09:30
M00415,2026-02-12,Badminton,08:30
M00192,2026-05-17,Badminton,21:15
M00352,2026-04-10,Swimming Pool,11:45
M00227,2026-08-11,Swimming Pool,16:30
M00105,2026-02-27,Football,09:45
M00379,2026-04-04,Gym,21:30
M00396,2026-08-06,Football,16:00
M00329,2026-07-13,Basketball,15:30
M00230,2026-01-02,Swimming Pool,15:00
M00525,2026-07-31,Football,08:00
M00493,2026-06-03,Basketball,11:00
M00204,2026-05-14,Badminton,13:30
M00039,2026-01-23,Badminton,12:45
M00315,2026-01-23,Badminton,15:45
M00111,2026-03-25,Badminton,12:00
M00222,2026-07-06,Swimming Pool,17:15
M00430,2026-05-02,Football,09:15
M00437,2026-04-25,Badminton,07:00
M00273,2026-08-05,Swimming Pool,09:30
M00090,2026-01-10,Badminton,11:45
M00393,2026-06-07,Football,09:45
M00575,2026-01-16,Football,10:45
M00007,2026-03-11,Badminton,10:15
M00527,2026-05-15,Football,17:45
M00167,2026-08-16,Swimming Pool,16:45
M00427,2026-01-15,Badminton,19:45
M00552,2026-04-24,Badminton,15:15
M00142,2026-05-07,Badminton,16:30
M00555,2026-06-11,Badminton,19:30
M00325,2026-07-21,Football,15:15
M00515,2026-02-02,Badminton,09:00
M00439,2026-03-27,Gym,10:00
M00041,2026-01-11,Swimming Pool,15:30
M00236,2026-05-31,Swimming Pool,08:15
M00135,2026-06-14,Gym,16:30
M00071,2026-02-23,Gym,16:30
M00493,2026-01-09,Football,12:45
M00569,2026-07-08,Swimming Pool,09:30
M00311,2026-03-14,Football,18:45
M00503,2026-02-06,Basketball,13:45
M00460,2026-08-19,Basketball,15:45
M00154,2026-07-11,Gym,10:30
M00528,2026-07-09,Swimming Pool,17:30
M00215,2026-01-18,Football,12:15
M00557,2026-07-26,Gym,10:15
M00065,2026-02-02,Swimming Pool,10:00
M00313,2026-06-09,Gym,07:45
M00009,2026-08-15,Gym,13:45
M00269,2026-05-06,Swimming Pool,12:45
M00354,2026-01-07,Football,11:45
M00414,2026-05-13,Gym,20:15
M00186,2026-08-19,Badminton,21:45
M00329,2026-03-08,Badminton,14:45
M00139,2026-04-08,Swimming Pool,07:30
M00146,2026-06-08,Gym,20:45
M00568,2026-03-03,Gym,18:00
M00563,2026-08-11,Swimming Pool,20:00
M00481,2026-02-14,Gym,20:15
M00204,2026-04-24,Swimming Pool,11:00
M00334,2026-02-16,Swimming Pool,10:15
M00422,2026-08-14,Swimming Pool,09:45
M00335,2026-06-18,Football,08:30
M00242,2026-05-22,Football,10:15
M00171,2026-03-25,Badminton,13:15
M00328,2026-05-23,Badminton,14:45
M00126,2026-05-06,Basketball,21:15
M00166,2026-07-26,Basketball,15:15
M00021,2026-05-27,Badminton,14:30
M00592,2026-07-27,Basketball,09:15
M00458,2026-06-04,Football,20:00
M00192,2026-05-27,Swimming Pool,20:00
M00166,2026-01-15,Badminton,13:45
M00540,2026-08-22,Basketball,09:15
M00503,2026-07-01,Badminton,10:15
M00134,2026-02-08,Gym,09:15
M00374,2026-04-12,Gym,12:15
M00039,2026-08-15,Gym,14:45
M00477,2026-05-13,Football,20:30
M00216,2026-06-27,Badminton,17:15
M00243,2026-06-13,Football,18:00
M00042,2026-02-21,Gym,14:30
M00242,2026-08-25,Basketball,08:30
M00113,2026-04-28,Gym,17:15
M00216,2026-08-12,Football,08:00
M00153,2026-06-14,Football,11:30
M00025,2026-01-24,Badminton,12:45
M00284,2026-06-17,Football,12:00
M00202,2026-08-22,Gym,19:45
M00085,2026-02-23,Football,21:00
M00118,2026-02-07,Basketball,07:15
M00156,2026-01-30,Swimming Pool,11:00
M00472,2026-04-15,Basketball,10:00
M00118,2026-06-05,Gym,09:00
M00392,2026-04-14,Gym,10:15
M00043,2026-01-31,Football,07:45
M00140,2026-07-05,Badminton,20:15
M00203,2026-08-25,Football,12:00
M00301,2026-05-27,Swimming Pool,19:45
M00346,2026-02-23,Football,06:15
M00467,2026-06-16,Badminton,09:15
M00289,2026-02-15,Gym,08:30
M00024,2026-07-22,Football,18:15
M00346,2026-08-09,Gym,16:15
M00154,2026-06-02,Badminton,18:15
M00018,2026-08-04,Football,12:30
M00359,2026-07-04,Basketball,08:00
M00220,2026-07-03,Football,17:15
M00598,2026-05-08,Gym,09:15
M00465,2026-01-31,Swimming Pool,14:15
M00435,2026-08-28,Badminton,16:30
M00397,2026-03-20,Swimming Pool,12:00
M00266,2026-08-30,Gym,10:00
M00145,2026-05-04,Gym,19:00
M00371,2026-06-07,Swimming Pool,21:15
M00571,2026-05-07,Badminton,07:15
M00063,2026-04-24,Gym,19:45
M00023,2026-04-16,Swimming Pool,10:15
M00289,2026-05-16,Gym,16:30
M00268,2026-08-10,Swimming Pool,06:15
M00293,2026-01-09,Swimming Pool,07:00
M00018,2026-06-07,Badminton,18:45
M00578,2026-08-23,Basketball,17:45
M00316,2026-06-09,Gym,17:45
M00357,2026-04-06,Badminton,19:15
M00253,2026-03-06,Basketball,09:15
M00258,2026-04-29,Basketball,06:00
M00046,2026-05-23,Gym,09:00
M00040,2026-02-23,Gym,19:15
M00103,2026-04-26,Basketball,14:00
M00501,2026-02-11,Basketball,07:00
M00530,2026-01-25,Badminton,20:00
M00152,2026-06-01,Gym,09:30
M00063,2026-04-29,Gym,12:00
M00419,2026-04-26,Gym,13:00
M00474,2026-07-02,Swimming Pool,16:00
M00049,2026-07-28,Badminton,17:30
M00504,2026-03-18,Swimming Pool,18:15
M00117,2026-06-30,Swimming Pool,06:00
M00579,2026-04-22,Swimming Pool,17:30
M00458,2026-04-20,Basketball,14:45
M00031,2026-02-22,Gym,06:30
M00204,2026-06-21,Swimming Pool,18:15
M00451,2026-08-25,Badminton,19:45
M00448,2026-07-30,Swimming Pool,08:30
M00600,2026-01-17,Football,13:15
M00487,2026-01-05,Gym,07:30
M00413,2026-04-17,Basketball,09:30
M00339,2026-06-10,Football,06:00
M00120,2026-01-13,Basketball,21:45
M00128,2026-08-22,Badminton,07:00
M00269,2026-05-30,Swimming Pool,08:30
M00588,2026-01-01,Badminton,13:00
M00325,2026-07-20,Swimming Pool,07:30
M00514,2026-01-10,Football,15:45
M00405,2026-07-20,Football,21:15
M00067,2026-02-20,Basketball,20:00
M00425,2026-04-08,Football,15:00
M00421,2026-08-21,Basketball,09:15
M00222,2026-05-05,Badminton,07:45
M00492,2026-05-27,Badminton,13:15
M00179,2026-07-15,Badminton,19:15
M00216,2026-07-08,Football,15:00
M00457,2026-07-26,Gym,08:30
M00170,2026-08-15,Basketball,10:00
M00220,2026-04-30,Gym,20:15
M00109,2026-01-23,Basketball,07:15
M00029,2026-06-11,Badminton,09:00
M00241,2026-04-05,Football,20:15
M00115,2026-01-22,Basketball,06:30
M00521,2026-01-08,Gym,18:30
M00312,2026-05-17,Swimming Pool,11:00
M00463,2026-08-31,Badminton,13:45
M00520,2026-04-06,Basketball,06:15
M00064,2026-07-27,Gym,14:00
M00429,2026-05-02,Badminton,21:00
M00185,2026-08-04,Swimming Pool,18:00
M00307,2026-06-02,Basketball,08:00
M00162,2026-05-11,Basketball,14:15
M00434,2026-05-24,Football,10:45
M00402,2026-05-29,Basketball,07:30
M00045,2026-05-31,Badminton,13:00
M00265,2026-08-20,Gym,19:00
M00364,2026-04-20,Gym,21:15
M00182,2026-05-05,Badminton,13:30
M00387,2026-04-01,Gym,20:45
M00187,2026-03-16,Gym,19:30
M00386,2026-04-09,Football,13:30
M00440,2026-01-07,Badminton,20:30
M00156,2026-01-17,Basketball,06:15
M00575,2026-03-28,Gym,18:15
M00164,2026-08-27,Badminton,13:45
M00282,2026-05-19,Football,10:00
M00515,2026-05-27,Swimming Pool,14:45
M00546,2026-06-28,Football,13:00
M00447,2026-02-05,Badminton,18:45
M00155,2026-07-12,Football,20:00
M00436,2026-01-06,Football,08:00
M00308,2026-01-19,Swimming Pool,09:15
M00367,2026-06-19,Football,11:15
M00418,2026-01-28,Swimming Pool,12:45
M00418,2026-08-17,Gym,16:15
M00255,2026-01-12,Badminton,16:00
M00411,2026-03-27,Gym,11:30
M00286,2026-07-12,Badminton,21:15
M00269,2026-02-01,Football,09:45
M00326,2026-06-16,Gym,12:30
M00281,2026-01-08,Football,19:45
M00065,2026-05-01,Basketball,08:15
M00265,2026-06-02,Football,07:00
M00411,2026-04-29,Football,10:00
M00279,2026-01-21,Basketball,14:45
M00530,2026-08-06,Gym,13:30
M00190,2026-08-24,Basketball,18:30
M00560,2026-04-19,Football,13:45
M00563,2026-04-23,Badminton,18:30
M00093,2026-03-25,Badminton,14:30
M00051,2026-01-29,Gym,10:15
M00060,2026-08-05,Basketball,17:15
M00391,2026-08-16,Gym,17:00
M00073,2026-05-02,Gym,19:00
M00233,2026-08-02,Football,18:15
M00432,2026-03-22,Swimming Pool,19:15
M00103,2026-05-12,Football,14:30
M00382,2026-06-03,Gym,18:45
M00008,2026-01-13,Gym,15:15
M00306,2026-05-16,Football,14:15
M00049,2026-03-17,Basketball,18:30
M00571,2026-06-07,Basketball,19:45
M00421,2026-01-13,Badminton,19:30
M00166,2026-01-04,Badminton,16:45
M00373,2026-05-06,Basketball,16:00
M00585,2026-04-26,Badminton,16:15
M00197,2026-07-20,Football,06:45
M00134,2026-03-04,Badminton,14:45
M00391,2026-07-20,Swimming Pool,11:45
M00345,2026-06-29,Badminton,07:00
M00407,2026-06-11,Badminton,17:15
M00055,2026-01-03,Basketball,11:15
M00122,2026-02-14,Swimming Pool,15:15
M00463,2026-04-20,Basketball,21:30
M00411,2026-02-04,Badminton,08:45
M00029,2026-01-27,Gym,11:30
M00103,2026-01-24,Badminton,14:45
M00062,2026-01-02,Football,06:00
M00486,2026-05-31,Football,18:45
M00507,2026-05-24,Swimming Pool,12:00
M00178,2026-05-28,Football,17:45
M00014,2026-08-27,Badminton,20:15
M00419,2026-07-22,Badminton,11:45
M00078,2026-02-07,Gym,11:00
M00209,2026-05-16,Badminton,13:45
M00351,2026-02-28,Basketball,17:45
M00546,2026-01-13,Basketball,17:15
M00378,2026-03-09,Football,11:30
M00131,2026-02-01,Football,13:30
M00260,2026-04-03,Badminton,07:00
M00440,2026-03-07,Badminton,17:30
M00479,2026-03-28,Swimming Pool,12:00
M00115,2026-02-05,Swimming Pool,10:45
M00293,2026-07-17,Football,21:00
M00462,2026-04-23,Basketball,12:15
M00301,2026-06-15,Swimming Pool,21:15
M00032,2026-02-19,Football,18:15
M00075,2026-08-18,Basketball,17:00
M00556,2026-01-16,Gym,18:15
M00043,2026-03-07,Badminton,12:00
M00396,2026-06-05,Swimming Pool,16:15
M00274,2026-06-09,Swimming Pool,16:15
M00313,2026-01-04,Gym,09:00
M00406,2026-04-23,Basketball,15:00
M00436,2026-03-30,Swimming Pool,14:30
M00261,2026-08-23,Badminton,14:30
M00438,2026-01-14,Football,12:30
M00068,2026-05-02,Football,12:45
M00566,2026-01-28,Gym,16:15
M00127,2026-02-07,Football,20:30
M00552,2026-07-08,Basketball,19:15
M00063,2026-03-20,Badminton,21:15
M00491,2026-01-27,Badminton,20:15
M00260,2026-04-07,Swimming Pool,07:00
M00554,2026-07-11,Basketball,14:15
M00275,2026-02-03,Swimming Pool,13:45
M00167,2026-05-14,Swimming Pool,13:00
M00155,2026-01-29,Football,21:00
M00402,2026-08-24,Swimming Pool,12:15
M00530,2026-08-10,Football,07:15
M00172,2026-02-07,Gym,07:00
M00016,2026-02-17,Swimming Pool,11:00
M00017,2026-01-17,Football,18:45
M00445,2026-04-08,Gym,07:00
M00521,2026-08-04,Football,21:45
M00125,2026-01-03,Football,08:30
M00194,2026-04-06,Basketball,08:30
M00064,2026-08-23,Swimming Pool,15:30
M00250,2026-06-14,Gym,07:45
M00283,2026-04-18,Football,10:15
M00323,2026-03-21,Basketball,16:00
M00036,2026-01-01,Swimming Pool,06:45
M00414,2026-08-23,Swimming Pool,06:30
M00286,2026-08-30,Badminton,18:45
M00077,2026-03-26,Gym,07:45
M00444,2026-08-18,Basketball,19:30
M00095,2026-01-19,Gym,18:30
M00307,2026-08-11,Gym,08:15
M00289,2026-01-01,Basketball,16:00
M00409,2026-06-07,Football,14:45
M00043,2026-05-14,Football,06:30
M00576,2026-07-14,Swimming Pool,19:45
M00562,2026-02-21,Badminton,10:45
M00548,2026-07-05,Football,18:15
M00398,2026-06-05,Basketball,06:15
M00553,2026-04-21,Football,09:45
M00542,2026-06-24,Basketball,08:30
M00032,2026-04-05,Football,19:15
M00372,2026-04-27,Gym,20:45
M00024,2026-06-27,Football,13:15
M00023,2026-08-30,Gym,10:45
M00368,2026-04-27,Football,11:45
M00016,2026-03-19,Gym,06:30
M00143,2026-08-29,Gym,20:30
M00344,2026-05-11,Badminton,09:45
M00499,2026-04-27,Badminton,08:15
M00500,2026-03-17,Basketball,11:00
M00099,2026-05-19,Football,10:30
M00095,2026-06-05,Football,18:15
M00447,2026-03-10,Swimming Pool,11:15
M00489,2026-03-27,Football,08:45
M00055,2026-07-27,Badminton,17:30
M00136,2026-01-27,Football,17:30
M00382,2026-05-05,Gym,16:45
M00518,2026-02-02,Gym,10:15
M00376,2026-05-08,Gym,06:00
M00065,2026-06-11,Basketball,13:30
M00420,2026-03-12,Gym,20:15
M00217,2026-07-31,Swimming Pool,14:45
M00182,2026-05-09,Swimming Pool,16:30
M00006,2026-01-15,Gym,21:15
M00165,2026-06-26,Badminton,20:15
M00093,2026-02-04,Basketball,08:45
M00556,2026-08-25,Badminton,06:45
M00068,2026-01-16,Badminton,07:00
M00119,2026-05-28,Badminton,06:15
M00475,2026-08-15,Gym,08:30
M00191,2026-04-20,Gym,07:30
M00233,2026-08-31,Basketball,07:15
M00205,2026-01-12,Gym,20:00
M00441,2026-06-01,Badminton,06:00
M00496,2026-03-07,Gym,15:30
M00301,2026-02-28,Swimming Pool,20:45
M00569,2026-05-27,Swimming Pool,19:30
M00135,2026-06-02,Badminton,14:45
M00119,2026-04-16,Gym,10:45
M00208,2026-07-26,Badminton,08:15
M00073,2026-01-10,Badminton,16:00
M00158,2026-04-01,Football,18:15
M00188,2026-01-18,Basketball,15:15
M00369,2026-04-23,Badminton,13:30
M00156,2026-04-18,Football,07:45
M00280,2026-05-20,Basketball,07:45
M00459,2026-02-19,Football,13:30
M00307,2026-08-27,Football,12:30
M00182,2026-03-23,Swimming Pool,18:30
M00416,2026-08-23,Swimming Pool,07:30
M00343,2026-01-14,Basketball,20:30
M00052,2026-04-11,Badminton,20:30
M00361,2026-01-21,Badminton,18:15
M00211,2026-05-25,Swimming Pool,06:00
M00554,2026-08-28,Badminton,16:00
M00044,2026-05-07,Badminton,06:00
M00240,2026-01-26,Gym,09:45
M00520,2026-08-29,Basketball,09:00
M00146,2026-03-26,Badminton,20:45
M00056,2026-06-25,Swimming Pool,11:00
M00416,2026-07-03,Football,17:15
M00323,2026-07-29,Badminton,08:15
M00001,2026-08-17,Gym,10:15
M00449,2026-08-19,Badminton,17:00
M00011,2026-02-10,Basketball,07:00
M00328,2026-01-29,Badminton,12:15
M00356,2026-07-24,Football,14:45
M00348,2026-01-09,Basketball,15:00
M00505,2026-01-26,Basketball,12:15
M00475,2026-06-02,Football,07:30
M00375,2026-06-14,Gym,13:00
M00050,2026-01-03,Basketball,15:15
M00312,2026-07-17,Gym,12:00
M00004,2026-03-13,Badminton,10:00
M00220,2026-04-20,Gym,15:00
M00074,2026-05-19,Badminton,09:15
M00345,2026-08-14,Football,11:30
M00355,2026-07-14,Swimming Pool,17:30
M00151,2026-01-12,Badminton,18:00
M00035,2026-01-16,Basketball,21:00
M00020,2026-04-12,Football,19:00
M00076,2026-05-20,Basketball,20:45
M00270,2026-01-12,Swimming Pool,21:30
M00129,2026-07-03,Swimming Pool,12:30
M00315,2026-05-29,Badminton,13:00
M00003,2026-04-11,Basketball,20:45
M00161,2026-03-27,Badminton,06:15
M00165,2026-06-12,Badminton,06:00
M00506,2026-02-24,Basketball,16:30
M00134,2026-08-19,Basketball,11:30
M00109,2026-04-28,Football,14:15
M00597,2026-01-16,Swimming Pool,10:15
M00227,2026-03-20,Badminton,09:00
M00016,2026-07-08,Gym,07:45
M00048,2026-04-02,Swimming Pool,06:45
M00523,2026-03-06,Swimming Pool,06:15
M00120,2026-01-23,Basketball,18:45
M00226,2026-07-23,Swimming Pool,06:30
M00343,2026-08-25,Basketball,16:45
M00332,2026-08-08,Football,11:00
M00176,2026-06-01,Football,19:30
M00172,2026-04-12,Gym,13:15
M00430,2026-06-21,Swimming Pool,06:15
M00469,2026-04-05,Badminton,11:00
M00262,2026-04-29,Basketball,06:15
M00002,2026-08-21,Basketball,09:00
M00353,2026-08-04,Swimming Pool,13:00
M00186,2026-02-18,Basketball,11:00
M00176,2026-01-18,Badminton,09:45
M00005,2026-06-25,Badminton,09:45
M00109,2026-07-17,Gym,19:15
M00549,2026-04-06,Badminton,08:30
M00583,2026-07-11,Basketball,21:15
M00097,2026-04-08,Football,07:00
M00348,2026-08-23,Swimming Pool,21:15
M00069,2026-05-21,Basketball,10:45
M00177,2026-07-25,Football,14:30
M00319,2026-08-10,Gym,09:15
M00173,2026-07-04,Basketball,11:00
M00056,2026-02-15,Football,12:30
M00550,2026-02-02,Swimming Pool,10:15
M00061,2026-03-06,Gym,14:30
M00499,2026-03-13,Swimming Pool,10:00
M00068,2026-04-18,Badminton,12:00
M00130,2026-07-08,Gym,10:00
M00213,2026-01-13,Badminton,10:15
M00135,2026-02-03,Basketball,21:30
M00131,2026-06-28,Gym,13:30
M00199,2026-01-11,Swimming Pool,08:45
M00344,2026-08-15,Gym,19:30
M00406,2026-02-20,Gym,07:30
M00237,2026-08-28,Basketball,20:45
M00365,2026-04-12,Football,09:15
M00136,2026-07-16,Gym,06:15
M00092,2026-04-17,Gym,21:30
M00388,2026-08-10,Football,07:15
M00597,2026-07-11,Football,12:00
M00030,2026-03-09,Swimming Pool,14:00
M00397,2026-04-11,Swimming Pool,10:00
M00208,2026-08-29,Gym,19:45
M00015,2026-05-09,Gym,17:45
M00571,2026-08-15,Badminton,19:45
M00472,2026-07-12,Gym,18:15
M00404,2026-08-27,Swimming Pool,08:45
M00371,2026-04-03,Gym,15:30
M00261,2026-03-18,Gym,20:45
M00401,2026-02-20,Badminton,12:15
M00582,2026-04-17,Badminton,06:30
M00386,2026-02-12,Basketball,12:15
M00173,2026-04-09,Swimming Pool,19:00
M00091,2026-03-17,Swimming Pool,14:15
M00421,2026-06-20,Swimming Pool,16:30
M00273,2026-06-22,Swimming Pool,09:00
M00547,2026-07-08,Basketball,09:45
M00152,2026-06-13,Swimming Pool,15:00
M00585,2026-06-24,Basketball,14:15
M00206,2026-05-24,Badminton,13:15
M00289,2026-08-31,Basketball,11:30
M00059,2026-04-04,Football,13:15
M00252,2026-03-08,Swimming Pool,07:15
M00080,2026-01-21,Badminton,21:45
M00029,2026-04-06,Badminton,17:45
M00400,2026-08-23,Football,14:45
M00339,2026-07-23,Basketball,18:30
M00344,2026-08-31,Swimming Pool,17:15
M00448,2026-04-05,Football,21:30
M00403,2026-04-09,Football,18:00
M00442,2026-02-23,Badminton,10:00
M00182,2026-03-29,Badminton,17:00
M00549,2026-06-28,Gym,16:30
M00521,2026-01-23,Badminton,11:45
M00147,2026-03-24,Badminton,18:45
M00310,2026-08-05,Basketball,11:00
M00246,2026-01-04,Basketball,14:15
M00246,2026-04-05,Football,09:30
M00186,2026-04-09,Gym,15:00
M00272,2026-06-16,Football,12:15
M00162,2026-08-29,Basketball,09:30
M00325,2026-08-15,Badminton,12:00
M00464,2026-05-26,Basketball,13:45
M00232,2026-01-27,Gym,06:00
M00508,2026-08-29,Football,17:15
M00146,2026-08-27,Gym,08:30
M00563,2026-04-25,Gym,14:30
M00161,2026-02-23,Badminton,14:15
M00444,2026-08-16,Football,20:30
M00274,2026-08-05,Basketball,07:00
M00510,2026-02-19,Swimming Pool,06:45
M00350,2026-08-13,Swimming Pool,13:45
M00474,2026-04-26,Swimming Pool,19:45
M00332,2026-04-15,Swimming Pool,12:45
M00004,2026-01-29,Badminton,07:00
M00366,2026-07-28,Swimming Pool,20:00
M00026,2026-08-26,Badminton,16:00
M00038,2026-01-07,Swimming Pool,21:15
M00132,2026-01-17,Badminton,11:30
M00475,2026-06-19,Swimming Pool,09:45
M00028,2026-06-04,Badminton,13:00
M00223,2026-07-15,Basketball,08:45
M00169,2026-08-21,Gym,12:00
M00203,2026-04-07,Football,17:30
M00158,2026-05-13,Basketball,11:00
M00191,2026-05-28,Basketball,13:30
M00131,2026-07-04,Badminton,17:15
M00241,2026-02-07,Swimming Pool,10:45
M00233,2026-06-29,Football,12:15
M00002,2026-03-15,Badminton,21:15
M00363,2026-02-27,Swimming Pool,13:45
M00438,2026-01-23,Football,17:00
M00481,2026-04-12,Gym,07:45
M00047,2026-05-11,Swimming Pool,18:45
M00124,2026-07-15,Football,11:15
M00391,2026-01-10,Gym,06:45
M00128,2026-02-09,Basketball,09:30
M00567,2026-02-26,Football,11:00
M00505,2026-06-20,Basketball,14:30
M00413,2026-05-03,Swimming Pool,16:45
M00269,2026-02-03,Swimming Pool,12:15
M00157,2026-02-06,Swimming Pool,06:00
M00300,2026-03-06,Swimming Pool,17:15
M00189,2026-02-15,Badminton,18:00
M00387,2026-02-16,Football,16:15
M00381,2026-06-17,Gym,18:15
M00491,2026-08-10,Swimming Pool,08:00
M00545,2026-01-15,Badminton,18:45
M00283,2026-01-27,Swimming Pool,06:45
M00323,2026-02-28,Football,15:00
M00576,2026-03-24,Swimming Pool,06:00
M00226,2026-07-18,Basketball,11:45
M00059,2026-05-11,Badminton,18:15
M00585,2026-08-01,Basketball,17:45
M00065,2026-03-22,Badminton,21:00
M00371,2026-03-23,Badminton,08:15
M00069,2026-04-05,Gym,19:30
M00074,2026-01-20,Football,16:30
M00439,2026-03-11,Gym,08:45
M00217,2026-06-01,Badminton,20:45
M00367,2026-07-26,Swimming Pool,07:45
M00001,2026-07-27,Swimming Pool,06:30
M00173,2026-04-22,Swimming Pool,06:00
M00509,2026-01-25,Swimming Pool,08:15
M00315,2026-01-19,Swimming Pool,13:45
M00414,2026-04-29,Football,20:45
M00038,2026-05-25,Football,21:15
M00076,2026-02-12,Basketball,21:45
M00237,2026-01-21,Football,11:15
M00449,2026-06-16,Basketball,06:45
M00348,2026-06-28,Football,21:45
M00361,2026-03-02,Swimming Pool,15:15
M00119,2026-06-04,Gym,18:30
M00317,2026-02-18,Gym,16:15
M00239,2026-02-01,Swimming Pool,07:15
M00124,2026-05-31,Gym,17:00
M00358,2026-05-05,Basketball,14:30
M00577,2026-06-13,Basketball,15:45
M00008,2026-07-02,Gym,06:15
M00431,2026-05-24,Basketball,18:30
M00317,2026-05-20,Basketball,21:45
M00305,2026-05-27,Basketball,20:30
M00092,2026-04-18,Swimming Pool,18:30
M00437,2026-06-26,Gym,14:30
M00034,2026-01-06,Basketball,13:30
M00323,2026-06-28,Swimming Pool,21:15
M00039,2026-05-31,Basketball,14:45
M00191,2026-04-29,Basketball,08:00
M00580,2026-06-16,Badminton,10:45
M00229,2026-03-24,Swimming Pool,07:30
M00478,2026-07-04,Gym,11:30
M00359,2026-01-29,Swimming Pool,11:45
M00424,2026-06-22,Swimming Pool,19:30
M00241,2026-01-21,Badminton,15:30
M00403,2026-03-31,Badminton,19:45
M00254,2026-03-18,Badminton,14:30
M00227,2026-03-20,Badminton,08:30
M00125,2026-04-12,Football,13:15
M00265,2026-03-12,Football,20:30
M00232,2026-05-28,Badminton,19:30
M00018,2026-05-15,Football,11:15
M00230,2026-01-13,Football,16:45
M00132,2026-06-04,Basketball,12:30
M00103,2026-03-05,Swimming Pool,09:00
M00585,2026-04-25,Swimming Pool,07:15
M00118,2026-08-09,Basketball,07:45
M00335,2026-03-19,Football,17:15
M00294,2026-06-11,Basketball,17:30
M00484,2026-07-24,Football,10:15
M00039,2026-03-04,Gym,07:30
M00285,2026-05-26,Basketball,15:45
M00066,2026-02-07,Football,13:00
M00029,2026-02-06,Badminton,09:15
M00118,2026-02-22,Basketball,16:45
M00365,2026-05-16,Football,18:15
M00339,2026-05-30,Badminton,21:00
M00569,2026-08-29,Basketball,08:15
M00071,2026-03-08,Badminton,15:15
M00266,2026-06-28,Badminton,18:45
M00227,2026-01-22,Gym,13:30
M00050,2026-08-15,Swimming Pool,15:15
M00196,2026-08-01,Basketball,11:15
M00035,2026-08-08,Swimming Pool,12:30
M00469,2026-03-16,Swimming Pool,14:45
M00213,2026-06-17,Gym,06:30
M00238,2026-06-19,Basketball,19:45
M00554,2026-08-01,Gym,07:30
M00145,2026-05-26,Badminton,18:00
M00157,2026-08-15,Gym,21:45
M00293,2026-01-17,Basketball,14:15
M00039,2026-03-19,Swimming Pool,16:00
M00159,2026-02-28,Football,17:00
M00168,2026-02-11,Football,14:45
M00401,2026-03-28,Swimming Pool,20:30
M00164,2026-02-20,Swimming Pool,10:15
M00240,2026-01-03,Swimming Pool,06:15
M00339,2026-04-13,Football,09:15
M00210,2026-08-13,Gym,13:00
M00225,2026-02-20,Badminton,19:45
M00452,2026-01-18,Gym,19:45
M00374,2026-08-27,Gym,20:45
M00146,2026-07-18,Basketball,17:30
M00256,2026-08-19,Gym,11:30
M00380,2026-02-23,Gym,08:15
M00237,2026-07-08,Football,14:45
M00175,2026-03-02,Gym,12:30
M00135,2026-01-12,Swimming Pool,15:45
M00070,2026-08-31,Football,06:00
M00466,2026-07-03,Swimming Pool,11:15
M00300,2026-01-14,Badminton,07:45
M00424,2026-08-23,Badminton,20:00
M00488,2026-06-14,Basketball,16:30
M00424,2026-01-28,Football,11:30
M00052,2026-04-09,Badminton,13:45
M00158,2026-07-21,Basketball,10:30
M00518,2026-08-12,Gym,11:15
M00325,2026-06-03,Gym,16:45
M00404,2026-07-14,Football,15:30
M00520,2026-07-05,Swimming Pool,13:45
M00256,2026-06-10,Swimming Pool,20:00
M00191,2026-01-26,Swimming Pool,08:00
M00049,2026-01-31,Football,20:00
M00242,2026-06-28,Badminton,19:00
M00076,2026-04-27,Gym,21:30
M00037,2026-07-24,Swimming Pool,10:30
M00107,2026-05-31,Football,14:30
M00183,2026-06-03,Badminton,09:45
M00105,2026-02-14,Swimming Pool,10:45
M00398,2026-07-11,Badminton,13:15
M00571,2026-04-27,Swimming Pool,11:00
M00370,2026-08-08,Badminton,10:15
M00116,2026-04-07,Swimming Pool,18:30
M00267,2026-06-01,Basketball,12:15
M00002,2026-06-27,Football,12:15
M00297,2026-03-17,Badminton,20:00
M00313,2026-05-09,Football,21:30
M00013,2026-03-11,Basketball,06:15
M00011,2026-08-09,Badminton,18:30
M00074,2026-06-06,Badminton,12:45
M00509,2026-03-07,Football,11:45
M00438,2026-06-12,Swimming Pool,11:30
M00425,2026-03-01,Badminton,11:45
M00510,2026-05-02,Badminton,11:15
M00368,2026-05-26,Swimming Pool,06:45
M00083,2026-08-15,Basketball,17:00
M00146,2026-07-27,Football,10:00
M00378,2026-05-27,Swimming Pool,10:30
M00120,2026-01-19,Badminton,19:15
M00044,2026-02-08,Football,16:30
M00596,2026-04-13,Swimming Pool,19:15
M00475,2026-06-21,Swimming Pool,19:15
M00304,2026-06-20,Swimming Pool,07:45
M00387,2026-01-20,Badminton,14:00
M00565,2026-03-28,Gym,12:15
M00110,2026-02-27,Football,07:00
M00280,2026-05-27,Football,13:15
M00066,2026-07-29,Gym,11:15
M00097,2026-08-01,Swimming Pool,08:30
M00304,2026-05-11,Gym,17:15
M00446,2026-05-20,Basketball,21:45
M00306,2026-08-17,Gym,09:00
M00544,2026-03-25,Badminton,07:45
M00317,2026-03-20,Swimming Pool,06:00
M00398,2026-02-15,Football,21:45
M00538,2026-05-03,Swimming Pool,16:30
M00398,2026-06-13,Basketball,15:45
M00319,2026-07-18,Gym,19:15
M00223,2026-03-17,Swimming Pool,09:15
M00447,2026-07-27,Swimming Pool,11:00
M00198,2026-02-16,Gym,15:00
M00047,2026-03-14,Swimming Pool,14:15
M00116,2026-03-14,Basketball,09:00
M00483,2026-08-09,Football,20:15
M00417,2026-05-31,Football,14:00
M00165,2026-05-12,Swimming Pool,09:00
M00059,2026-02-26,Basketball,19:45
M00022,2026-07-08,Swimming Pool,06:00
M00006,2026-03-31,Swimming Pool,11:30
M00199,2026-05-20,Basketball,12:00
M00004,2026-03-24,Gym,16:15
M00277,2026-03-04,Football,13:00
M00364,2026-05-22,Swimming Pool,19:15
M00579,2026-07-16,Football,07:00
M00462,2026-04-12,Football,19:15
M00469,2026-07-13,Basketball,13:15
M00182,2026-08-05,Football,12:45
M00209,2026-02-24,Basketball,19:00
M00518,2026-03-28,Gym,18:15
M00408,2026-04-27,Gym,13:45
M00566,2026-03-20,Gym,06:00
M00195,2026-02-09,Football,11:15
M00232,2026-07-03,Football,10:00
M00554,2026-08-06,Football,13:30
M00192,2026-04-29,Football,08:45
M00334,2026-07-01,Gym,18:45
M00505,2026-04-09,Gym,07:45
M00380,2026-07-31,Football,11:00
M00552,2026-05-14,Gym,14:15
M00077,2026-06-09,Swimming Pool,20:45
M00420,2026-01-30,Basketball,09:30
M00430,2026-05-29,Football,13:30
M00359,2026-06-19,Basketball,11:00
M00155,2026-06-29,Basketball,18:30
M00409,2026-05-17,Basketball,11:30
M00589,2026-08-01,Gym,10:30
M00459,2026-02-22,Badminton,11:30
M00334,2026-02-27,Football,14:45
M00010,2026-07-15,Basketball,15:15
M00594,2026-08-09,Football,06:45
M00275,2026-06-10,Basketball,10:45
M00434,2026-06-01,Badminton,08:45
M00588,2026-06-08,Basketball,21:00
M00576,2026-01-01,Football,20:30
M00510,2026-03-07,Football,17:30
M00416,2026-03-12,Gym,12:30
M00116,2026-04-16,Basketball,13:30
M00470,2026-05-13,Badminton,12:45
M00596,2026-05-18,Football,09:45
M00300,2026-07-18,Football,06:30
M00297,2026-03-22,Gym,11:45
M00011,2026-03-25,Swimming Pool,09:00
M00168,2026-04-13,Swimming Pool,20:00
M00407,2026-04-13,Badminton,07:00
M00558,2026-02-15,Badminton,14:30
M00533,2026-01-27,Swimming Pool,06:15
M00043,2026-03-26,Basketball,15:15
M00486,2026-03-09,Gym,17:45
M00243,2026-01-04,Swimming Pool,20:30
M00014,2026-01-13,Gym,12:00
M00354,2026-07-04,Basketball,18:00
M00365,2026-06-15,Swimming Pool,06:30
M00397,2026-03-16,Gym,14:15
M00449,2026-05-19,Badminton,19:45
M00584,2026-01-14,Football,21:00
M00122,2026-05-16,Basketball,11:45
M00036,2026-01-08,Gym,12:45
M00382,2026-08-16,Gym,07:15
M00278,2026-08-24,Badminton,15:30
M00135,2026-06-03,Football,07:45
M00496,2026-03-12,Badminton,19:45
M00384,2026-02-12,Badminton,07:45
M00146,2026-07-21,Swimming Pool,09:30
M00353,2026-06-06,Football,19:45
M00141,2026-03-22,Basketball,11:15
M00186,2026-02-01,Football,06:30
M00242,2026-02-25,Badminton,20:00
M00265,2026-05-08,Badminton,21:45
M00311,2026-05-19,Badminton,16:30
M00229,2026-06-03,Basketball,16:15
M00099,2026-08-06,Swimming Pool,13:30
M00007,2026-05-06,Gym,10:30
M00342,2026-07-06,Badminton,12:00
M00171,2026-06-29,Football,07:00
M00256,2026-04-11,Swimming Pool,11:00
M00070,2026-08-26,Basketball,13:15
M00475,2026-05-07,Swimming Pool,19:30
M00549,2026-06-14,Football,13:30
M00570,2026-03-24,Badminton,16:15
M00186,2026-05-30,Badminton,11:30
M00144,2026-07-02,Badminton,09:45
M00119,2026-05-09,Badminton,21:30
M00087,2026-04-25,Gym,07:30
M00054,2026-05-16,Gym,17:30
M00095,2026-03-08,Basketball,20:30
M00276,2026-05-01,Swimming Pool,17:15
M00366,2026-07-17,Swimming Pool,15:45
M00542,2026-07-07,Badminton,09:45
M00122,2026-04-02,Football,15:45
M00205,2026-03-08,Badminton,12:00
M00342,2026-03-01,Basketball,06:15
M00200,2026-02-01,Football,12:45
M00086,2026-08-12,Gym,12:15
M00534,2026-08-24,Football,11:45
M00039,2026-05-12,Basketball,11:00
M00362,2026-07-23,Swimming Pool,21:45
M00202,2026-01-03,Badminton,19:15
M00324,2026-06-25,Gym,16:15
M00126,2026-04-24,Badminton,19:30
M00218,2026-08-26,Badminton,13:45
M00525,2026-01-13,Gym,09:30
M00436,2026-06-25,Basketball,12:30
M00286,2026-08-11,Basketball,21:00
M00491,2026-04-24,Basketball,11:45
M00067,2026-03-21,Swimming Pool,12:45
M00140,2026-05-31,Football,14:45
M00441,2026-03-09,Badminton,07:00
M00038,2026-01-29,Gym,16:45
M00234,2026-05-28,Gym,13:30
M00168,2026-01-25,Gym,19:30
M00295,2026-02-13,Badminton,18:30
M00527,2026-07-18,Football,15:45
M00597,2026-04-05,Basketball,11:30
M00503,2026-03-26,Football,17:15
M00531,2026-07-09,Gym,07:15
M00147,2026-01-19,Basketball,20:00
M00141,2026-03-18,Football,12:45
M00084,2026-04-29,Gym,16:30
M00269,2026-08-25,Badminton,09:30
M00212,2026-04-19,Basketball,11:45
M00536,2026-01-27,Gym,11:15
M00031,2026-02-23,Football,16:45
M00550,2026-01-30,Gym,13:45
M00552,2026-01-21,Badminton,16:00
M00024,2026-07-08,Football,11:00
M00456,2026-04-30,Football,07:30
M00324,2026-02-07,Football,19:45
M00600,2026-02-23,Swimming Pool,17:00
M00321,2026-07-10,Football,06:45
M00013,2026-07-16,Badminton,12:15
M00405,2026-01-06,Gym,09:15
M00599,2026-01-21,Gym,13:15
M00588,2026-05-02,Badminton,10:30
M00358,2026-02-01,Swimming Pool,19:00
M00588,2026-01-16,Football,16:00
M00515,2026-07-03,Gym,07:30
M00336,2026-01-16,Swimming Pool,15:15
M00473,2026-02-22,Basketball,08:30
M00544,2026-05-08,Swimming Pool,18:45
M00144,2026-08-23,Basketball,08:15
M00358,2026-05-11,Football,18:15
M00215,2026-04-01,Swimming Pool,07:00
M00342,2026-05-20,Badminton,19:00
M00376,2026-06-12,Badminton,20:15
M00089,2026-06-16,Badminton,18:45
M00246,2026-05-30,Basketball,11:30
M00356,2026-07-22,Gym,09:45
M00298,2026-03-05,Basketball,07:15
M00521,2026-08-22,Swimming Pool,21:45
M00187,2026-04-27,Gym,11:45
M00388,2026-04-15,Gym,16:15
M00303,2026-02-15,Football,08:45
M00262,2026-03-07,Gym,19:00
M00036,2026-08-17,Gym,20:30
M00210,2026-03-27,Football,15:45
M00272,2026-01-11,Badminton,09:00
M00194,2026-06-21,Football,06:15
M00503,2026-02-24,Gym,14:15
M00499,2026-04-18,Swimming Pool,19:15
M00522,2026-08-12,Gym,14:30
M00278,2026-04-27,Gym,13:30
M00217,2026-08-26,Gym,19:00
M00429,2026-05-07,Basketball,14:00
M00584,2026-02-14,Swimming Pool,14:45
M00277,2026-08-12,Badminton,17:00
M00243,2026-08-01,Badminton,20:15
M00503,2026-02-01,Basketball,14:15
M00022,2026-06-14,Basketball,09:00
M00393,2026-08-03,Badminton,07:15
M00313,2026-08-31,Swimming Pool,08:45
M00211,2026-05-21,Basketball,20:30
M00525,2026-02-26,Swimming Pool,12:45
M00291,2026-07-14,Basketball,20:00
M00258,2026-01-25,Swimming Pool,06:00
M00116,2026-08-30,Badminton,12:45
M00024,2026-02-17,Football,10:45
M00137,2026-03-31,Badminton,11:00
M00269,2026-01-18,Swimming Pool,13:00
M00036,2026-07-05,Badminton,20:45
M00138,2026-01-02,Badminton,14:00
M00021,2026-01-15,Basketball,14:00
M00579,2026-02-25,Swimming Pool,14:30
M00246,2026-08-04,Football,08:00
M00495,2026-07-02,Football,15:00
M00148,2026-02-06,Badminton,20:00
M00572,2026-05-02,Swimming Pool,18:30
M00589,2026-04-15,Swimming Pool,11:15
M00383,2026-01-21,Basketball,15:15
M00190,2026-03-16,Gym,14:15
M00177,2026-04-18,Gym,09:00
M00037,2026-02-19,Badminton,18:45
M00102,2026-06-26,Basketball,12:00
M00487,2026-01-04,Swimming Pool,18:45
M00174,2026-01-15,Swimming Pool,07:00
M00344,2026-07-19,Swimming Pool,18:45
M00139,2026-01-18,Football,17:15
M00420,2026-05-20,Football,06:00
M00348,2026-04-30,Basketball,16:00
M00062,2026-01-25,Basketball,13:15
M00342,2026-07-24,Football,06:00
M00473,2026-02-25,Football,20:00
M00195,2026-07-12,Gym,20:15
M00165,2026-01-24,Gym,12:45
M00580,2026-01-11,Football,21:00
M00400,2026-05-07,Swimming Pool,11:00
M00026,2026-07-25,Badminton,16:30
M00418,2026-07-22,Gym,21:00
M00584,2026-02-12,Football,08:45
M00007,2026-04-27,Badminton,15:15
M00417,2026-01-14,Swimming Pool,13:30
M00301,2026-08-08,Swimming Pool,11:30
M00148,2026-01-24,Basketball,06:15
M00351,2026-02-16,Swimming Pool,14:00
M00146,2026-07-07,Gym,14:30
M00457,2026-07-24,Basketball,11:45
M00024,2026-02-23,Swimming Pool,19:30
M00324,2026-01-25,Swimming Pool,10:45
M00419,2026-01-21,Basketball,15:00
M00138,2026-03-11,Badminton,17:30
M00115,2026-04-08,Gym,10:00
M00109,2026-05-28,Gym,16:00
M00175,2026-07-26,Basketball,18:30
M00549,2026-08-15,Basketball,14:45
M00570,2026-04-20,Football,19:15
M00220,2026-04-29,Basketball,07:00
M00513,2026-05-15,Badminton,15:45
M00266,2026-01-07,Football,13:45
M00571,2026-01-23,Football,09:00
M00503,2026-03-16,Football,10:00
M00448,2026-03-18,Gym,07:45
M00585,2026-07-08,Football,12:45
M00131,2026-08-02,Swimming Pool,16:15
M00286,2026-05-19,Badminton,19:30
M00460,2026-08-30,Gym,11:00
M00230,2026-05-27,Football,19:30
M00281,2026-04-21,Swimming Pool,10:00
M00173,2026-01-17,Swimming Pool,12:45
M00152,2026-08-10,Gym,17:30
M00002,2026-08-13,Swimming Pool,12:00
M00063,2026-01-06,Gym,18:15
M00299,2026-07-10,Basketball,20:15
M00114,2026-06-06,Gym,06:00
M00125,2026-03-06,Gym,18:00
M00024,2026-05-29,Gym,18:15
M00241,2026-02-05,Basketball,12:45
M00596,2026-06-22,Football,20:00
M00398,2026-01-03,Football,16:30
M00557,2026-08-04,Gym,19:45
M00265,2026-04-10,Swimming Pool,07:00
M00024,2026-08-24,Football,14:15
M00256,2026-04-22,Gym,09:15
M00457,2026-01-22,Gym,08:30
M00095,2026-06-19,Football,17:30
M00338,2026-05-09,Swimming Pool,15:15
M00019,2026-02-18,Badminton,06:00
M00372,2026-02-22,Badminton,13:30
M00423,2026-04-16,Gym,20:30
M00385,2026-08-30,Football,14:30
M00596,2026-08-16,Badminton,18:45
M00453,2026-02-07,Gym,09:00
M00564,2026-02-05,Badminton,06:15
M00553,2026-08-22,Gym,10:15
M00228,2026-05-12,Basketball,15:00
M00153,2026-08-17,Basketball,10:00
M00544,2026-03-30,Football,08:45
M00269,2026-06-26,Badminton,10:45
M00233,2026-07-22,Badminton,12:45
M00320,2026-02-10,Swimming Pool,17:45
M00018,2026-01-03,Badminton,08:15
M00097,2026-07-17,Football,10:30
M00110,2026-05-21,Gym,19:00
M00181,2026-07-21,Badminton,17:00
M00294,2026-06-20,Basketball,09:00
M00063,2026-04-29,Football,11:15
M00057,2026-03-09,Basketball,19:00
M00056,2026-01-22,Swimming Pool,13:15
M00470,2026-01-23,Gym,08:15
M00206,2026-08-20,Swimming Pool,19:00
M00360,2026-01-23,Swimming Pool,06:30
M00546,2026-07-03,Badminton,06:45
M00440,2026-04-22,Badminton,13:30
M00320,2026-04-08,Gym,15:15
M00148,2026-04-23,Basketball,13:30
M00393,2026-07-31,Gym,09:00
M00341,2026-03-02,Gym,17:45
M00210,2026-07-07,Badminton,21:15
M00266,2026-03-02,Badminton,19:00
M00503,2026-04-15,Football,11:15
M00326,2026-07-13,Gym,10:45
M00188,2026-04-11,Basketball,06:45
M00429,2026-06-30,Basketball,17:45
M00157,2026-08-08,Swimming Pool,14:00
M00453,2026-08-15,Basketball,20:30
M00301,2026-05-02,Basketball,08:15
M00593,2026-01-16,Swimming Pool,17:00
M00038,2026-04-16,Gym,15:45
M00309,2026-02-07,Swimming Pool,13:30
M00279,2026-07-27,Swimming Pool,15:00
M00315,2026-07-05,Basketball,18:15
M00114,2026-02-08,Gym,16:45
M00259,2026-06-04,Badminton,11:30
M00263,2026-05-28,Swimming Pool,06:45
M00284,2026-07-25,Badminton,08:00
M00104,2026-06-21,Football,21:15
M00560,2026-05-21,Gym,10:45
M00256,2026-01-01,Basketball,13:30
M00231,2026-03-28,Football,15:15
M00067,2026-05-16,Football,14:45
M00550,2026-01-06,Basketball,18:30
M00019,2026-03-30,Gym,09:00
M00187,2026-01-24,Swimming Pool,17:30
M00201,2026-06-18,Badminton,08:15
M00254,2026-08-09,Gym,09:45
M00053,2026-03-21,Football,19:00
M00246,2026-05-08,Swimming Pool,09:45
M00055,2026-01-15,Swimming Pool,11:00
M00207,2026-01-27,Football,20:00
M00083,2026-01-23,Badminton,07:00
M00215,2026-03-18,Basketball,09:15
M00110,2026-07-12,Basketball,09:45
M00569,2026-04-17,Gym,09:45
M00160,2026-07-14,Badminton,07:30
M00101,2026-05-29,Badminton,20:30
M00374,2026-08-24,Gym,09:00
M00211,2026-04-23,Badminton,13:30
M00543,2026-02-12,Gym,06:45
M00171,2026-05-23,Football,20:00
M00483,2026-02-05,Basketball,07:15
M00480,2026-01-29,Basketball,09:45
M00029,2026-05-22,Football,09:45
M00159,2026-02-03,Swimming Pool,18:30
M00493,2026-05-06,Gym,12:45
M00347,2026-08-03,Swimming Pool,07:45
M00430,2026-05-24,Gym,06:15
M00294,2026-05-21,Gym,17:30
M00477,2026-08-10,Football,07:00
M00174,2026-06-16,Badminton,15:15
M00139,2026-02-24,Basketball,11:15
M00125,2026-04-11,Football,07:45
M00392,2026-05-22,Badminton,20:30
M00408,2026-06-20,Basketball,06:45
M00454,2026-06-24,Badminton,08:45
M00122,2026-03-04,Football,17:15
M00092,2026-03-24,Gym,09:45
M00306,2026-07-30,Swimming Pool,18:00
M00005,2026-05-03,Gym,12:15
M00373,2026-01-12,Football,14:15
M00289,2026-08-06,Swimming Pool,09:15
M00592,2026-02-05,Badminton,15:00
M00226,2026-01-07,Gym,15:00
M00436,2026-06-03,Gym,06:30
M00235,2026-01-12,Swimming Pool,09:30
M00073,2026-04-07,Basketball,17:45
M00298,2026-04-14,Swimming Pool,13:30
M00239,2026-03-21,Football,08:00
M00004,2026-03-25,Gym,09:30
M00511,2026-04-18,Badminton,10:45
M00518,2026-07-29,Football,19:00
M00328,2026-05-01,Swimming Pool,16:30
M00114,2026-02-05,Football,08:45
M00505,2026-03-26,Gym,10:15
M00382,2026-07-15,Football,21:00
M00350,2026-04-03,Badminton,10:45
M00047,2026-07-15,Football,20:15
M00233,2026-07-07,Basketball,06:15
M00303,2026-07-21,Badminton,19:30
M00287,2026-04-19,Basketball,20:15
M00038,2026-04-02,Gym,20:00
M00028,2026-04-28,Swimming Pool,07:45
M00126,2026-04-03,Basketball,14:45
M00545,2026-06-14,Swimming Pool,21:00
M00222,2026-01-26,Basketball,16:30
M00234,2026-05-16,Gym,11:45
M00304,2026-07-30,Gym,15:30
M00471,2026-06-21,Swimming Pool,18:00
M00166,2026-05-25,Swimming Pool,16:30
M00404,2026-06-25,Football,18:15
M00462,2026-02-17,Football,15:00
M00460,2026-04-17,Basketball,14:15
M00011,2026-04-25,Basketball,12:15
M00490,2026-08-31,Gym,12:30
M00214,2026-07-06,Football,18:45
M00428,2026-06-27,Swimming Pool,17:15
M00224,2026-08-17,Football,19:45
M00054,2026-04-15,Gym,14:45
M00240,2026-02-15,Gym,16:30
M00241,2026-03-08,Gym,17:00
M00538,2026-08-30,Football,10:45
M00205,2026-05-28,Basketball,08:30
M00461,2026-04-20,Badminton,06:30
M00197,2026-06-24,Badminton,19:45
M00060,2026-07-08,Basketball,20:45
M00348,2026-03-30,Badminton,11:45
M00079,2026-05-31,Gym,13:30
M00151,2026-08-05,Swimming Pool,21:15
M00413,2026-07-11,Swimming Pool,20:15
M00185,2026-01-16,Swimming Pool,11:15
M00494,2026-01-27,Gym,08:45
M00380,2026-06-16,Basketball,19:00
M00504,2026-01-28,Basketball,11:00
M00302,2026-02-10,Football,17:00
M00296,2026-03-10,Football,18:15
M00034,2026-04-06,Swimming Pool,09:45
M00593,2026-01-03,Swimming Pool,11:15
M00031,2026-08-19,Swimming Pool,19:00
M00098,2026-08-16,Badminton,11:45
M00276,2026-05-07,Gym,07:45
M00560,2026-01-07,Gym,20:45
M00020,2026-08-24,Swimming Pool,08:45
M00199,2026-04-25,Gym,16:00
M00034,2026-03-16,Football,12:15
M00190,2026-04-16,Basketball,11:30
M00287,2026-04-07,Football,13:00
M00452,2026-02-10,Football,14:45
M00444,2026-03-03,Football,06:15
M00577,2026-01-09,Basketball,16:30
M00063,2026-02-10,Badminton,16:00
M00225,2026-07-08,Football,13:15
M00474,2026-06-29,Swimming Pool,21:15
M00554,2026-08-09,Gym,11:00
M00397,2026-02-26,Badminton,07:30
M00577,2026-07-29,Basketball,07:15
M00441,2026-07-03,Basketball,20:45
M00340,2026-07-30,Swimming Pool,20:15
M00567,2026-06-14,Badminton,17:15
M00501,2026-03-09,Football,17:00
M00464,2026-07-05,Gym,19:30
M00003,2026-04-18,Basketball,17:45
M00023,2026-02-13,Gym,06:00
M00579,2026-08-04,Swimming Pool,07:15
M00191,2026-07-17,Gym,17:30
M00244,2026-06-08,Gym,14:30
M00556,2026-05-27,Gym,13:15
M00161,2026-03-31,Swimming Pool,13:15
M00178,2026-01-02,Swimming Pool,13:30
M00069,2026-01-11,Swimming Pool,17:30
M00353,2026-08-07,Gym,09:15
M00346,2026-03-14,Badminton,07:15
M00415,2026-05-29,Football,15:15
M00199,2026-07-13,Swimming Pool,12:15
M00302,2026-08-06,Swimming Pool,18:15
M00437,2026-02-03,Gym,06:30
M00578,2026-07-11,Football,13:00
M00130,2026-08-01,Badminton,14:00
M00166,2026-08-14,Football,07:45
M00342,2026-07-12,Football,18:30
M00138,2026-01-15,Gym,10:15
M00509,2026-04-13,Swimming Pool,08:45
M00471,2026-03-21,Football,17:30
M00164,2026-01-17,Gym,18:15
M00275,2026-06-14,Gym,12:45
M00351,2026-06-09,Gym,10:15
M00406,2026-04-25,Gym,13:00
M00494,2026-04-06,Swimming Pool,18:15
M00434,2026-08-07,Badminton,21:30
M00155,2026-06-20,Football,18:30
M00393,2026-01-27,Swimming Pool,06:45
M00124,2026-04-25,Swimming Pool,06:00
M00585,2026-06-01,Swimming Pool,14:30
M00141,2026-03-11,Gym,12:15
M00109,2026-01-17,Badminton,13:30
M00364,2026-01-03,Badminton,09:30
M00215,2026-07-04,Swimming Pool,09:00
M00307,2026-03-02,Gym,20:45
M00473,2026-06-13,Swimming Pool,14:45
M00130,2026-04-06,Badminton,10:15
M00096,2026-05-09,Football,13:30
M00330,2026-06-29,Football,09:15
M00008,2026-03-19,Football,21:45
M00043,2026-04-21,Basketball,18:15
M00214,2026-08-14,Swimming Pool,11:45
M00363,2026-01-25,Badminton,07:15
M00349,2026-04-30,Football,15:45
M00282,2026-01-15,Football,16:30
M00540,2026-05-16,Swimming Pool,11:30
M00448,2026-07-01,Basketball,10:45
M00177,2026-01-05,Football,14:45
M00494,2026-02-02,Football,11:30
M00313,2026-08-25,Swimming Pool,16:30
M00083,2026-07-21,Football,18:15
M00569,2026-02-10,Swimming Pool,11:30
M00009,2026-07-13,Gym,11:30
M00416,2026-02-13,Badminton,20:15
M00566,2026-04-16,Swimming Pool,14:15
M00014,2026-01-24,Swimming Pool,11:15
M00281,2026-01-23,Badminton,11:00
M00014,2026-06-05,Basketball,18:15
M00455,2026-01-11,Swimming Pool,19:45
M00001,2026-03-09,Badminton,07:30
M00441,2026-02-19,Swimming Pool,08:45
M00292,2026-06-15,Gym,06:15
M00077,2026-01-13,Gym,13:15
M00380,2026-07-15,Swimming Pool,11:15
M00165,2026-03-18,Basketball,08:00
M00228,2026-04-08,Gym,07:45
M00022,2026-08-27,Football,10:45
M00498,2026-06-18,Gym,16:45
M00288,2026-04-13,Gym,19:00
M00486,2026-04-22,Swimming Pool,18:30
M00224,2026-07-01,Football,17:00
M00016,2026-05-27,Badminton,13:45
M00178,2026-02-21,Badminton,19:00
M00456,2026-07-31,Basketball,10:15
M00114,2026-02-22,Swimming Pool,19:00
M00013,2026-06-14,Football,14:30
M00096,2026-04-22,Badminton,10:15
M00102,2026-04-10,Badminton,14:30
M00120,2026-08-23,Swimming Pool,20:15
M00476,2026-05-01,Basketball,17:45
M00431,2026-08-17,Gym,19:15
M00258,2026-06-04,Badminton,11:00
M00285,2026-08-14,Basketball,08:45
M00336,2026-08-08,Badminton,09:45
M00021,2026-01-23,Basketball,12:15
M00307,2026-06-28,Swimming Pool,07:15
M00294,2026-05-24,Swimming Pool,20:30
M00274,2026-07-17,Badminton,08:45
M00173,2026-02-26,Badminton,17:45
M00344,2026-07-23,Swimming Pool,18:30
M00460,2026-05-26,Gym,11:30
M00301,2026-07-17,Football,17:15
M00388,2026-08-04,Swimming Pool,19:00
M00288,2026-06-26,Basketball,11:15
M00529,2026-04-22,Badminton,08:00
M00004,2026-06-02,Badminton,13:30
M00321,2026-05-04,Badminton,11:00
M00401,2026-07-05,Badminton,13:30
M00017,2026-08-02,Gym,13:45
M00547,2026-01-20,Badminton,19:00
M00313,2026-05-06,Basketball,09:30
M00228,2026-04-27,Football,14:30
M00218,2026-04-28,Gym,18:45
M00085,2026-05-19,Basketball,17:45
M00263,2026-08-18,Basketball,20:15
M00398,2026-07-13,Swimming Pool,18:00
M00377,2026-06-18,Badminton,08:30
M00530,2026-07-11,Football,07:00
M00153,2026-04-26,Basketball,11:00
M00012,2026-07-18,Football,15:30
M00042,2026-06-28,Basketball,18:00
M00298,2026-03-02,Badminton,19:45
M00035,2026-03-28,Gym,13:15
M00455,2026-03-10,Basketball,13:15
M00028,2026-04-12,Basketball,20:15
M00023,2026-07-29,Basketball,21:00
M00562,2026-08-27,Swimming Pool,11:15
M00431,2026-04-16,Basketball,14:00
M00017,2026-07-17,Football,20:45
M00337,2026-02-25,Football,16:00
M00397,2026-05-01,Swimming Pool,19:15
M00312,2026-06-24,Swimming Pool,21:45
M00025,2026-07-09,Badminton,16:00
M00310,2026-05-27,Swimming Pool,10:00
M00467,2026-01-16,Badminton,19:00
M00559,2026-08-10,Basketball,20:00
M00417,2026-04-11,Swimming Pool,11:00
M00072,2026-04-13,Swimming Pool,06:45
M00197,2026-08-30,Football,11:00
M00581,2026-07-28,Football,11:45
M00123,2026-05-24,Swimming Pool,19:30
M00209,2026-07-17,Swimming Pool,20:00
M00469,2026-07-08,Gym,19:30
M00269,2026-02-13,Basketball,15:15
M00031,2026-02-22,Football,13:00
M00244,2026-03-25,Badminton,06:00
M00290,2026-04-02,Football,19:45
M00028,2026-04-08,Football,11:00
M00349,2026-07-29,Football,20:15
M00003,2026-04-05,Badminton,11:30
M00238,2026-05-24,Football,14:15
M00056,2026-06-28,Swimming Pool,08:45
M00552,2026-01-29,Basketball,21:00
M00396,2026-06-12,Basketball,14:15
M00117,2026-03-29,Football,07:00
M00389,2026-06-16,Badminton,10:00
M00337,2026-01-01,Swimming Pool,20:00
M00118,2026-05-02,Gym,10:45
M00306,2026-01-11,Basketball,07:15
M00032,2026-05-12,Football,07:00
M00466,2026-02-10,Basketball,10:15
M00425,2026-05-21,Swimming Pool,15:30
M00540,2026-03-25,Gym,06:45
M00151,2026-05-13,Football,16:15
M00479,2026-06-11,Badminton,08:00
M00430,2026-05-19,Gym,19:00
M00395,2026-08-08,Gym,11:45
M00416,2026-04-11,Swimming Pool,06:00
M00544,2026-02-04,Gym,13:00
M00468,2026-01-15,Swimming Pool,19:15
M00271,2026-03-13,Badminton,12:30
M00391,2026-06-11,Swimming Pool,14:30
M00535,2026-06-24,Basketball,06:00
M00183,2026-01-03,Badminton,10:30
M00167,2026-06-18,Badminton,12:45
M00020,2026-05-30,Gym,10:15
M00470,2026-04-04,Swimming Pool,06:15
M00565,2026-08-21,Badminton,20:45
M00061,2026-03-05,Football,18:45
M00001,2026-02-03,Badminton,13:45
M00326,2026-02-04,Badminton,07:30
M00364,2026-02-26,Basketball,14:00
M00546,2026-07-28,Basketball,17:30
M00017,2026-03-04,Basketball,14:15
M00122,2026-04-01,Football,20:45
M00255,2026-05-13,Badminton,14:45
M00421,2026-02-08,Swimming Pool,10:15
M00439,2026-01-10,Basketball,18:45
M00542,2026-04-15,Badminton,08:15
M00382,2026-05-29,Badminton,21:15
M00139,2026-07-11,Gym,14:15
M00538,2026-04-10,Swimming Pool,11:45
M00578,2026-06-08,Swimming Pool,06:45
M00427,2026-04-12,Gym,20:45
M00182,2026-02-18,Badminton,18:15
M00562,2026-03-05,Swimming Pool,16:45
M00410,2026-05-23,Football,20:45
M00462,2026-06-06,Swimming Pool,17:45
M00013,2026-03-19,Gym,13:30
M00538,2026-02-14,Gym,14:15
M00098,2026-03-25,Swimming Pool,12:00
M00159,2026-02-02,Basketball,06:00
M00005,2026-08-18,Gym,15:30
M00051,2026-06-17,Basketball,18:15
M00069,2026-07-22,Badminton,13:00
M00292,2026-07-07,Football,08:15
M00308,2026-01-31,Gym,12:45
M00330,2026-02-08,Football,21:15
M00034,2026-06-01,Football,19:30
M00393,2026-03-18,Swimming Pool,10:30
M00012,2026-03-26,Football,10:00
M00532,2026-02-16,Swimming Pool,16:15
M00032,2026-05-26,Basketball,19:45
M00105,2026-06-09,Badminton,18:15
M00583,2026-08-29,Football,07:30
M00412,2026-05-17,Swimming Pool,06:00
M00486,2026-06-18,Badminton,13:00
M00460,2026-06-07,Basketball,19:00
M00539,2026-04-21,Football,16:45
M00157,2026-07-13,Badminton,06:30
M00254,2026-07-23,Badminton,21:30
M00124,2026-07-01,Swimming Pool,16:15
M00075,2026-06-18,Swimming Pool,21:30
M00415,2026-01-25,Gym,07:45
M00502,2026-05-07,Swimming Pool,11:00
M00509,2026-03-31,Gym,13:45
M00089,2026-07-13,Football,11:00
M00151,2026-06-27,Badminton,08:15
M00529,2026-05-04,Swimming Pool,12:45
M00042,2026-02-18,Badminton,11:30
M00318,2026-03-12,Basketball,15:00
M00278,2026-05-07,Basketball,06:45
M00548,2026-04-17,Swimming Pool,13:30
M00068,2026-08-25,Gym,21:45
M00330,2026-01-20,Football,08:45
M00035,2026-08-24,Football,17:00
M00495,2026-06-27,Swimming Pool,11:30
M00081,2026-03-10,Badminton,18:15
M00262,2026-01-10,Football,08:30
M00522,2026-01-01,Badminton,17:00
M00098,2026-03-24,Basketball,14:30
M00402,2026-06-21,Badminton,13:00
M00408,2026-01-13,Basketball,21:00
M00052,2026-03-14,Gym,13:00
M00319,2026-03-23,Badminton,09:30
M00019,2026-07-14,Swimming Pool,10:15
M00084,2026-07-25,Football,06:15
M00392,2026-04-11,Swimming Pool,07:15
M00527,2026-04-06,Football,18:30
M00022,2026-06-18,Basketball,06:15
M00402,2026-03-24,Swimming Pool,16:00
M00392,2026-03-14,Basketball,12:15
M00243,2026-03-29,Basketball,10:15
M00057,2026-08-27,Swimming Pool,20:30
M00270,2026-08-06,Gym,07:45
M00500,2026-01-11,Football,21:00
M00173,2026-01-11,Gym,08:30
M00228,2026-01-21,Gym,12:15
M00400,2026-04-07,Gym,09:30
M00551,2026-03-12,Football,16:00
M00352,2026-02-11,Basketball,13:15
M00123,2026-01-29,Football,18:00
M00303,2026-04-27,Swimming Pool,10:00
M00322,2026-02-27,Football,21:00
M00488,2026-05-03,Badminton,17:30
M00304,2026-05-03,Gym,10:15
M00082,2026-04-24,Gym,15:45
M00076,2026-07-30,Football,16:15
M00591,2026-03-11,Basketball,21:45
M00418,2026-02-03,Basketball,11:15
M00335,2026-06-29,Football,18:00
M00373,2026-03-01,Gym,10:45
M00076,2026-07-09,Football,15:00
M00133,2026-04-06,Basketball,20:00
M00222,2026-08-21,Basketball,18:00
M00339,2026-08-26,Gym,18:15
M00043,2026-04-12,Basketball,13:45
M00009,2026-04-05,Gym,10:00
M00440,2026-03-10,Gym,09:00
M00222,2026-05-31,Gym,09:15
M00061,2026-07-26,Swimming Pool,06:15
M00374,2026-02-04,Gym,14:30
M00162,2026-06-26,Swimming Pool,20:30
M00583,2026-04-30,Football,17:15
M00115,2026-05-28,Swimming Pool,18:00
M00051,2026-06-09,Football,19:00
M00137,2026-08-09,Basketball,17:45
M00303,2026-06-19,Badminton,14:30
M00141,2026-01-12,Badminton,15:30
M00293,2026-08-25,Badminton,13:00
M00128,2026-05-23,Gym,09:45
M00357,2026-06-11,Badminton,12:30
M00290,2026-07-15,Badminton,18:45
M00161,2026-08-10,Swimming Pool,17:15
M00127,2026-05-07,Football,21:00
M00323,2026-06-29,Basketball,18:00
M00241,2026-07-27,Basketball,09:45
M00143,2026-03-21,Football,19:00
M00459,2026-01-03,Badminton,20:15
M00432,2026-08-19,Basketball,06:15
M00202,2026-04-01,Gym,17:30
M00028,2026-01-19,Badminton,12:00
M00070,2026-04-23,Swimming Pool,08:45
M00509,2026-07-27,Gym,16:45
M00056,2026-03-30,Football,20:00
M00383,2026-02-03,Swimming Pool,14:30
M00077,2026-02-23,Swimming Pool,16:30
M00453,2026-05-26,Badminton,07:45
M00271,2026-07-07,Badminton,12:00
M00328,2026-06-27,Basketball,07:30
M00472,2026-02-01,Football,08:45
M00446,2026-07-10,Badminton,18:15
M00440,2026-03-26,Basketball,09:15
M00200,2026-08-14,Badminton,21:30
M00573,2026-04-28,Basketball,06:30
M00480,2026-01-13,Swimming Pool,13:45
M00486,2026-07-25,Gym,14:15
M00007,2026-07-26,Gym,11:15
M00027,2026-06-04,Badminton,19:45
M00248,2026-02-25,Swimming Pool,10:45
M00218,2026-07-21,Swimming Pool,12:45
M00297,2026-03-08,Gym,11:15
M00330,2026-03-03,Swimming Pool,18:45
M00386,2026-06-08,Football,11:30
M00170,2026-04-23,Basketball,13:15
M00230,2026-07-04,Football,16:15
M00048,2026-02-04,Swimming Pool,11:00
M00590,2026-01-25,Badminton,06:00
M00434,2026-06-07,Swimming Pool,13:15
M00529,2026-03-13,Badminton,10:15
M00305,2026-05-07,Gym,10:00
M00495,2026-03-26,Badminton,08:30
M00276,2026-06-26,Badminton,10:45
M00059,2026-08-23,Basketball,16:45
M00583,2026-06-26,Football,08:15
M00565,2026-02-26,Gym,06:00
M00403,2026-07-21,Badminton,13:15
M00159,2026-02-17,Basketball,10:15
M00505,2026-04-26,Basketball,20:15
M00209,2026-08-29,Gym,19:00
M00408,2026-04-13,Badminton,21:00
M00454,2026-01-01,Swimming Pool,17:00
M00244,2026-04-07,Gym,16:30
M00174,2026-06-09,Football,15:15
M00295,2026-01-22,Gym,21:30
M00055,2026-02-03,Basketball,14:00
M00445,2026-05-02,Badminton,11:45
M00465,2026-04-18,Swimming Pool,17:00
M00441,2026-08-01,Swimming Pool,06:00
M00251,2026-06-30,Basketball,12:30
M00414,2026-08-15,Badminton,19:00
M00290,2026-05-27,Basketball,14:30
M00498,2026-06-15,Football,12:00
M00536,2026-08-25,Swimming Pool,21:30
M00080,2026-03-07,Football,19:00
M00323,2026-07-28,Badminton,06:30
M00213,2026-02-06,Basketball,19:30
M00222,2026-02-02,Swimming Pool,13:30
M00391,2026-01-26,Swimming Pool,09:15
M00562,2026-05-30,Football,08:00
M00338,2026-06-07,Badminton,16:15
M00258,2026-01-05,Gym,08:15
M00462,2026-04-22,Swimming Pool,10:15
M00544,2026-06-30,Badminton,21:30
M00177,2026-07-31,Swimming Pool,16:45
M00473,2026-07-11,Football,21:00
M00526,2026-07-18,Football,10:15
M00210,2026-04-26,Football,21:00
M00338,2026-06-18,Football,15:00
M00398,2026-05-14,Gym,18:00
M00205,2026-06-28,Badminton,17:45
M00314,2026-04-30,Football,14:45
M00026,2026-07-12,Badminton,19:45
M00276,2026-05-26,Basketball,12:15
M00004,2026-08-08,Football,20:15
M00207,2026-04-12,Gym,07:00
M00588,2026-08-14,Swimming Pool,19:00
M00394,2026-04-13,Swimming Pool,06:00
M00429,2026-03-24,Badminton,16:45
M00519,2026-04-15,Badminton,16:45
M00536,2026-08-31,Basketball,16:30
M00368,2026-08-16,Basketball,17:00
M00177,2026-03-07,Basketball,19:30
M00006,2026-01-02,Gym,18:45
M00346,2026-05-14,Basketball,10:30
M00059,2026-04-02,Gym,19:45
M00362,2026-03-07,Badminton,09:15
M00180,2026-08-17,Badminton,15:30
M00071,2026-07-17,Football,21:30
M00006,2026-02-06,Swimming Pool,12:45
M00548,2026-04-20,Gym,13:30
M00482,2026-08-11,Gym,08:45
M00021,2026-03-04,Basketball,12:00
M00306,2026-07-27,Badminton,10:15
M00525,2026-06-14,Basketball,07:15
M00047,2026-07-24,Badminton,07:15
M00032,2026-06-05,Badminton,08:15
M00276,2026-06-21,Football,06:45
M00068,2026-07-30,Football,21:45
M00590,2026-08-13,Basketball,10:30
M00345,2026-02-09,Football,14:00
M00215,2026-04-03,Basketball,14:00
M00306,2026-03-23,Gym,20:15
M00363,2026-07-12,Basketball,21:30
M00522,2026-01-04,Football,16:45
M00229,2026-05-27,Badminton,06:30
M00599,2026-08-01,Football,07:15
M00443,2026-01-01,Swimming Pool,14:30
M00151,2026-06-16,Gym,13:00
M00363,2026-08-22,Football,10:30
M00534,2026-03-13,Football,06:45
M00196,2026-08-05,Badminton,10:00
M00233,2026-01-25,Football,20:45
M00483,2026-03-15,Football,19:45
M00372,2026-06-06,Badminton,09:30
M00069,2026-05-12,Basketball,14:15
M00207,2026-01-01,Football,10:30
M00533,2026-08-12,Basketball,14:00
M00585,2026-04-18,Swimming Pool,13:15
M00173,2026-08-17,Basketball,06:30
M00562,2026-04-07,Football,14:15
M00471,2026-04-18,Basketball,15:15
M00102,2026-08-06,Basketball,12:00
M00394,2026-04-14,Swimming Pool,12:00
M00381,2026-01-24,Football,08:45
M00554,2026-05-09,Swimming Pool,15:15
M00391,2026-07-30,Badminton,16:30
M00425,2026-06-09,Football,06:45
M00157,2026-03-02,Swimming Pool,20:15
M00226,2026-06-17,Basketball,09:45
M00515,2026-08-31,Football,06:15
M00176,2026-02-28,Basketball,07:00
M00439,2026-03-22,Badminton,20:00
M00566,2026-03-13,Basketball,20:30
M00266,2026-01-19,Basketball,19:45
M00322,2026-03-22,Swimming Pool,08:00
M00464,2026-07-11,Swimming Pool,20:00
M00362,2026-05-30,Gym,16:45
M00060,2026-05-23,Football,15:30
M00523,2026-06-05,Basketball,11:45
M00564,2026-02-23,Football,14:45
M00421,2026-02-22,Football,06:15
M00018,2026-06-25,Basketball,18:00
M00155,2026-03-02,Football,18:00
M00185,2026-01-30,Football,06:30
M00091,2026-05-21,Football,09:15
M00581,2026-06-15,Football,18:00
M00524,2026-07-16,Swimming Pool,06:45
M00008,2026-08-23,Basketball,18:00
M00122,2026-01-13,Basketball,10:15
M00493,2026-07-19,Swimming Pool,10:45
M00567,2026-06-05,Swimming Pool,13:30
M00524,2026-06-19,Basketball,15:45
M00048,2026-03-04,Badminton,07:45
M00503,2026-03-25,Basketball,19:15
M00196,2026-03-28,Badminton,20:00
M00499,2026-04-24,Swimming Pool,09:15
M00224,2026-01-26,Badminton,16:30
M00044,2026-06-24,Badminton,20:00
M00367,2026-02-02,Gym,21:15
M00529,2026-03-12,Badminton,14:00
M00319,2026-04-05,Football,12:00
M00079,2026-03-21,Gym,15:45
M00053,2026-06-16,Gym,10:15
M00331,2026-08-06,Gym,12:45
M00549,2026-04-24,Gym,16:45
M00547,2026-06-04,Gym,07:45
M00462,2026-06-08,Basketball,07:15
M00238,2026-06-13,Badminton,14:30
M00437,2026-05-12,Badminton,14:45
M00485,2026-05-28,Badminton,06:15
M00434,2026-07-05,Basketball,15:00
M00068,2026-04-21,Swimming Pool,10:30
M00492,2026-02-25,Basketball,12:00
M00364,2026-05-30,Basketball,17:45
M00165,2026-06-03,Swimming Pool,20:15
M00107,2026-05-11,Basketball,12:00
M00140,2026-05-25,Gym,16:30
M00312,2026-06-14,Swimming Pool,13:15
M00180,2026-03-18,Gym,18:30
M00071,2026-05-21,Badminton,14:15
M00598,2026-04-21,Basketball,06:45
M00213,2026-03-18,Badminton,18:45
M00261,2026-04-10,Swimming Pool,09:30
M00587,2026-04-02,Football,15:00
M00499,2026-03-10,Football,09:45
M00066,2026-04-24,Gym,16:00
M00166,2026-08-18,Swimming Pool,08:00
M00415,2026-05-25,Football,08:30
M00102,2026-02-28,Badminton,14:45
M00396,2026-06-28,Gym,14:15
M00499,2026-07-27,Basketball,15:00
M00132,2026-06-01,Swimming Pool,18:30
M00248,2026-02-21,Gym,10:45
M00357,2026-08-27,Gym,18:15
M00120,2026-05-23,Swimming Pool,19:45
M00464,2026-04-28,Gym,18:45
M00424,2026-04-22,Gym,06:15
M00321,2026-07-11,Basketball,13:30
M00179,2026-07-27,Gym,10:15
M00137,2026-06-24,Swimming Pool,14:00
M00075,2026-08-19,Swimming Pool,20:45
M00568,2026-02-26,Basketball,21:30
M00017,2026-01-25,Basketball,20:00
M00336,2026-02-08,Badminton,14:45
M00124,2026-03-12,Badminton,06:15
M00217,2026-03-04,Badminton,08:45
M00312,2026-08-06,Basketball,17:45
M00315,2026-02-05,Basketball,07:00
M00563,2026-04-09,Swimming Pool,21:15
M00389,2026-02-25,Gym,17:45
M00343,2026-04-02,Football,11:15
M00498,2026-06-25,Basketball,18:30
M00095,2026-03-18,Football,07:00
M00222,2026-08-26,Football,16:00
M00184,2026-07-10,Badminton,16:00
M00214,2026-08-01,Badminton,15:30
M00563,2026-04-13,Basketball,10:15
M00547,2026-08-22,Football,13:00
M00308,2026-05-01,Swimming Pool,13:00
M00259,2026-08-25,Badminton,14:45
M00086,2026-04-06,Basketball,15:15
M00153,2026-04-02,Gym,09:30
M00469,2026-05-15,Football,20:30
M00219,2026-01-17,Swimming Pool,06:30
M00015,2026-05-30,Badminton,15:15
M00452,2026-05-07,Basketball,19:00
M00527,2026-02-19,Gym,17:00
M00062,2026-01-26,Football,21:15
M00088,2026-03-21,Swimming Pool,08:30
M00095,2026-08-29,Gym,14:15
M00444,2026-05-04,Football,19:15
M00107,2026-08-30,Gym,21:00
M00562,2026-04-27,Gym,07:45
M00538,2026-03-23,Basketball,15:15
M00339,2026-07-14,Basketball,07:45
M00562,2026-06-16,Gym,10:45
M00593,2026-06-18,Swimming Pool,13:00
M00382,2026-08-30,Badminton,11:15
M00013,2026-04-14,Gym,07:15
M00200,2026-01-14,Swimming Pool,19:30
M00344,2026-08-21,Gym,16:15
M00173,2026-03-15,Gym,09:30
M00158,2026-01-07,Basketball,19:45
M00038,2026-01-27,Badminton,08:30
M00328,2026-07-09,Football,10:00
M00098,2026-08-09,Basketball,19:15
M00211,2026-08-06,Football,10:15
M00139,2026-08-07,Swimming Pool,14:00
M00033,2026-03-23,Swimming Pool,10:15
M00181,2026-01-13,Badminton,18:15
M00029,2026-01-25,Football,07:00
M00117,2026-07-14,Swimming Pool,14:30
M00215,2026-02-27,Football,09:15
M00234,2026-06-14,Swimming Pool,17:15
M00530,2026-04-07,Gym,12:15
M00250,2026-07-07,Football,14:30
M00422,2026-06-23,Badminton,16:15
M00222,2026-03-19,Swimming Pool,18:30
M00306,2026-06-06,Basketball,19:00
M00178,2026-03-09,Football,19:45
M00198,2026-03-10,Swimming Pool,07:30
M00254,2026-04-22,Basketball,21:15
M00284,2026-06-19,Football,17:15
M00484,2026-08-01,Swimming Pool,17:45
M00095,2026-03-27,Swimming Pool,18:45
M00380,2026-07-28,Badminton,08:30
M00500,2026-07-15,Basketball,11:30
M00253,2026-08-12,Football,07:45
M00427,2026-03-18,Gym,14:45
M00379,2026-02-26,Swimming Pool,18:30
M00164,2026-03-15,Basketball,14:45
M00445,2026-07-04,Badminton,13:30
M00214,2026-05-24,Football,19:15
M00591,2026-05-22,Badminton,13:15
M00297,2026-02-21,Basketball,21:15
M00305,2026-01-27,Badminton,21:00
M00161,2026-06-14,Basketball,19:15
M00561,2026-08-27,Swimming Pool,16:30
M00218,2026-08-29,Badminton,19:30
M00513,2026-07-11,Basketball,13:00
M00423,2026-07-20,Gym,18:15
M00304,2026-05-25,Basketball,13:00
M00426,2026-01-25,Badminton,13:00
M00104,2026-04-11,Football,12:45
M00091,2026-01-08,Swimming Pool,06:45
M00214,2026-05-02,Swimming Pool,18:00
M00483,2026-06-26,Swimming Pool,06:00
M00281,2026-05-18,Football,19:45
M00568,2026-08-20,Gym,10:45
M00282,2026-05-27,Swimming Pool,09:15
M00126,2026-03-15,Basketball,12:30
M00453,2026-04-12,Swimming Pool,16:30
M00148,2026-07-11,Football,11:45
M00304,2026-03-30,Basketball,12:15
M00112,2026-04-28,Swimming Pool,15:00
M00221,2026-04-12,Football,14:00
M00113,2026-02-16,Basketball,18:30
M00581,2026-04-28,Gym,19:45
M00027,2026-04-16,Football,13:15
M00337,2026-02-26,Football,09:00
M00108,2026-04-10,Gym,11:30
M00585,2026-01-08,Gym,18:15
M00582,2026-06-04,Badminton,07:00
M00200,2026-02-27,Swimming Pool,14:30
M00221,2026-05-02,Basketball,21:15
M00281,2026-05-17,Gym,15:00
M00577,2026-05-20,Badminton,08:00
M00073,2026-08-10,Basketball,21:15
M00039,2026-01-19,Badminton,08:00
M00411,2026-01-03,Badminton,08:00
M00049,2026-08-06,Badminton,11:00
M00155,2026-05-16,Football,19:45
M00122,2026-04-14,Football,07:00
M00041,2026-03-05,Badminton,10:00
M00206,2026-03-08,Football,16:30
M00567,2026-03-08,Swimming Pool,07:15
M00327,2026-02-20,Gym,19:00
M00490,2026-05-25,Gym,21:00
M00211,2026-08-24,Football,18:00
M00082,2026-03-24,Basketball,09:00
M00508,2026-01-30,Swimming Pool,10:00
M00597,2026-06-24,Badminton,06:15
M00311,2026-08-20,Basketball,06:15
M00534,2026-05-23,Gym,15:00
M00123,2026-02-03,Football,20:30
M00325,2026-02-04,Basketball,08:15
M00447,2026-05-02,Football,17:45
M00390,2026-03-17,Basketball,12:00
M00245,2026-05-22,Gym,07:45
M00309,2026-06-07,Gym,18:00
M00592,2026-03-15,Swimming Pool,13:15
M00122,2026-03-31,Badminton,07:00
M00244,2026-01-22,Badminton,12:30
M00053,2026-04-16,Football,19:15
M00398,2026-01-18,Basketball,14:30
M00346,2026-02-12,Badminton,11:45
M00320,2026-08-17,Gym,06:15
M00373,2026-03-14,Basketball,08:45
M00598,2026-05-19,Football,14:30
M00437,2026-04-10,Football,15:15
M00060,2026-01-08,Badminton,09:30
M00444,2026-04-26,Badminton,18:15
M00375,2026-04-04,Football,15:15
M00189,2026-04-25,Gym,20:15
M00400,2026-04-14,Swimming Pool,17:45
M00376,2026-01-07,Badminton,18:00
M00488,2026-01-06,Gym,08:30
M00282,2026-01-29,Swimming Pool,06:45
M00522,2026-06-15,Basketball,11:30
M00042,2026-07-21,Football,20:00
M00006,2026-01-01,Basketball,19:00
M00279,2026-07-25,Gym,21:15
M00550,2026-02-06,Gym,21:45
M00173,2026-02-19,Football,09:00
M00360,2026-08-11,Swimming Pool,10:15
M00147,2026-05-22,Swimming Pool,11:15
M00570,2026-02-09,Badminton,06:30
M00483,2026-03-25,Swimming Pool,12:30
M00305,2026-01-09,Gym,14:00
M00040,2026-07-05,Football,14:45
M00119,2026-02-28,Badminton,09:00
M00253,2026-03-30,Gym,16:15
M00327,2026-07-19,Basketball,10:15
M00544,2026-06-01,Swimming Pool,06:45
M00297,2026-01-31,Badminton,21:00
M00476,2026-05-15,Swimming Pool,06:15
M00554,2026-01-05,Gym,06:30
M00105,2026-06-09,Badminton,16:15
M00309,2026-01-20,Football,16:15
M00523,2026-07-14,Gym,14:30
M00481,2026-05-23,Basketball,20:30
M00132,2026-05-21,Gym,11:00
M00523,2026-06-22,Football,13:00
M00395,2026-02-26,Badminton,21:00
M00233,2026-04-29,Football,09:15
M00100,2026-02-26,Football,20:30
M00246,2026-07-30,Basketball,06:30
M00340,2026-05-22,Badminton,17:45
M00382,2026-06-01,Football,15:00
M00558,2026-07-14,Badminton,11:00
M00430,2026-06-04,Basketball,07:30
M00368,2026-08-17,Swimming Pool,19:00
M00387,2026-01-18,Gym,18:30
M00431,2026-04-28,Swimming Pool,13:45
M00280,2026-04-06,Basketball,07:00
M00409,2026-03-23,Swimming Pool,20:45
M00096,2026-08-26,Swimming Pool,19:00
M00307,2026-05-31,Football,07:15
M00367,2026-02-26,Gym,14:15
M00491,2026-07-05,Basketball,11:45
M00303,2026-03-10,Badminton,20:45
M00185,2026-03-24,Gym,15:15
M00247,2026-07-10,Swimming Pool,14:15
M00218,2026-03-19,Football,06:00
M00281,2026-01-21,Basketball,10:30
M00114,2026-07-04,Badminton,16:15
M00408,2026-06-03,Gym,16:30
M00323,2026-04-28,Badminton,06:45
M00179,2026-08-02,Basketball,18:00
M00167,2026-03-13,Swimming Pool,17:45
M00063,2026-03-03,Swimming Pool,13:15
M00347,2026-06-22,Football,15:30
M00186,2026-08-27,Swimming Pool,08:30
M00551,2026-08-24,Swimming Pool,18:15
M00048,2026-03-13,Gym,10:45
M00402,2026-02-17,Football,08:45
M00162,2026-01-26,Basketball,15:15
M00143,2026-08-01,Swimming Pool,06:30
M00090,2026-04-15,Basketball,11:00
M00368,2026-06-25,Swimming Pool,11:45
M00392,2026-06-04,Swimming Pool,21:00
M00406,2026-02-26,Swimming Pool,17:00
M00221,2026-02-01,Swimming Pool,11:00
M00310,2026-05-17,Badminton,06:15
M00155,2026-01-12,Basketball,09:00
M00109,2026-05-28,Swimming Pool,13:15
M00383,2026-06-08,Swimming Pool,21:45
M00087,2026-06-04,Gym,06:00
M00023,2026-02-17,Football,16:45
M00102,2026-04-07,Swimming Pool,11:30
M00386,2026-07-03,Badminton,21:00
M00527,2026-07-09,Badminton,17:30
M00003,2026-07-06,Basketball,10:15
M00001,2026-03-15,Badminton,12:15
M00240,2026-01-22,Basketball,20:45
M00548,2026-07-16,Gym,15:30
M00386,2026-03-16,Basketball,15:15
M00455,2026-01-04,Gym,15:30
M00201,2026-06-23,Football,09:00
M00463,2026-05-08,Basketball,19:45
M00349,2026-01-15,Badminton,11:45
M00429,2026-01-18,Swimming Pool,06:15
M00568,2026-01-23,Badminton,21:00
M00417,2026-06-19,Gym,07:15
M00136,2026-03-04,Gym,09:45
M00490,2026-06-10,Football,20:00
M00396,2026-06-11,Basketball,19:15
M00344,2026-03-04,Swimming Pool,10:15
M00498,2026-02-01,Football,17:15
M00074,2026-08-11,Swimming Pool,18:30
M00525,2026-04-05,Basketball,13:45
M00086,2026-01-22,Badminton,10:30
M00198,2026-01-06,Gym,06:15
M00465,2026-08-01,Badminton,13:15
M00250,2026-06-29,Gym,12:15
M00266,2026-04-22,Badminton,18:45
M00214,2026-02-02,Basketball,14:00
M00503,2026-06-18,Football,12:45
M00423,2026-03-29,Football,08:30
M00216,2026-08-24,Football,10:00
M00097,2026-01-26,Badminton,06:45
M00362,2026-02-11,Basketball,18:30
M00189,2026-04-21,Basketball,13:30
M00066,2026-07-26,Swimming Pool,21:15
M00287,2026-03-22,Badminton,13:15
M00501,2026-08-02,Badminton,18:30
M00396,2026-06-07,Basketball,19:30
M00542,2026-04-23,Football,15:45
M00164,2026-02-12,Badminton,15:30
M00124,2026-01-06,Badminton,19:15
M00323,2026-01-02,Basketball,10:45
M00335,2026-04-09,Football,16:00
M00147,2026-07-29,Gym,19:15
M00459,2026-08-13,Basketball,21:15
M00237,2026-07-09,Badminton,06:45
M00599,2026-07-19,Swimming Pool,14:30
M00142,2026-01-19,Swimming Pool,09:30
M00448,2026-08-11,Badminton,06:15
M00151,2026-07-21,Swimming Pool,15:45
M00473,2026-05-21,Gym,15:30
M00505,2026-07-05,Football,20:15
M00383,2026-01-30,Football,15:00
M00470,2026-01-07,Swimming Pool,13:15
M00096,2026-03-16,Basketball,10:15
M00198,2026-04-24,Swimming Pool,07:30
M00325,2026-01-17,Basketball,21:45
M00456,2026-01-04,Basketball,12:45
M00225,2026-06-21,Swimming Pool,19:15
M00005,2026-01-29,Gym,10:15
M00028,2026-07-30,Gym,15:30
M00130,2026-04-10,Badminton,12:15
M00218,2026-04-19,Basketball,18:00
M00522,2026-02-12,Football,18:45
M00088,2026-06-28,Swimming Pool,18:00
M00344,2026-06-13,Badminton,15:45
M00137,2026-01-07,Football,17:45
M00287,2026-05-26,Gym,09:15
M00150,2026-03-08,Football,17:00
M00578,2026-08-27,Swimming Pool,17:00
M00001,2026-01-20,Gym,16:30
M00401,2026-01-29,Basketball,17:00
M00554,2026-08-13,Gym,12:00
M00293,2026-03-07,Gym,07:30
M00063,2026-03-11,Swimming Pool,08:30
M00416,2026-04-09,Football,16:00
M00219,2026-08-02,Badminton,12:00
M00282,2026-05-12,Swimming Pool,21:30
M00470,2026-03-23,Badminton,07:15
M00044,2026-06-09,Gym,09:45
M00529,2026-08-27,Badminton,18:30
M00459,2026-01-29,Basketball,20:30
M00037,2026-01-24,Football,07:15
M00474,2026-07-22,Gym,18:15
M00496,2026-06-29,Gym,19:00
M00110,2026-04-04,Football,18:45
M00530,2026-04-19,Gym,08:45
M00395,2026-04-23,Badminton,12:15
M00164,2026-04-16,Gym,21:00
M00329,2026-08-10,Gym,16:15
M00384,2026-02-18,Badminton,17:00
M00357,2026-04-19,Badminton,20:15
M00559,2026-04-05,Swimming Pool,17:15
M00254,2026-05-29,Football,11:30
M00164,2026-04-10,Basketball,10:00
M00480,2026-08-20,Basketball,16:00
M00069,2026-06-24,Badminton,14:45
M00439,2026-05-21,Basketball,12:00
M00208,2026-01-02,Swimming Pool,16:15
M00162,2026-08-19,Basketball,11:45
M00394,2026-04-21,Football,13:30
M00325,2026-01-18,Badminton,07:15
M00328,2026-02-02,Football,17:30
M00437,2026-01-28,Swimming Pool,06:45
M00196,2026-08-29,Gym,21:15
M00009,2026-06-13,Basketball,13:15
M00496,2026-07-23,Basketball,21:45
M00119,2026-01-31,Football,15:15
M00327,2026-02-02,Basketball,18:15
M00002,2026-07-19,Football,07:00
M00454,2026-08-21,Gym,10:00
M00050,2026-07-31,Swimming Pool,14:15
M00199,2026-03-17,Badminton,21:15
M00054,2026-03-31,Basketball,20:45
M00097,2026-07-13,Football,19:00
M00594,2026-05-30,Basketball,09:45
M00374,2026-07-01,Football,19:30
M00409,2026-04-14,Basketball,19:30
M00042,2026-06-05,Football,18:15
M00200,2026-03-15,Badminton,06:00
M00376,2026-02-08,Swimming Pool,15:15
M00389,2026-06-24,Badminton,12:45
M00206,2026-06-27,Swimming Pool,10:00
M00594,2026-01-20,Badminton,13:00
M00470,2026-01-06,Badminton,15:45
M00250,2026-04-18,Gym,09:30
M00505,2026-07-21,Football,09:00
M00337,2026-01-10,Gym,07:00
M00407,2026-07-01,Swimming Pool,19:00
M00032,2026-05-10,Gym,10:45
M00358,2026-05-24,Football,12:30
M00480,2026-08-21,Badminton,20:15
M00226,2026-03-23,Badminton,12:30
M00504,2026-08-17,Gym,11:00
M00291,2026-05-27,Basketball,21:00
M00259,2026-04-09,Swimming Pool,19:45
M00291,2026-06-23,Swimming Pool,10:00
M00213,2026-01-24,Basketball,10:45
M00434,2026-04-04,Swimming Pool,10:30
M00403,2026-05-18,Badminton,14:15
M00511,2026-06-21,Swimming Pool,15:00
M00041,2026-07-27,Gym,10:00
M00560,2026-04-11,Gym,08:30
M00387,2026-07-22,Gym,16:00
M00025,2026-05-24,Badminton,14:15
M00147,2026-05-07,Gym,18:15
M00059,2026-08-14,Swimming Pool,13:30
M00431,2026-08-05,Swimming Pool,18:15
M00014,2026-01-23,Gym,07:00
M00054,2026-05-15,Football,13:00
M00567,2026-04-24,Football,09:00
M00318,2026-08-07,Football,07:15
M00540,2026-06-14,Swimming Pool,16:30
M00067,2026-03-27,Football,11:00
M00236,2026-01-13,Badminton,13:45
M00428,2026-04-19,Gym,13:45
M00404,2026-02-13,Football,06:00
M00144,2026-02-05,Basketball,08:30
M00586,2026-03-19,Basketball,14:45
M00004,2026-08-12,Badminton,13:00
M00091,2026-01-10,Badminton,12:15
M00009,2026-08-09,Football,19:45
M00208,2026-06-04,Basketball,15:15
M00097,2026-05-23,Football,09:30
M00144,2026-06-20,Basketball,13:45
M00418,2026-07-07,Badminton,06:00
M00416,2026-07-27,Basketball,19:45
M00101,2026-05-11,Basketball,21:45
M00129,2026-06-18,Football,12:45
M00242,2026-04-21,Football,17:00
M00090,2026-07-06,Basketball,11:45
M00412,2026-02-14,Football,11:15
M00436,2026-04-21,Basketball,20:00
M00584,2026-06-29,Swimming Pool,20:45
M00088,2026-04-12,Badminton,11:15
M00564,2026-08-23,Football,06:45
M00299,2026-05-29,Football,13:30
M00580,2026-05-18,Gym,10:30
M00350,2026-06-09,Basketball,21:45
M00156,2026-04-22,Badminton,21:45
M00304,2026-01-07,Football,12:30
M00545,2026-01-07,Badminton,06:00
M00298,2026-02-01,Basketball,09:45
M00338,2026-05-04,Football,12:00
M00143,2026-06-01,Badminton,18:30
M00096,2026-05-17,Football,20:00
M00117,2026-08-04,Badminton,19:00
M00058,2026-08-12,Badminton,07:00
M00189,2026-03-09,Badminton,11:45
M00575,2026-08-02,Basketball,17:45
M00051,2026-06-10,Swimming Pool,06:15
M00201,2026-01-05,Gym,09:15
M00349,2026-06-12,Gym,08:45
M00037,2026-05-07,Badminton,11:00
M00412,2026-06-19,Football,17:15
M00186,2026-02-11,Swimming Pool,12:45
M00216,2026-07-30,Gym,06:45
M00173,2026-08-15,Gym,06:45
M00201,2026-01-06,Swimming Pool,14:15
M00395,2026-06-16,Basketball,10:30
M00588,2026-04-26,Badminton,13:45
M00296,2026-01-07,Badminton,21:00
M00284,2026-03-20,Basketball,17:45
M00508,2026-03-07,Gym,18:45
M00214,2026-04-03,Badminton,14:30
M00225,2026-03-07,Badminton,08:30
M00390,2026-06-17,Basketball,19:30
M00527,2026-02-20,Badminton,12:30
M00576,2026-07-09,Swimming Pool,17:45
M00164,2026-08-07,Basketball,21:15
M00445,2026-04-11,Badminton,16:15
M00158,2026-01-08,Basketball,21:30
M00538,2026-05-01,Gym,15:15
M00163,2026-07-17,Basketball,12:30
M00308,2026-03-04,Basketball,16:00
M00365,2026-01-07,Badminton,16:00
M00370,2026-07-04,Gym,11:30
M00411,2026-04-29,Swimming Pool,06:00
M00469,2026-02-20,Badminton,11:15
M00581,2026-01-12,Basketball,20:15
M00502,2026-08-21,Swimming Pool,16:30
M00354,2026-06-20,Gym,13:00
M00065,2026-04-18,Swimming Pool,16:30
M00113,2026-04-01,Gym,10:00
M00308,2026-03-29,Gym,11:00
M00320,2026-02-23,Badminton,13:00
M00143,2026-08-21,Basketball,14:15
M00230,2026-07-12,Basketball,16:15
M00081,2026-07-24,Gym,09:15
M00245,2026-06-18,Badminton,06:30
M00171,2026-04-13,Badminton,11:45
M00271,2026-02-08,Football,19:45
M00188,2026-07-26,Badminton,09:00
M00537,2026-04-04,Basketball,13:15
M00568,2026-07-03,Badminton,17:30
M00351,2026-01-21,Badminton,19:00
M00083,2026-05-30,Swimming Pool,16:00
M00081,2026-05-03,Badminton,17:30
M00321,2026-07-13,Swimming Pool,20:00
M00428,2026-02-04,Basketball,11:00
M00426,2026-04-27,Swimming Pool,13:45
M00257,2026-04-09,Gym,10:00
M00326,2026-08-01,Basketball,17:45
M00171,2026-07-14,Basketball,14:00
M00178,2026-07-12,Basketball,06:30
M00539,2026-01-31,Football,20:45
M00164,2026-01-04,Football,07:45
M00585,2026-03-01,Gym,19:15
M00021,2026-07-22,Swimming Pool,16:00
M00447,2026-07-10,Basketball,07:30
M00344,2026-01-09,Badminton,10:15
M00429,2026-04-23,Swimming Pool,09:15
M00221,2026-03-13,Swimming Pool,07:30
M00515,2026-03-30,Gym,15:15
M00059,2026-02-07,Badminton,13:45
M00305,2026-04-04,Gym,10:15
M00244,2026-01-28,Swimming Pool,14:15
M00483,2026-04-03,Badminton,20:45
M00478,2026-02-17,Football,08:00
M00340,2026-03-16,Football,06:30
M00265,2026-02-19,Gym,12:30
M00255,2026-04-22,Football,17:15
M00087,2026-08-15,Gym,11:45
M00496,2026-01-31,Gym,16:00
M00418,2026-02-07,Football,09:45
M00130,2026-04-10,Badminton,08:45
M00219,2026-08-08,Swimming Pool,09:45
M00145,2026-06-25,Football,08:00
M00516,2026-05-06,Swimming Pool,10:15
M00101,2026-06-01,Football,13:45
M00581,2026-08-19,Gym,16:45
M00224,2026-06-23,Basketball,19:45
M00117,2026-07-17,Gym,17:15
M00579,2026-05-12,Basketball,21:00
M00453,2026-06-14,Badminton,17:00
M00383,2026-08-10,Swimming Pool,07:30
M00281,2026-03-23,Gym,06:15
M00007,2026-02-03,Basketball,13:45
M00569,2026-06-06,Gym,12:30
M00355,2026-08-14,Gym,11:30
M00516,2026-04-13,Basketball,18:00
M00244,2026-06-16,Gym,14:00
M00211,2026-03-11,Basketball,20:30
M00305,2026-06-10,Gym,10:15
M00435,2026-05-19,Football,09:00
M00078,2026-08-16,Swimming Pool,10:45
M00177,2026-01-19,Gym,16:00
M00250,2026-03-04,Badminton,18:00
M00103,2026-05-20,Badminton,11:15
M00003,2026-01-26,Swimming Pool,11:30
M00242,2026-02-14,Gym,12:00
M00397,2026-05-14,Gym,19:15
M00426,2026-08-04,Gym,13:00
M00491,2026-03-04,Basketball,06:45
M00523,2026-06-01,Badminton,21:45
M00494,2026-02-17,Gym,07:00
M00363,2026-02-03,Gym,14:00
M00052,2026-05-02,Gym,20:00
M00445,2026-03-03,Badminton,17:00
M00546,2026-08-03,Football,16:00
M00185,2026-02-25,Basketball,06:30
M00083,2026-07-15,Gym,08:30
M00312,2026-04-03,Badminton,17:45
M00484,2026-02-06,Football,18:30
M00347,2026-04-10,Gym,11:45
M00439,2026-05-08,Gym,13:45
M00457,2026-07-07,Gym,19:15
M00436,2026-03-03,Football,17:45
M00110,2026-02-04,Basketball,18:45
M00557,2026-02-26,Gym,17:30
M00507,2026-02-23,Basketball,09:15
M00558,2026-08-05,Football,21:30
M00048,2026-02-12,Swimming Pool,12:30
M00390,2026-01-18,Badminton,15:45
M00391,2026-02-15,Basketball,19:15
M00224,2026-01-01,Badminton,09:00
M00469,2026-04-17,Gym,15:15
M00105,2026-04-06,Swimming Pool,15:15
M00116,2026-06-03,Basketball,19:15
M00426,2026-03-09,Basketball,06:30
M00398,2026-03-22,Basketball,18:45
M00023,2026-02-25,Basketball,13:00
M00029,2026-03-13,Football,13:45
M00234,2026-04-13,Swimming Pool,08:30
M00591,2026-02-16,Swimming Pool,09:15
M00495,2026-08-28,Gym,18:30
M00229,2026-03-13,Gym,07:30
M00052,2026-04-07,Swimming Pool,09:00
M00557,2026-04-26,Swimming Pool,10:15
M00288,2026-05-03,Gym,12:00
M00090,2026-05-18,Gym,20:45
M00055,2026-08-06,Basketball,16:45
M00539,2026-06-06,Football,14:45
M00292,2026-05-29,Football,20:00
M00324,2026-02-11,Swimming Pool,09:45
M00128,2026-01-29,Badminton,19:30
M00428,2026-04-02,Football,09:00
M00010,2026-04-21,Gym,21:15
M00321,2026-04-15,Swimming Pool,09:45
M00205,2026-08-01,Gym,11:45
M00376,2026-08-02,Badminton,20:15
M00425,2026-01-27,Basketball,15:45
M00224,2026-05-05,Football,08:00
M00588,2026-08-03,Swimming Pool,07:45
M00544,2026-08-31,Swimming Pool,07:00
M00213,2026-06-14,Gym,21:00
M00437,2026-05-07,Badminton,12:15
M00118,2026-04-10,Swimming Pool,12:45
M00124,2026-07-25,Swimming Pool,08:45
M00540,2026-03-26,Badminton,07:00
M00318,2026-06-26,Football,07:15
M00488,2026-06-22,Swimming Pool,17:30
M00381,2026-05-13,Badminton,13:30
M00432,2026-08-20,Swimming Pool,09:15
M00494,2026-08-06,Badminton,12:15
M00149,2026-08-22,Badminton,16:00
M00449,2026-07-27,Badminton,08:15
M00331,2026-05-23,Gym,14:45
M00432,2026-08-18,Swimming Pool,09:15
M00193,2026-04-14,Gym,09:45
M00239,2026-05-27,Football,14:30
M00265,2026-01-26,Swimming Pool,14:30
M00240,2026-01-25,Badminton,18:15
M00054,2026-06-04,Swimming Pool,06:45
M00410,2026-05-14,Badminton,07:45
M00314,2026-04-03,Football,20:15
M00285,2026-08-23,Gym,11:00
M00472,2026-05-04,Swimming Pool,16:00
M00429,2026-04-13,Football,08:00
M00212,2026-02-25,Football,21:15
M00440,2026-04-26,Gym,21:15
M00124,2026-05-03,Swimming Pool,15:00
M00185,2026-03-20,Swimming Pool,11:15
M00277,2026-01-25,Football,13:00
M00422,2026-06-22,Swimming Pool,11:15
M00445,2026-03-22,Badminton,06:00
M00558,2026-01-26,Badminton,15:30
M00173,2026-03-17,Football,14:15
M00032,2026-02-10,Badminton,13:30
M00008,2026-06-28,Football,15:45
M00422,2026-03-31,Gym,09:45
M00067,2026-03-28,Basketball,14:00
M00590,2026-03-14,Gym,15:45
M00360,2026-02-19,Football,08:15
M00479,2026-01-10,Badminton,15:15
M00308,2026-08-03,Badminton,08:00
M00521,2026-08-21,Swimming Pool,18:00
M00073,2026-01-07,Swimming Pool,16:45
M00328,2026-06-07,Badminton,11:15
M00037,2026-06-12,Swimming Pool,13:45
M00392,2026-07-02,Basketball,19:45
M00178,2026-07-18,Swimming Pool,17:15
M00238,2026-05-18,Basketball,08:30
M00096,2026-08-02,Gym,12:00
M00237,2026-07-20,Badminton,10:30
M00153,2026-03-17,Gym,18:45
M00182,2026-05-12,Swimming Pool,14:45
M00196,2026-02-21,Badminton,13:15
M00264,2026-02-23,Basketball,17:00
M00540,2026-04-08,Basketball,14:00
M00520,2026-04-22,Badminton,15:15
M00292,2026-03-05,Football,11:45
M00137,2026-05-22,Badminton,16:00
M00461,2026-03-10,Swimming Pool,16:00
M00592,2026-08-09,Badminton,11:30
M00279,2026-08-14,Basketball,06:15
M00583,2026-04-20,Football,19:30
M00335,2026-02-23,Badminton,09:45
M00415,2026-03-26,Gym,14:45
M00128,2026-07-25,Football,12:00
M00039,2026-07-15,Football,16:30
M00140,2026-05-21,Football,20:15
M00282,2026-03-14,Football,18:45
M00529,2026-04-22,Basketball,20:30
M00468,2026-01-05,Basketball,09:45
M00023,2026-08-12,Basketball,07:00
M00268,2026-06-09,Basketball,08:00
M00027,2026-07-14,Swimming Pool,14:45
M00106,2026-03-28,Basketball,21:30
M00429,2026-04-21,Badminton,06:30
M00079,2026-05-19,Football,19:00
M00099,2026-04-09,Basketball,15:30
M00577,2026-08-16,Swimming Pool,12:30
M00213,2026-04-05,Football,19:30
M00020,2026-08-15,Badminton,16:00
M00344,2026-07-20,Basketball,19:15
M00497,2026-03-29,Badminton,07:15
M00271,2026-08-19,Swimming Pool,19:00
M00483,2026-08-01,Football,11:30
M00457,2026-02-01,Badminton,07:15
M00339,2026-01-15,Swimming Pool,16:45
M00439,2026-07-10,Swimming Pool,18:30
M00527,2026-07-22,Gym,19:15
M00530,2026-06-15,Badminton,13:45
M00573,2026-08-11,Gym,18:15
M00331,2026-05-12,Badminton,13:00
M00087,2026-01-06,Gym,10:45
M00563,2026-05-28,Basketball,16:00
M00214,2026-01-01,Badminton,17:15
M00502,2026-04-28,Badminton,18:45
M00050,2026-08-17,Swimming Pool,18:30
M00425,2026-02-07,Gym,12:45
M00221,2026-03-06,Badminton,15:15
M00265,2026-04-14,Football,18:15
M00239,2026-01-27,Football,08:15
M00201,2026-02-26,Badminton,20:45
M00091,2026-05-03,Gym,20:15
M00128,2026-08-15,Basketball,15:30
M00366,2026-04-29,Basketball,19:15
M00424,2026-08-16,Swimming Pool,18:15
M00402,2026-04-24,Football,16:00
M00522,2026-06-07,Football,21:45
M00272,2026-07-20,Basketball,17:30
M00294,2026-06-16,Swimming Pool,15:30
M00142,2026-05-31,Badminton,12:45
M00471,2026-07-21,Badminton,06:15
M00488,2026-04-10,Basketball,19:45
M00289,2026-01-07,Badminton,10:00
M00492,2026-04-18,Basketball,17:00
M00316,2026-06-02,Basketball,17:15
M00306,2026-01-23,Gym,16:45
M00213,2026-06-16,Swimming Pool,07:00
M00034,2026-06-14,Gym,14:00
M00419,2026-04-06,Basketball,17:15
M00248,2026-07-10,Badminton,14:30
M00251,2026-05-15,Badminton,19:30
M00252,2026-03-29,Swimming Pool,12:15
M00422,2026-04-21,Gym,06:00
M00267,2026-04-30,Gym,08:00
M00062,2026-07-08,Swimming Pool,15:30
M00432,2026-01-20,Gym,18:30
M00083,2026-01-23,Football,09:30
M00515,2026-02-25,Basketball,14:45
M00437,2026-01-20,Badminton,15:45
M00460,2026-04-19,Gym,19:45
M00001,2026-03-13,Basketball,19:45
M00393,2026-05-21,Swimming Pool,06:30
M00137,2026-04-05,Basketball,16:30
M00018,2026-05-15,Football,08:30
M00169,2026-06-29,Swimming Pool,13:00
M00185,2026-05-28,Swimming Pool,21:45
M00293,2026-08-07,Gym,16:30
M00493,2026-06-24,Swimming Pool,19:15
M00160,2026-01-18,Badminton,07:30
M00069,2026-02-25,Gym,18:45
M00034,2026-03-20,Basketball,15:45
M00250,2026-02-24,Football,08:30
M00465,2026-07-07,Football,16:15
M00268,2026-04-27,Badminton,15:15
M00003,2026-02-18,Badminton,14:30
M00106,2026-01-05,Swimming Pool,13:45
M00232,2026-08-03,Badminton,08:45
M00424,2026-03-21,Basketball,21:30
M00098,2026-02-22,Gym,12:30
M00079,2026-05-10,Swimming Pool,06:15
M00364,2026-05-12,Badminton,12:30
M00429,2026-07-17,Badminton,08:30
M00216,2026-06-09,Football,17:15
M00122,2026-05-06,Football,16:30
M00060,2026-07-27,Football,15:00
M00175,2026-05-22,Basketball,16:30
M00532,2026-08-03,Gym,18:45
M00354,2026-07-14,Football,11:15
M00551,2026-02-22,Gym,13:30
M00546,2026-07-15,Football,08:00
M00057,2026-02-20,Football,08:30
M00395,2026-02-18,Badminton,10:15
M00320,2026-08-23,Swimming Pool,09:30
M00589,2026-04-29,Swimming Pool,07:00
M00178,2026-01-17,Football,16:15
M00484,2026-08-20,Swimming Pool,15:00
M00090,2026-03-17,Basketball,08:15
M00256,2026-01-22,Badminton,17:30
M00201,2026-08-06,Gym,08:30
M00229,2026-01-10,Swimming Pool,07:30
M00304,2026-01-03,Basketball,20:00
M00103,2026-08-17,Gym,19:30
M00563,2026-03-19,Badminton,16:45
M00417,2026-07-09,Basketball,13:30
M00334,2026-08-15,Badminton,09:15
M00101,2026-02-06,Basketball,14:30
M00157,2026-01-15,Basketball,15:00
M00106,2026-01-06,Basketball,09:45
M00390,2026-06-26,Football,08:00
M00061,2026-08-18,Football,10:15
M00257,2026-02-04,Gym,18:15
M00428,2026-07-31,Football,10:15
M00086,2026-06-12,Basketball,17:45
M00175,2026-06-16,Basketball,18:15
M00032,2026-05-16,Swimming Pool,14:45
M00587,2026-07-24,Gym,06:00
M00354,2026-05-26,Swimming Pool,10:30
M00505,2026-02-03,Swimming Pool,20:00
M00207,2026-02-10,Swimming Pool,06:00
M00475,2026-08-22,Badminton,16:45
M00132,2026-03-07,Swimming Pool,20:00
M00149,2026-06-06,Badminton,08:30
M00343,2026-02-17,Gym,16:00
M00151,2026-08-22,Football,18:00
M00390,2026-01-12,Badminton,06:15
M00187,2026-03-09,Gym,19:30
M00308,2026-08-15,Basketball,14:45
M00409,2026-06-27,Football,16:00
M00594,2026-01-06,Badminton,08:30
M00447,2026-04-11,Badminton,12:00
M00097,2026-08-19,Basketball,16:30
M00442,2026-07-26,Swimming Pool,13:45
M00544,2026-05-11,Football,20:45
M00356,2026-04-19,Football,13:00
M00211,2026-04-10,Gym,19:15
M00142,2026-08-04,Football,06:00
M00101,2026-07-24,Swimming Pool,18:00
M00287,2026-05-04,Football,14:45
M00082,2026-07-12,Football,06:15
M00522,2026-01-05,Swimming Pool,16:00
M00263,2026-08-08,Football,16:15
M00574,2026-02-13,Football,15:30
M00076,2026-05-31,Gym,14:45
M00577,2026-07-07,Gym,17:15
M00316,2026-04-23,Swimming Pool,13:30
M00096,2026-07-08,Basketball,21:15
M00058,2026-07-29,Football,16:15
M00130,2026-06-18,Basketball,21:00
M00570,2026-03-07,Football,18:45
M00340,2026-04-08,Swimming Pool,11:30
M00548,2026-06-19,Swimming Pool,11:15
M00550,2026-08-19,Gym,09:15
M00158,2026-03-04,Badminton,12:00
M00448,2026-08-18,Football,16:45
M00549,2026-07-06,Badminton,19:45
M00420,2026-06-13,Basketball,06:45
M00286,2026-03-24,Football,13:45
M00276,2026-07-07,Badminton,16:45
M00343,2026-02-07,Gym,13:30
M00206,2026-01-21,Basketball,16:30
M00338,2026-06-03,Swimming Pool,21:30
M00551,2026-07-01,Basketball,14:00
M00066,2026-06-30,Badminton,18:15
M00439,2026-04-24,Badminton,09:00
M00505,2026-04-19,Badminton,16:15
M00275,2026-06-06,Basketball,17:30
M00074,2026-07-16,Badminton,19:30
M00115,2026-06-06,Basketball,20:45
M00244,2026-08-28,Gym,07:15
M00360,2026-07-08,Football,11:00
M00113,2026-04-12,Swimming Pool,07:00
M00336,2026-05-28,Basketball,10:15
M00288,2026-02-07,Swimming Pool,14:15
M00313,2026-07-17,Football,11:45
M00391,2026-04-16,Football,07:30
M00447,2026-06-17,Gym,08:00
M00282,2026-01-03,Swimming Pool,12:30
M00567,2026-01-02,Gym,16:15
M00450,2026-07-11,Swimming Pool,17:45
M00410,2026-07-11,Basketball,09:30
M00335,2026-03-08,Badminton,19:00
M00354,2026-03-04,Football,10:45
M00042,2026-06-07,Basketball,21:30
M00413,2026-06-12,Swimming Pool,21:15
M00050,2026-06-11,Badminton,12:45
M00307,2026-06-09,Football,08:00
M00157,2026-07-01,Football,17:45
M00456,2026-07-09,Swimming Pool,17:00
M00175,2026-01-22,Badminton,16:15
M00571,2026-03-04,Gym,21:45
M00349,2026-08-12,Badminton,10:00
M00163,2026-04-09,Swimming Pool,19:30
M00223,2026-08-30,Football,17:45
M00490,2026-06-14,Football,14:30
M00405,2026-01-01,Basketball,06:45
M00352,2026-01-22,Football,09:00
M00468,2026-05-04,Badminton,17:00
M00157,2026-05-27,Badminton,15:00
M00315,2026-06-04,Swimming Pool,16:15
M00103,2026-04-20,Badminton,11:15
M00530,2026-07-19,Badminton,21:30
M00451,2026-04-24,Basketball,17:45
M00327,2026-05-30,Gym,21:00
M00371,2026-03-25,Badminton,14:15
M00314,2026-02-26,Basketball,21:45
M00105,2026-03-28,Basketball,11:15
M00003,2026-08-01,Football,14:00
M00499,2026-04-14,Swimming Pool,15:00
M00355,2026-02-23,Badminton,20:45
M00128,2026-01-14,Gym,09:00
M00342,2026-06-14,Badminton,20:45
M00235,2026-07-16,Badminton,14:15
M00074,2026-07-29,Badminton,21:15
M00178,2026-04-01,Badminton,20:30
M00411,2026-03-07,Gym,13:30
M00277,2026-06-15,Basketball,15:00
M00403,2026-05-17,Badminton,17:45
M00220,2026-06-08,Badminton,10:15
M00149,2026-05-18,Badminton,17:30
M00566,2026-01-05,Football,17:45
M00309,2026-08-02,Basketball,17:00
M00419,2026-04-14,Gym,10:30
M00121,2026-07-18,Swimming Pool,19:15
M00245,2026-02-24,Badminton,20:00
M00308,2026-01-05,Basketball,09:30
M00411,2026-07-26,Football,20:00
M00261,2026-07-06,Basketball,21:15
M00298,2026-02-01,Football,17:30
M00586,2026-03-29,Gym,12:45
M00291,2026-04-06,Basketball,07:00
M00473,2026-01-07,Swimming Pool,18:00
M00020,2026-01-20,Basketball,17:00
M00041,2026-07-14,Gym,20:00
M00393,2026-04-28,Football,14:00
M00501,2026-05-20,Basketball,11:30
M00322,2026-06-24,Gym,18:15
M00113,2026-07-11,Badminton,13:45
M00456,2026-04-13,Swimming Pool,17:15
M00439,2026-05-05,Swimming Pool,17:30
M00540,2026-06-02,Basketball,07:45
M00060,2026-04-27,Swimming Pool,10:15
M00277,2026-07-19,Gym,12:15
M00354,2026-07-29,Gym,12:00
M00077,2026-03-11,Swimming Pool,07:45
M00318,2026-02-12,Basketball,15:15
M00443,2026-04-14,Swimming Pool,16:45
M00582,2026-04-16,Basketball,08:30
M00533,2026-01-06,Swimming Pool,06:00
M00468,2026-06-22,Swimming Pool,17:45
M00374,2026-05-24,Swimming Pool,18:00
M00526,2026-02-14,Badminton,11:45
M00243,2026-08-18,Basketball,14:00
M00145,2026-08-15,Football,18:45
M00598,2026-01-27,Gym,10:15
M00201,2026-07-23,Swimming Pool,08:30
M00171,2026-03-24,Swimming Pool,18:00
M00111,2026-05-30,Basketball,10:30
M00314,2026-04-11,Badminton,20:30
M00280,2026-04-07,Badminton,12:15
M00384,2026-06-25,Badminton,14:30
M00079,2026-01-29,Football,09:30
M00088,2026-02-24,Basketball,20:15
M00524,2026-01-05,Badminton,10:00
M00212,2026-05-22,Football,09:15
M00456,2026-08-03,Basketball,15:00
M00550,2026-07-19,Badminton,21:00
M00267,2026-04-08,Swimming Pool,11:00
M00077,2026-03-08,Football,13:15
M00249,2026-03-24,Badminton,07:00
M00114,2026-02-17,Basketball,11:15
M00399,2026-01-03,Swimming Pool,06:45
M00405,2026-08-24,Badminton,20:45
M00048,2026-07-07,Football,06:45
M00495,2026-04-22,Gym,13:45
M00387,2026-02-06,Football,17:00
M00495,2026-04-18,Basketball,08:45
M00190,2026-01-25,Basketball,10:00
M00289,2026-05-20,Football,18:00
M00307,2026-01-27,Football,18:15
M00046,2026-02-27,Swimming Pool,18:30
M00337,2026-07-23,Basketball,14:45
M00479,2026-03-18,Gym,08:45
M00038,2026-03-24,Swimming Pool,06:45
M00257,2026-07-23,Football,07:45
M00016,2026-02-28,Badminton,10:30
M00118,2026-06-30,Football,20:00
M00127,2026-05-22,Gym,17:00
M00193,2026-04-12,Football,10:45
M00476,2026-01-03,Basketball,14:15
M00121,2026-03-27,Swimming Pool,08:15
M00408,2026-07-06,Swimming Pool,16:15
M00412,2026-07-23,Gym,10:15
M00116,2026-04-19,Football,06:45
M00376,2026-07-22,Badminton,06:15
M00238,2026-02-20,Badminton,13:30
M00197,2026-06-24,Football,08:00
M00419,2026-04-03,Basketball,13:30
M00087,2026-05-03,Badminton,16:30
M00387,2026-05-27,Swimming Pool,17:00
M00027,2026-08-13,Swimming Pool,08:30
M00049,2026-08-21,Gym,10:15
M00194,2026-01-23,Football,16:30
M00526,2026-06-12,Football,21:00
M00226,2026-03-28,Football,20:00
M00505,2026-08-26,Basketball,08:45
M00028,2026-02-19,Gym,17:45
M00513,2026-04-26,Gym,15:00
M00133,2026-03-06,Basketball,06:30
M00096,2026-04-11,Badminton,13:30
M00214,2026-03-03,Basketball,18:30
M00119,2026-07-13,Football,20:45
M00469,2026-04-29,Basketball,07:00
M00398,2026-03-13,Swimming Pool,15:30
M00466,2026-06-23,Swimming Pool,08:45
M00243,2026-01-12,Swimming Pool,13:15
M00271,2026-05-29,Basketball,20:30
M00512,2026-08-18,Badminton,16:00
M00001,2026-03-19,Football,14:00
M00311,2026-06-29,Basketball,12:00
M00555,2026-01-24,Badminton,18:00
M00350,2026-08-05,Badminton,11:45
M00053,2026-04-27,Football,17:30
M00489,2026-04-16,Gym,09:00
M00053,2026-05-04,Football,21:45
M00315,2026-08-14,Basketball,17:30
M00360,2026-04-18,Badminton,20:15
M00525,2026-05-25,Basketball,10:15
M00397,2026-06-24,Football,12:30
M00520,2026-03-28,Badminton,06:15
M00594,2026-01-03,Football,14:45
M00542,2026-08-08,Badminton,19:00
M00445,2026-04-08,Football,11:45
M00070,2026-02-25,Football,10:45
M00562,2026-05-02,Gym,20:45
M00468,2026-04-23,Football,17:45
M00042,2026-07-13,Swimming Pool,19:15
M00386,2026-02-27,Basketball,20:15
M00455,2026-01-18,Gym,07:45
M00245,2026-04-02,Gym,10:45
M00177,2026-02-17,Gym,19:15
M00295,2026-02-21,Swimming Pool,13:15
M00248,2026-01-14,Swimming Pool,12:15
M00259,2026-03-13,Basketball,06:45
M00029,2026-08-02,Basketball,14:15
M00003,2026-04-13,Football,17:15
M00196,2026-03-29,Basketball,18:30
M00144,2026-06-03,Badminton,08:15
M00518,2026-03-29,Swimming Pool,21:00
M00034,2026-07-21,Basketball,14:30
M00544,2026-08-15,Football,16:30
M00545,2026-05-03,Badminton,13:00
M00120,2026-05-29,Football,06:30
M00171,2026-04-03,Badminton,15:15
M00543,2026-07-25,Gym,16:15
M00455,2026-04-16,Badminton,10:30
M00342,2026-07-24,Gym,21:45
M00564,2026-05-16,Basketball,18:00
M00185,2026-01-11,Swimming Pool,10:15
M00126,2026-03-05,Gym,21:00
M00096,2026-06-09,Badminton,18:45
M00214,2026-06-01,Football,10:45
M00580,2026-05-15,Basketball,11:45
M00208,2026-07-31,Gym,14:15
M00318,2026-05-26,Badminton,19:15
M00591,2026-07-29,Gym,21:45
M00318,2026-03-18,Gym,19:00
M00241,2026-02-19,Swimming Pool,06:45
M00005,2026-01-05,Badminton,08:00
M00184,2026-05-15,Basketball,15:30
M00082,2026-02-08,Gym,10:15
M00004,2026-01-22,Basketball,17:30
M00376,2026-08-31,Badminton,08:45
M00283,2026-05-16,Basketball,10:00
M00057,2026-08-11,Badminton,18:45
M00135,2026-08-12,Basketball,16:00
M00101,2026-04-02,Swimming Pool,18:45
M00259,2026-03-12,Swimming Pool,07:15
M00408,2026-01-15,Basketball,16:30
M00556,2026-08-27,Swimming Pool,12:00
M00587,2026-04-06,Football,21:15
M00244,2026-06-26,Football,12:45
M00548,2026-07-01,Gym,19:00
M00091,2026-08-10,Badminton,16:45
M00158,2026-02-28,Swimming Pool,18:45
M00078,2026-03-10,Football,16:00
M00472,2026-01-02,Gym,17:00
M00110,2026-05-25,Basketball,21:45
M00136,2026-01-08,Football,10:30
M00076,2026-05-27,Swimming Pool,07:00
M00576,2026-02-09,Football,17:15
M00244,2026-02-28,Swimming Pool,20:00
M00276,2026-05-28,Swimming Pool,21:30
M00518,2026-02-11,Football,09:30
M00549,2026-08-29,Badminton,16:00
M00080,2026-04-20,Swimming Pool,20:00
M00290,2026-06-03,Swimming Pool,06:45
M00343,2026-08-01,Basketball,15:00
M00318,2026-08-23,Swimming Pool,15:45
M00244,2026-05-30,Basketball,11:45
M00134,2026-03-30,Football,08:15
M00072,2026-02-15,Badminton,21:45
M00242,2026-07-14,Basketball,20:45
M00176,2026-08-14,Badminton,15:15
M00314,2026-02-20,Badminton,15:45
M00532,2026-05-07,Swimming Pool,18:30
M00488,2026-01-29,Badminton,18:30
M00229,2026-08-17,Football,07:15
M00586,2026-01-13,Swimming Pool,14:00
M00304,2026-02-02,Badminton,21:45
M00052,2026-06-10,Gym,07:30
M00010,2026-06-03,Gym,19:30
M00495,2026-02-28,Basketball,19:15
M00295,2026-08-14,Swimming Pool,18:45
M00142,2026-02-02,Badminton,14:15
M00034,2026-02-26,Basketball,13:00
M00087,2026-07-03,Badminton,07:00
M00341,2026-02-07,Basketball,13:00
M00117,2026-07-12,Basketball,11:15
M00406,2026-03-21,Gym,14:45
M00337,2026-04-18,Football,06:00
M00068,2026-05-14,Badminton,10:15
M00223,2026-03-26,Football,14:45
M00314,2026-02-11,Swimming Pool,13:30
M00428,2026-06-25,Basketball,21:45
M00085,2026-04-01,Swimming Pool,06:15
M00171,2026-04-21,Swimming Pool,15:45
M00242,2026-04-14,Badminton,06:00
M00208,2026-02-06,Football,06:00
M00057,2026-04-21,Badminton,20:45
M00070,2026-08-10,Badminton,15:15
M00463,2026-05-09,Basketball,13:30
M00326,2026-03-08,Gym,15:15
M00255,2026-02-01,Basketball,21:15
M00063,2026-07-08,Basketball,20:30
M00275,2026-08-31,Football,13:15
M00314,2026-03-01,Football,18:00
M00284,2026-03-23,Swimming Pool,11:30
M00179,2026-05-12,Basketball,13:30
M00468,2026-02-20,Swimming Pool,09:15
M00253,2026-01-06,Basketball,13:30
M00349,2026-03-05,Swimming Pool,07:15
M00236,2026-04-19,Badminton,09:15
M00157,2026-03-17,Basketball,14:00
M00584,2026-05-18,Badminton,12:45
M00162,2026-01-15,Swimming Pool,13:30
M00046,2026-03-24,Gym,18:00
M00129,2026-03-05,Swimming Pool,16:00
M00030,2026-05-05,Gym,17:30
M00333,2026-05-17,Basketball,07:30
M00054,2026-03-11,Swimming Pool,10:30
M00350,2026-04-11,Badminton,08:00
M00161,2026-04-06,Badminton,08:15
M00329,2026-03-01,Football,07:45
M00530,2026-01-20,Football,08:15
M00354,2026-08-20,Gym,17:15
M00318,2026-06-06,Badminton,08:45
M00113,2026-03-27,Basketball,16:30
M00509,2026-02-01,Basketball,19:15
M00178,2026-05-12,Swimming Pool,14:45
M00252,2026-01-05,Basketball,09:45
M00138,2026-08-05,Gym,17:45
M00244,2026-03-22,Swimming Pool,06:00
M00470,2026-04-22,Gym,16:00
M00297,2026-02-09,Gym,16:45
M00513,2026-07-27,Badminton,19:45
M00472,2026-08-13,Gym,15:15
M00221,2026-06-27,Basketball,06:00
M00039,2026-01-28,Gym,08:30
M00428,2026-07-07,Gym,07:15
M00153,2026-05-05,Football,09:15
M00040,2026-03-13,Basketball,09:45
M00249,2026-05-23,Football,09:45
M00521,2026-05-02,Football,17:00
M00541,2026-07-29,Badminton,19:00
M00359,2026-06-10,Gym,18:30
M00410,2026-07-14,Football,11:45
M00491,2026-02-15,Football,07:00
M00491,2026-02-09,Basketball,11:00
M00568,2026-01-29,Badminton,20:15
M00198,2026-04-28,Swimming Pool,17:45
M00290,2026-01-05,Basketball,13:00
M00547,2026-02-26,Gym,18:45
M00533,2026-07-14,Football,17:00
M00262,2026-03-30,Badminton,12:45
M00473,2026-08-17,Gym,14:45
M00493,2026-03-09,Football,07:45
M00389,2026-05-15,Football,19:45
M00382,2026-01-18,Football,16:45
M00104,2026-01-22,Basketball,15:30
M00442,2026-01-12,Badminton,17:45
M00213,2026-03-19,Swimming Pool,08:00
M00450,2026-02-23,Football,10:00
M00034,2026-02-04,Badminton,17:45
M00340,2026-07-14,Swimming Pool,13:45
M00489,2026-05-04,Swimming Pool,06:15
M00102,2026-04-07,Basketball,21:00
M00165,2026-08-03,Basketball,09:30
M00290,2026-05-21,Basketball,10:00
M00106,2026-02-06,Badminton,07:15
M00384,2026-07-29,Badminton,16:30
M00025,2026-06-18,Gym,16:30
M00033,2026-05-10,Gym,12:45
M00412,2026-06-11,Basketball,13:45
M00139,2026-03-21,Basketball,09:45
M00220,2026-01-04,Swimming Pool,15:15
M00539,2026-02-26,Gym,06:00
M00595,2026-01-21,Badminton,13:30
M00162,2026-06-07,Badminton,13:00
M00504,2026-06-27,Badminton,09:45
M00582,2026-05-25,Basketball,16:30
M00424,2026-07-13,Basketball,10:45
M00200,2026-04-02,Gym,18:15
M00149,2026-03-28,Swimming Pool,20:30
M00414,2026-01-15,Gym,11:15
M00256,2026-01-10,Swimming Pool,13:30
M00040,2026-04-06,Basketball,20:45
M00105,2026-02-17,Badminton,08:30
M00532,2026-05-25,Gym,14:00
M00529,2026-08-06,Swimming Pool,06:30
M00072,2026-04-16,Basketball,19:00
M00556,2026-07-25,Gym,11:15
M00594,2026-02-02,Basketball,15:30
M00498,2026-06-12,Football,07:45
M00199,2026-04-17,Gym,16:15
M00486,2026-04-11,Football,16:30
M00311,2026-03-19,Swimming Pool,06:15
M00164,2026-07-24,Badminton,10:30
M00550,2026-05-20,Basketball,12:00
M00251,2026-08-11,Basketball,13:45
M00079,2026-03-18,Badminton,07:15
M00076,2026-08-03,Gym,07:15
M00390,2026-06-23,Basketball,09:30
M00125,2026-06-04,Swimming Pool,19:00
M00393,2026-01-22,Gym,14:45
M00095,2026-08-12,Football,09:00
M00595,2026-07-25,Football,10:30
M00388,2026-06-18,Football,10:30
M00498,2026-04-15,Football,12:30
M00065,2026-01-12,Swimming Pool,14:00
M00288,2026-01-24,Swimming Pool,08:00
M00114,2026-08-30,Football,09:30
M00010,2026-08-31,Badminton,08:15
M00161,2026-03-22,Gym,20:00
M00318,2026-03-21,Basketball,07:30
M00425,2026-01-01,Football,14:00
M00396,2026-04-27,Gym,15:45
M00540,2026-02-24,Gym,06:15
M00108,2026-03-09,Badminton,18:30
M00323,2026-05-02,Swimming Pool,10:45
M00336,2026-06-19,Basketball,14:00
M00466,2026-07-05,Badminton,06:15
M00220,2026-08-08,Basketball,14:30
M00595,2026-06-07,Football,20:00
M00236,2026-03-05,Football,09:15
M00403,2026-07-11,Football,15:00
M00191,2026-07-28,Basketball,15:00
M00005,2026-08-02,Basketball,06:15
M00172,2026-04-20,Basketball,17:15
M00067,2026-06-29,Football,07:30
M00501,2026-08-25,Basketball,13:00
M00038,2026-01-21,Gym,18:30
M00303,2026-04-15,Gym,11:30
M00232,2026-04-12,Gym,18:30
M00022,2026-01-16,Badminton,20:30
M00534,2026-04-13,Basketball,15:45
M00598,2026-07-28,Football,14:30
M00530,2026-01-18,Basketball,06:15
M00416,2026-07-26,Gym,06:00
M00467,2026-07-24,Basketball,06:00
M00456,2026-05-05,Swimming Pool,21:30
M00588,2026-08-21,Badminton,12:15
M00038,2026-04-24,Football,09:00
M00076,2026-04-24,Gym,19:00
M00038,2026-03-13,Football,06:15
M00096,2026-03-10,Badminton,15:00
M00366,2026-03-27,Football,19:45
M00287,2026-02-28,Swimming Pool,13:30
M00579,2026-07-06,Basketball,16:30
M00166,2026-02-28,Football,09:45
M00028,2026-07-29,Swimming Pool,13:30
M00250,2026-08-21,Gym,07:30
M00600,2026-05-30,Swimming Pool,18:45
M00357,2026-02-24,Basketball,09:45
M00468,2026-03-02,Gym,20:15
M00582,2026-08-11,Badminton,19:15
M00280,2026-05-10,Basketball,10:15
M00574,2026-07-30,Badminton,18:30
M00250,2026-08-02,Football,10:45
M00398,2026-05-22,Basketball,08:30
M00081,2026-08-25,Swimming Pool,14:15
M00128,2026-08-18,Basketball,18:45
M00035,2026-04-21,Gym,17:30
M00573,2026-06-14,Gym,21:15
M00328,2026-04-29,Football,10:00
M00125,2026-04-10,Swimming Pool,16:00
M00403,2026-06-28,Football,12:30
M00270,2026-04-11,Badminton,18:15
M00548,2026-06-27,Football,20:00
M00105,2026-08-29,Badminton,16:30
M00498,2026-01-02,Swimming Pool,13:30
M00136,2026-05-02,Gym,18:45
M00598,2026-02-08,Badminton,16:15
M00057,2026-03-26,Gym,11:45
M00055,2026-01-02,Gym,08:00
M00057,2026-01-22,Badminton,19:00
M00426,2026-01-19,Football,20:15
M00576,2026-03-08,Badminton,08:15
M00090,2026-08-07,Swimming Pool,06:00
M00570,2026-05-12,Swimming Pool,12:30
M00385,2026-08-02,Football,07:45
M00490,2026-02-02,Swimming Pool,12:00
M00063,2026-03-09,Badminton,09:45
M00478,2026-08-31,Swimming Pool,19:30
M00325,2026-07-05,Basketball,08:15
M00130,2026-01-19,Football,10:15
M00022,2026-04-16,Swimming Pool,08:45
M00295,2026-02-01,Basketball,18:00
M00229,2026-08-01,Gym,10:15
M00424,2026-03-09,Gym,19:15
M00434,2026-05-10,Swimming Pool,16:00
M00424,2026-08-05,Basketball,19:30
M00016,2026-08-03,Swimming Pool,10:15
M00592,2026-06-20,Gym,13:15
M00352,2026-02-05,Football,10:45
M00466,2026-08-22,Gym,11:45
M00247,2026-04-29,Football,14:30
M00170,2026-08-28,Swimming Pool,16:15
M00425,2026-07-14,Badminton,14:30
M00533,2026-03-13,Swimming Pool,19:45
M00520,2026-01-29,Gym,08:30
M00228,2026-02-26,Gym,19:30
M00025,2026-06-04,Football,06:30
M00576,2026-05-08,Basketball,08:30
M00325,2026-06-29,Badminton,07:45
M00171,2026-07-19,Basketball,21:00
M00176,2026-08-25,Badminton,09:15
M00017,2026-07-02,Badminton,18:15
M00480,2026-02-13,Gym,19:15
M00407,2026-04-12,Gym,12:15
M00195,2026-03-24,Football,15:00
M00549,2026-07-23,Gym,11:30
M00353,2026-06-18,Football,21:45
M00233,2026-07-04,Basketball,12:30
M00501,2026-08-07,Football,16:30
M00070,2026-05-25,Swimming Pool,14:45
M00276,2026-06-24,Gym,08:00
M00491,2026-06-22,Swimming Pool,18:45
M00013,2026-02-25,Football,19:15
M00364,2026-04-11,Basketball,19:00
M00106,2026-02-11,Badminton,15:15
M00211,2026-02-23,Gym,06:00
M00371,2026-04-12,Swimming Pool,07:15
M00592,2026-02-12,Badminton,10:45
M00229,2026-08-21,Swimming Pool,09:00
M00484,2026-06-24,Football,12:00
M00176,2026-06-12,Basketball,13:45
M00362,2026-07-15,Badminton,17:15
M00189,2026-01-01,Basketball,10:00
M00066,2026-06-07,Basketball,06:30
M00142,2026-05-20,Basketball,14:00
M00448,2026-06-24,Swimming Pool,21:45
M00215,2026-06-11,Basketball,16:00
M00161,2026-06-09,Badminton,17:30
M00094,2026-06-25,Gym,06:30
M00083,2026-01-09,Football,09:30
M00551,2026-07-16,Badminton,10:15
M00440,2026-08-13,Swimming Pool,12:00
M00014,2026-02-23,Basketball,06:45
M00138,2026-02-03,Swimming Pool,16:00
M00158,2026-07-10,Football,13:00
M00195,2026-06-21,Badminton,10:30
M00203,2026-04-27,Badminton,12:00
M00446,2026-07-16,Football,10:00
M00115,2026-08-12,Basketball,18:15
M00127,2026-04-19,Basketball,18:45
M00313,2026-01-03,Swimming Pool,12:00
M00261,2026-04-06,Badminton,14:00
M00020,2026-04-10,Gym,19:45
M00271,2026-05-29,Basketball,06:00
M00560,2026-03-15,Badminton,16:00
M00103,2026-03-26,Gym,21:45
M00307,2026-02-06,Football,19:15
M00529,2026-01-01,Football,10:30
M00099,2026-01-31,Badminton,06:30
M00019,2026-06-17,Football,19:45
M00102,2026-07-07,Swimming Pool,09:30
M00167,2026-07-01,Badminton,17:15
M00251,2026-06-28,Swimming Pool,10:00
M00333,2026-05-09,Football,12:45
M00456,2026-06-12,Badminton,13:30
M00278,2026-07-09,Gym,15:45
M00415,2026-02-14,Badminton,12:30
M00048,2026-07-17,Gym,08:00
M00338,2026-07-18,Swimming Pool,16:30
M00519,2026-06-25,Basketball,11:45
M00457,2026-06-30,Football,11:45
M00042,2026-02-26,Gym,20:30
M00545,2026-05-31,Gym,13:00
M00261,2026-08-21,Badminton,06:45
M00121,2026-08-03,Football,19:00
M00317,2026-07-31,Swimming Pool,11:15
M00377,2026-06-29,Badminton,15:30
M00186,2026-01-12,Badminton,17:45
M00454,2026-03-24,Basketball,21:00
M00110,2026-06-24,Swimming Pool,20:15
M00019,2026-07-01,Badminton,16:45
M00422,2026-02-06,Basketball,14:30
M00107,2026-01-23,Basketball,06:30
M00544,2026-05-27,Basketball,07:00
M00357,2026-06-18,Swimming Pool,11:00
M00211,2026-02-21,Basketball,18:00
M00008,2026-08-23,Football,12:30
M00470,2026-04-21,Gym,10:15
M00008,2026-06-25,Basketball,14:45
M00109,2026-07-09,Gym,13:45
M00592,2026-08-15,Football,10:45
M00108,2026-06-12,Badminton,18:00
M00226,2026-02-24,Football,21:30
M00150,2026-05-12,Badminton,18:00
M00560,2026-07-17,Badminton,13:45
M00406,2026-06-28,Swimming Pool,07:00
M00005,2026-05-01,Swimming Pool,21:30
M00597,2026-06-06,Badminton,14:30
M00474,2026-06-25,Badminton,15:30
M00113,2026-08-06,Gym,20:45
M00596,2026-08-20,Swimming Pool,19:15
M00395,2026-06-13,Badminton,15:15
M00305,2026-07-16,Basketball,17:00
M00401,2026-01-08,Badminton,13:30
M00594,2026-06-16,Football,12:30
M00582,2026-07-09,Gym,20:45
M00373,2026-05-10,Badminton,20:15
M00509,2026-03-26,Basketball,08:45
M00489,2026-05-15,Badminton,12:30
M00040,2026-05-06,Swimming Pool,07:45
M00101,2026-07-26,Basketball,20:45
M00097,2026-08-14,Swimming Pool,16:00
M00003,2026-05-06,Football,12:45
M00598,2026-02-10,Swimming Pool,12:15
M00514,2026-03-24,Badminton,06:15
M00194,2026-04-15,Football,16:15
M00568,2026-03-27,Gym,11:15
M00090,2026-07-15,Swimming Pool,18:30
M00201,2026-02-10,Basketball,13:30
M00339,2026-07-27,Gym,15:45
M00160,2026-03-09,Football,07:15
M00144,2026-02-02,Swimming Pool,14:45
M00499,2026-01-20,Badminton,19:30
M00035,2026-05-30,Swimming Pool,17:30
M00377,2026-03-30,Basketball,07:15
M00038,2026-01-11,Basketball,09:45
M00258,2026-01-19,Swimming Pool,19:30
M00272,2026-08-28,Badminton,14:45
M00402,2026-01-29,Swimming Pool,09:15
M00096,2026-06-12,Swimming Pool,21:00
M00429,2026-03-25,Gym,20:45
M00106,2026-08-20,Swimming Pool,11:15
M00555,2026-06-16,Swimming Pool,06:30
M00396,2026-03-17,Badminton,19:30
M00255,2026-06-21,Gym,14:30
M00379,2026-03-24,Badminton,16:00
M00130,2026-04-15,Swimming Pool,16:45
M00007,2026-05-08,Basketball,21:30
M00222,2026-03-01,Swimming Pool,21:45
M00197,2026-05-28,Football,07:30
M00421,2026-01-10,Gym,11:15
M00410,2026-05-25,Basketball,10:45
M00577,2026-01-05,Swimming Pool,11:15
M00064,2026-05-25,Basketball,17:30
M00024,2026-04-13,Gym,20:00
M00443,2026-06-14,Basketball,06:00
M00349,2026-06-23,Gym,11:00
M00058,2026-02-23,Football,12:30
M00317,2026-06-06,Gym,20:45
M00488,2026-08-17,Swimming Pool,09:45
M00187,2026-07-06,Gym,12:15
M00237,2026-05-31,Gym,11:45
M00151,2026-01-29,Gym,16:15
M00026,2026-05-03,Gym,11:15
M00428,2026-01-11,Gym,10:15
M00524,2026-03-01,Basketball,20:30
M00187,2026-04-27,Gym,16:30
M00574,2026-03-24,Basketball,20:15
M00561,2026-08-27,Swimming Pool,07:45
M00199,2026-02-08,Swimming Pool,06:00
M00172,2026-04-18,Football,07:30
M00265,2026-04-17,Basketball,17:30
M00141,2026-07-09,Badminton,21:45
M00014,2026-08-05,Football,19:00
M00437,2026-08-15,Badminton,20:15
M00264,2026-08-23,Badminton,11:30
M00473,2026-02-25,Basketball,20:30
M00481,2026-05-07,Football,14:00
M00453,2026-01-01,Football,14:45
M00326,2026-05-03,Basketball,20:00
M00445,2026-01-23,Swimming Pool,20:15
M00559,2026-03-20,Swimming Pool,18:00
M00140,2026-05-12,Swimming Pool,18:00
M00387,2026-03-07,Gym,20:00
M00002,2026-03-29,Swimming Pool,21:00
M00529,2026-08-30,Basketball,07:30
M00397,2026-07-06,Basketball,06:15
M00077,2026-06-26,Basketball,18:30
M00484,2026-08-11,Football,17:00
M00148,2026-04-30,Football,12:00
M00179,2026-07-14,Badminton,10:30
M00244,2026-04-06,Badminton,08:45
M00019,2026-01-22,Football,08:30
M00570,2026-01-06,Football,20:00
M00122,2026-05-01,Gym,18:45
M00106,2026-04-04,Swimming Pool,07:45
M00479,2026-06-16,Gym,07:45
M00293,2026-01-15,Badminton,13:15
M00435,2026-05-21,Football,17:45
M00389,2026-04-26,Swimming Pool,15:45
M00086,2026-06-21,Gym,16:00
M00094,2026-01-09,Football,06:00
M00481,2026-01-14,Gym,21:30
M00029,2026-07-05,Swimming Pool,06:30
M00050,2026-02-08,Badminton,15:45
M00168,2026-06-25,Swimming Pool,11:00
M00084,2026-01-04,Swimming Pool,21:30
M00485,2026-03-10,Basketball,16:15
M00433,2026-03-24,Football,20:30
M00261,2026-08-01,Swimming Pool,17:15
M00393,2026-06-19,Football,14:15
M00058,2026-03-14,Gym,18:30
M00116,2026-03-31,Swimming Pool,20:30
M00041,2026-08-29,Badminton,08:15
M00245,2026-04-28,Football,13:45
M00434,2026-07-23,Basketball,20:45
M00547,2026-01-30,Basketball,06:30
M00352,2026-05-08,Gym,20:30
M00048,2026-07-24,Badminton,15:45
M00529,2026-05-11,Gym,14:30
M00036,2026-05-12,Gym,12:30
M00516,2026-04-13,Swimming Pool,15:00
M00365,2026-04-24,Badminton,14:30
M00028,2026-05-25,Football,19:15
M00188,2026-03-08,Badminton,13:30
M00149,2026-04-23,Football,09:00
M00120,2026-01-24,Gym,17:00
M00548,2026-03-06,Basketball,19:30
M00228,2026-07-29,Swimming Pool,08:15
M00366,2026-07-31,Football,19:00
M00513,2026-06-20,Swimming Pool,07:45
M00204,2026-06-16,Badminton,06:00
M00160,2026-02-07,Basketball,14:15
M00355,2026-06-07,Basketball,10:00
M00343,2026-08-06,Badminton,15:15
M00589,2026-05-13,Basketball,09:15
M00066,2026-08-07,Badminton,21:30
M00553,2026-03-13,Basketball,15:45
M00006,2026-03-17,Swimming Pool,13:45
M00107,2026-05-04,Football,14:45
M00185,2026-01-21,Badminton,19:00
M00470,2026-02-16,Basketball,16:00
M00278,2026-03-30,Swimming Pool,11:45
M00457,2026-08-10,Basketball,20:45
M00482,2026-03-26,Badminton,14:30
M00526,2026-03-08,Basketball,15:00
M00242,2026-03-13,Gym,09:15
M00596,2026-06-27,Swimming Pool,19:00
M00337,2026-06-04,Basketball,11:45
M00341,2026-06-19,Gym,12:30
M00386,2026-08-18,Swimming Pool,06:00
M00157,2026-08-04,Badminton,15:30
M00491,2026-06-04,Swimming Pool,19:30
M00417,2026-01-31,Gym,17:45
M00568,2026-07-25,Basketball,10:15
M00246,2026-08-11,Gym,20:00
M00429,2026-03-27,Football,14:00
M00324,2026-03-01,Gym,18:00
M00135,2026-06-30,Swimming Pool,20:30
M00248,2026-03-05,Gym,12:45
M00181,2026-07-26,Basketball,08:45
M00166,2026-03-14,Badminton,20:30
M00429,2026-02-18,Gym,09:15
M00079,2026-02-23,Football,06:45
M00558,2026-08-05,Swimming Pool,21:00
M00405,2026-04-17,Gym,16:30
M00356,2026-06-09,Football,16:45
M00386,2026-03-01,Badminton,19:30
M00304,2026-01-21,Football,06:15
M00565,2026-06-24,Football,11:30
M00143,2026-01-20,Swimming Pool,18:45
M00599,2026-01-11,Badminton,14:45
M00539,2026-07-14,Badminton,11:15
M00546,2026-03-15,Basketball,07:30
M00158,2026-01-12,Swimming Pool,08:15
M00172,2026-07-28,Football,20:00
M00172,2026-02-23,Swimming Pool,06:15
M00443,2026-08-30,Basketball,19:30
M00130,2026-07-21,Basketball,21:45
M00140,2026-04-20,Football,16:15
M00483,2026-02-06,Football,20:45
M00030,2026-07-04,Swimming Pool,10:00
M00518,2026-08-22,Basketball,20:15
M00276,2026-04-23,Gym,06:45
M00187,2026-06-20,Football,13:15
M00273,2026-06-13,Badminton,17:45
M00249,2026-03-29,Basketball,11:15
M00133,2026-08-08,Basketball,21:00
M00058,2026-03-07,Badminton,12:30
M00544,2026-04-02,Football,21:15
M00063,2026-08-30,Swimming Pool,20:15
M00130,2026-02-13,Football,17:45
M00024,2026-03-21,Swimming Pool,14:00
M00157,2026-03-26,Badminton,16:30
M00421,2026-05-14,Football,13:45
M00470,2026-06-16,Gym,15:00
M00107,2026-04-17,Basketball,08:30
M00598,2026-04-18,Badminton,18:45
M00239,2026-05-16,Basketball,16:45
M00011,2026-03-18,Badminton,14:45
M00512,2026-07-11,Swimming Pool,12:15
M00183,2026-06-09,Gym,11:30
M00558,2026-06-04,Badminton,17:45
M00449,2026-01-08,Gym,19:15
M00245,2026-06-23,Football,14:30
M00597,2026-08-04,Football,14:15
M00432,2026-03-12,Gym,21:45
M00025,2026-06-12,Football,16:15
M00061,2026-01-22,Swimming Pool,07:15
M00251,2026-05-28,Football,06:00
M00248,2026-07-04,Football,21:00
M00385,2026-02-06,Football,13:15
M00365,2026-04-19,Football,07:30
M00562,2026-07-18,Gym,07:00
M00120,2026-04-04,Swimming Pool,12:45
M00287,2026-08-03,Swimming Pool,16:45
M00470,2026-01-06,Swimming Pool,20:45
M00170,2026-05-11,Basketball,08:30
M00391,2026-04-04,Football,19:30
M00474,2026-06-28,Football,15:30
M00507,2026-03-29,Football,16:30
M00377,2026-01-07,Badminton,16:15
M00397,2026-02-04,Football,08:45
M00118,2026-03-18,Football,17:30
M00077,2026-05-24,Swimming Pool,17:15
M00321,2026-02-03,Badminton,10:00
M00465,2026-08-17,Football,11:00
M00404,2026-06-16,Badminton,09:00
M00190,2026-01-24,Badminton,17:45
M00303,2026-07-01,Badminton,16:15
M00062,2026-07-25,Swimming Pool,07:15
M00485,2026-06-11,Basketball,14:45
M00208,2026-01-07,Football,10:30
M00059,2026-02-18,Badminton,13:15
M00094,2026-07-21,Swimming Pool,15:30
M00010,2026-07-08,Swimming Pool,12:45
M00240,2026-03-16,Gym,14:00
M00181,2026-07-24,Gym,07:30
M00169,2026-04-01,Basketball,16:00
M00028,2026-03-14,Basketball,14:00
M00140,2026-07-24,Swimming Pool,10:30
M00310,2026-04-15,Gym,08:00
M00117,2026-02-22,Badminton,13:30
M00515,2026-07-01,Badminton,21:00
M00207,2026-02-24,Football,19:15
M00473,2026-04-20,Football,19:00
M00191,2026-05-07,Swimming Pool,15:15
M00119,2026-07-16,Gym,10:00
M00170,2026-06-08,Gym,12:00
M00230,2026-01-11,Gym,15:30
M00574,2026-01-09,Swimming Pool,07:00
M00593,2026-04-08,Basketball,15:30
M00162,2026-02-18,Gym,09:00
M00526,2026-02-09,Gym,12:15
M00329,2026-04-11,Football,12:00
M00453,2026-02-08,Swimming Pool,19:45
M00501,2026-01-14,Badminton,08:45
M00088,2026-01-03,Swimming Pool,08:00
M00519,2026-07-23,Basketball,15:00
M00329,2026-07-28,Gym,09:15
M00211,2026-07-20,Swimming Pool,06:15
M00279,2026-07-24,Badminton,17:45
M00029,2026-05-07,Gym,14:45
M00401,2026-03-30,Gym,21:45
M00356,2026-07-12,Swimming Pool,17:45
M00156,2026-02-27,Gym,18:15
M00121,2026-04-11,Gym,12:45
M00516,2026-07-06,Gym,08:00
M00324,2026-07-17,Basketball,06:15
M00588,2026-06-06,Basketball,12:00
M00435,2026-04-13,Basketball,06:00
M00354,2026-06-02,Football,14:45
M00407,2026-04-12,Football,13:15
M00254,2026-02-25,Basketball,07:00
M00505,2026-01-28,Badminton,06:00
M00594,2026-05-07,Gym,14:00
M00573,2026-04-18,Swimming Pool,13:15
M00222,2026-03-18,Swimming Pool,06:45
M00346,2026-08-16,Football,21:30
M00293,2026-08-14,Football,12:15
M00250,2026-04-30,Badminton,06:45
M00191,2026-02-06,Football,16:15
M00383,2026-05-21,Badminton,14:30
M00324,2026-08-11,Gym,12:00
M00590,2026-04-18,Gym,12:30
M00532,2026-08-09,Swimming Pool,13:45
M00508,2026-05-19,Football,12:45
M00201,2026-04-12,Football,12:15
M00247,2026-05-17,Gym,07:30
M00242,2026-04-16,Badminton,20:30
M00532,2026-03-21,Basketball,19:30
M00530,2026-04-21,Basketball,14:00
M00403,2026-03-01,Basketball,08:15
M00040,2026-04-13,Swimming Pool,09:45
M00341,2026-03-30,Swimming Pool,20:45
M00410,2026-01-10,Gym,14:30
M00526,2026-03-19,Gym,09:00
M00276,2026-03-06,Gym,17:45
M00183,2026-05-20,Gym,15:15
M00389,2026-08-17,Gym,08:45
M00552,2026-04-08,Gym,09:30
M00396,2026-08-23,Gym,12:45
M00078,2026-01-23,Football,11:45
M00023,2026-07-20,Badminton,16:30
M00277,2026-04-08,Badminton,14:15
M00408,2026-05-09,Swimming Pool,18:30
M00238,2026-05-08,Basketball,08:30
M00028,2026-02-20,Badminton,14:30
M00288,2026-03-28,Football,17:45
M00435,2026-01-08,Gym,13:00
M00089,2026-01-24,Football,19:15
M00156,2026-05-08,Swimming Pool,13:45
M00483,2026-08-21,Badminton,10:00
M00456,2026-07-10,Swimming Pool,18:15
M00548,2026-04-05,Gym,16:45
M00022,2026-07-22,Football,12:30
M00031,2026-07-19,Football,08:45
M00370,2026-01-09,Football,09:00
M00194,2026-04-16,Badminton,06:15
M00282,2026-07-28,Football,14:30
M00194,2026-08-12,Basketball,20:00
M00016,2026-06-26,Basketball,11:45
M00585,2026-03-26,Football,16:00
M00313,2026-07-27,Swimming Pool,17:30
M00292,2026-06-06,Basketball,19:30
M00301,2026-02-05,Gym,21:30
M00446,2026-02-03,Basketball,16:15
M00513,2026-01-02,Gym,09:45
M00069,2026-06-15,Basketball,12:30
M00314,2026-04-29,Football,15:30
M00600,2026-02-17,Swimming Pool,16:00
M00420,2026-07-02,Swimming Pool,13:15
M00433,2026-03-13,Football,21:00
M00048,2026-01-14,Gym,20:00
M00477,2026-05-23,Gym,10:30
M00346,2026-04-25,Basketball,08:15
M00042,2026-08-08,Badminton,15:30
M00093,2026-06-28,Badminton,11:15
M00321,2026-07-02,Badminton,10:15
M00219,2026-05-04,Swimming Pool,21:30
M00416,2026-06-18,Basketball,09:15
M00050,2026-08-24,Swimming Pool,19:30
M00388,2026-03-12,Basketball,21:00
M00085,2026-03-29,Football,10:00
M00538,2026-08-10,Basketball,07:30
M00075,2026-08-27,Gym,21:00
M00119,2026-04-17,Gym,08:30
M00411,2026-03-07,Badminton,18:00
M00106,2026-05-30,Football,13:00
M00591,2026-04-28,Badminton,15:15
M00310,2026-08-12,Basketball,12:30
M00190,2026-03-03,Basketball,21:30
M00573,2026-06-22,Basketball,20:00
M00058,2026-05-01,Football,09:15
M00349,2026-03-04,Swimming Pool,16:00
M00161,2026-01-23,Football,06:15
M00170,2026-04-14,Basketball,07:45
M00416,2026-04-16,Gym,10:45
M00370,2026-08-22,Swimming Pool,12:30
M00471,2026-01-17,Basketball,15:45
M00543,2026-02-04,Gym,06:00
M00194,2026-06-24,Basketball,06:00
M00458,2026-01-12,Swimming Pool,21:00
M00541,2026-06-11,Football,19:45
M00594,2026-02-27,Swimming Pool,07:45
M00036,2026-05-27,Football,13:30
M00517,2026-03-11,Football,10:45
M00504,2026-07-04,Badminton,20:45
M00181,2026-06-07,Basketball,17:00
M00487,2026-07-24,Badminton,14:30
M00405,2026-03-23,Basketball,10:45
M00483,2026-04-12,Badminton,14:00
M00523,2026-02-11,Football,09:45
M00278,2026-05-08,Basketball,17:00
M00042,2026-02-19,Badminton,16:15
M00153,2026-01-16,Swimming Pool,19:15
M00407,2026-06-06,Swimming Pool,07:15
M00129,2026-08-05,Basketball,14:30
M00176,2026-08-26,Badminton,20:15
M00248,2026-01-03,Football,07:45
M00265,2026-07-18,Gym,18:15
M00344,2026-01-23,Basketball,16:15
M00153,2026-03-11,Basketball,18:45
M00377,2026-02-01,Swimming Pool,16:15
M00494,2026-07-14,Football,06:00
M00367,2026-08-04,Swimming Pool,18:45
M00214,2026-02-19,Swimming Pool,21:45
M00237,2026-02-25,Badminton,10:15
M00546,2026-08-30,Badminton,18:15
M00533,2026-03-01,Basketball,10:15
M00510,2026-06-22,Swimming Pool,11:30
M00594,2026-02-23,Gym,07:15
M00235,2026-07-03,Basketball,07:00
M00557,2026-06-27,Football,15:15
M00213,2026-03-06,Gym,12:45
M00012,2026-03-10,Swimming Pool,12:15
M00202,2026-06-24,Gym,12:30
M00376,2026-04-13,Gym,10:30
M00499,2026-08-17,Football,06:30
M00476,2026-02-26,Basketball,09:30
M00117,2026-05-03,Basketball,18:00
M00396,2026-03-17,Badminton,17:30
M00310,2026-07-06,Swimming Pool,09:30
M00502,2026-06-20,Football,13:45
M00162,2026-04-22,Badminton,06:30
M00212,2026-07-02,Swimming Pool,20:15
M00439,2026-05-14,Football,17:15
M00270,2026-07-05,Swimming Pool,12:00
M00227,2026-06-04,Basketball,20:15
M00217,2026-01-21,Badminton,06:15
M00169,2026-01-25,Football,17:45
M00354,2026-07-24,Badminton,08:00
M00131,2026-03-26,Gym,18:45
M00445,2026-08-13,Football,18:00
M00413,2026-06-15,Basketball,13:30
M00507,2026-04-17,Basketball,08:30
M00582,2026-05-28,Football,19:15
M00146,2026-05-24,Football,17:00
M00001,2026-03-01,Football,16:15
M00318,2026-02-07,Basketball,18:15
M00157,2026-01-27,Badminton,17:45
M00248,2026-08-21,Basketball,15:15
M00587,2026-06-23,Basketball,13:30
M00345,2026-08-23,Football,15:00
M00206,2026-05-23,Football,17:30
M00293,2026-04-17,Badminton,19:30
M00204,2026-01-20,Basketball,07:45
M00223,2026-01-09,Gym,10:00
M00017,2026-06-19,Swimming Pool,20:15
M00390,2026-06-21,Basketball,13:15
M00360,2026-07-08,Basketball,20:15
M00191,2026-02-13,Swimming Pool,15:45
M00275,2026-05-25,Swimming Pool,08:45
M00401,2026-01-02,Gym,09:00
M00011,2026-03-19,Football,19:45
M00024,2026-07-11,Basketball,12:15
M00424,2026-03-21,Badminton,20:15
M00481,2026-05-12,Badminton,17:30
M00094,2026-05-04,Basketball,07:00
M00203,2026-05-07,Gym,19:30
M00375,2026-06-13,Football,09:00
M00293,2026-03-31,Basketball,13:30
M00429,2026-04-22,Football,15:30
M00506,2026-07-22,Swimming Pool,13:45
M00563,2026-08-14,Gym,16:15
M00514,2026-08-30,Football,06:30
M00399,2026-04-22,Badminton,08:15
M00454,2026-05-19,Badminton,20:45
M00093,2026-06-01,Football,13:45
M00281,2026-03-04,Badminton,17:00
M00413,2026-05-11,Badminton,12:00
M00405,2026-02-10,Badminton,07:15
M00246,2026-01-12,Football,18:30
M00403,2026-07-25,Football,11:30
M00228,2026-03-18,Swimming Pool,17:30
M00542,2026-04-14,Football,16:15
M00115,2026-02-17,Gym,17:45
M00033,2026-07-30,Swimming Pool,20:00
M00006,2026-05-14,Football,07:15
M00339,2026-08-11,Badminton,19:30
M00391,2026-04-20,Gym,15:00
M00218,2026-05-03,Basketball,14:45
M00283,2026-04-28,Basketball,09:00
M00437,2026-01-21,Swimming Pool,11:00
M00347,2026-01-12,Swimming Pool,18:30
M00360,2026-05-22,Basketball,08:00
M00044,2026-07-21,Badminton,09:30
M00534,2026-06-04,Swimming Pool,12:15
M00382,2026-02-03,Football,19:45
M00002,2026-01-26,Swimming Pool,16:30
M00001,2026-07-16,Gym,11:30
M00494,2026-02-19,Football,06:00
M00032,2026-01-18,Swimming Pool,15:30
M00477,2026-01-25,Football,08:30
M00573,2026-01-15,Basketball,08:30
M00582,2026-07-17,Football,09:15
M00411,2026-06-10,Badminton,07:30
M00345,2026-01-31,Football,09:15
M00591,2026-04-16,Football,20:00
M00514,2026-04-21,Basketball,08:45
M00008,2026-05-18,Gym,15:15
M00209,2026-07-01,Swimming Pool,17:00
M00503,2026-08-24,Gym,19:00
M00158,2026-06-01,Swimming Pool,12:15
M00077,2026-07-15,Swimming Pool,14:30
M00168,2026-02-04,Gym,14:00
M00054,2026-08-30,Swimming Pool,21:00
M00483,2026-05-07,Badminton,17:45
M00159,2026-07-03,Basketball,14:00
M00398,2026-04-13,Gym,08:15
M00425,2026-07-21,Swimming Pool,07:15
M00061,2026-04-10,Football,17:00
M00440,2026-03-23,Basketball,08:15
M00113,2026-01-31,Football,19:00
M00065,2026-05-19,Gym,09:15
M00236,2026-08-12,Football,13:15
M00061,2026-02-16,Badminton,17:45
M00595,2026-07-04,Swimming Pool,07:45
M00155,2026-02-26,Gym,15:30
M00441,2026-05-23,Football,09:00
M00597,2026-06-30,Basketball,09:45
M00561,2026-01-13,Badminton,17:00
M00353,2026-02-11,Gym,08:15
M00051,2026-08-04,Swimming Pool,19:00
M00532,2026-02-01,Basketball,14:00
M00571,2026-07-16,Gym,14:30
M00417,2026-08-03,Gym,08:45
M00105,2026-03-07,Gym,13:30
M00436,2026-05-25,Badminton,14:30
M00580,2026-08-13,Badminton,06:45
M00012,2026-06-01,Badminton,07:45
M00135,2026-06-27,Basketball,14:30
M00408,2026-04-21,Football,13:30
M00586,2026-06-17,Gym,21:30
M00146,2026-06-05,Badminton,08:30
M00147,2026-06-20,Football,06:30
M00368,2026-04-27,Basketball,19:15
M00324,2026-08-06,Swimming Pool,15:45
M00416,2026-07-12,Basketball,08:30
M00200,2026-01-12,Gym,18:30
M00508,2026-02-05,Football,18:00
M00481,2026-03-17,Basketball,16:00
M00138,2026-07-20,Basketball,10:45
M00398,2026-01-22,Gym,18:45
M00141,2026-07-16,Football,18:45
M00009,2026-07-16,Swimming Pool,15:15
M00277,2026-07-26,Basketball,19:45
M00048,2026-02-01,Basketball,17:45
M00162,2026-08-03,Basketball,21:30
M00046,2026-02-10,Gym,17:45
M00136,2026-02-22,Gym,10:30
M00152,2026-03-12,Swimming Pool,12:30
M00156,2026-03-29,Basketball,07:00
M00534,2026-03-24,Football,15:45
M00065,2026-04-26,Swimming Pool,09:30
M00058,2026-03-28,Swimming Pool,06:30
M00234,2026-03-26,Swimming Pool,08:15
M00122,2026-05-12,Badminton,17:45
M00018,2026-03-26,Football,13:30
M00153,2026-03-04,Swimming Pool,10:00
M00007,2026-06-04,Gym,10:30
M00265,2026-08-16,Swimming Pool,09:30
M00077,2026-03-13,Gym,21:15
M00272,2026-06-27,Swimming Pool,20:45
M00558,2026-02-08,Badminton,07:15
M00099,2026-08-26,Gym,19:15
M00234,2026-01-24,Swimming Pool,21:00
M00515,2026-01-28,Gym,07:45
M00155,2026-08-09,Badminton,11:45
M00353,2026-04-29,Football,19:15
M00341,2026-04-03,Football,21:45
M00290,2026-07-18,Badminton,10:45
M00219,2026-07-16,Badminton,10:15
M00506,2026-07-30,Swimming Pool,16:30
M00303,2026-07-11,Swimming Pool,10:30
M00208,2026-03-25,Gym,08:45
M00540,2026-06-23,Football,11:00
M00340,2026-01-12,Swimming Pool,14:30
M00375,2026-02-28,Football,11:45
M00163,2026-01-02,Badminton,20:45
M00485,2026-04-22,Basketball,18:00
M00546,2026-02-02,Football,21:30
M00329,2026-06-30,Football,20:00
M00133,2026-01-15,Basketball,16:15
M00074,2026-06-25,Swimming Pool,18:30
M00195,2026-01-27,Badminton,10:45
M00132,2026-01-25,Gym,21:30
M00085,2026-03-07,Badminton,13:00
M00125,2026-01-04,Basketball,08:30
M00294,2026-04-02,Swimming Pool,18:30
M00361,2026-07-01,Basketball,15:30
M00210,2026-02-24,Gym,21:00
M00126,2026-06-24,Badminton,13:15
M00249,2026-08-16,Badminton,20:15
M00443,2026-08-04,Football,20:00
M00095,2026-01-07,Gym,12:30
M00232,2026-03-17,Badminton,21:30
M00556,2026-06-29,Badminton,19:00
M00544,2026-05-15,Football,08:45
M00525,2026-04-14,Gym,10:00
M00376,2026-05-27,Football,10:45
M00262,2026-02-25,Basketball,19:15
M00528,2026-02-02,Basketball,15:00
M00216,2026-02-24,Gym,11:15
M00191,2026-02-28,Football,16:30
M00571,2026-01-11,Basketball,06:30
M00462,2026-02-22,Gym,15:15
M00406,2026-05-23,Basketball,15:45
M00483,2026-07-05,Basketball,14:00
M00471,2026-01-05,Swimming Pool,18:45
M00421,2026-08-09,Badminton,18:00
M00004,2026-06-22,Basketball,18:15
M00166,2026-08-07,Football,10:00
M00186,2026-07-21,Football,10:00
M00595,2026-08-01,Swimming Pool,19:15
M00493,2026-05-23,Badminton,20:15
M00437,2026-03-08,Swimming Pool,12:15
M00012,2026-08-21,Badminton,17:45
M00584,2026-02-12,Gym,18:45
M00407,2026-01-09,Badminton,17:15
M00097,2026-02-16,Swimming Pool,14:30
M00211,2026-03-29,Football,14:00
M00116,2026-05-14,Badminton,19:30
M00101,2026-02-09,Badminton,11:00
M00030,2026-08-12,Basketball,13:45
M00571,2026-06-24,Gym,21:00
M00315,2026-05-24,Swimming Pool,18:30
M00542,2026-01-25,Gym,19:30
M00594,2026-03-31,Badminton,17:30
M00171,2026-01-19,Football,13:45
M00588,2026-07-13,Swimming Pool,09:15
M00420,2026-02-19,Basketball,16:45
M00182,2026-05-06,Basketball,20:45
M00533,2026-05-07,Basketball,21:30
M00582,2026-02-23,Badminton,19:00
M00214,2026-08-02,Badminton,08:45
M00264,2026-06-02,Gym,17:15
M00569,2026-01-07,Football,15:15
M00443,2026-07-21,Basketball,10:15
M00206,2026-06-05,Football,06:45
M00416,2026-01-30,Badminton,06:00
M00097,2026-01-20,Gym,13:00
M00343,2026-03-20,Football,06:30
M00290,2026-02-16,Swimming Pool,19:30
M00512,2026-06-08,Swimming Pool,08:30
M00600,2026-06-04,Gym,08:00
M00538,2026-04-11,Gym,18:30
M00472,2026-06-30,Football,06:30
M00585,2026-01-23,Badminton,21:15
M00544,2026-06-19,Gym,18:45
M00587,2026-04-08,Basketball,13:45
M00463,2026-02-16,Gym,18:00
M00047,2026-07-25,Swimming Pool,12:45
M00186,2026-04-21,Badminton,13:15
M00059,2026-04-04,Football,18:45
M00163,2026-08-18,Badminton,17:45
M00107,2026-06-20,Badminton,17:45
M00201,2026-02-10,Basketball,20:00
M00122,2026-01-30,Badminton,15:00
M00478,2026-06-23,Basketball,12:15
M00424,2026-01-02,Football,19:30
M00417,2026-05-11,Football,19:00
M00036,2026-08-26,Football,16:45
M00206,2026-08-30,Badminton,18:45
M00301,2026-08-01,Swimming Pool,12:45
M00281,2026-03-11,Basketball,07:15
M00392,2026-02-21,Swimming Pool,21:45
M00505,2026-06-18,Basketball,17:45
M00271,2026-07-08,Badminton,20:45
M00395,2026-06-08,Badminton,14:45
M00081,2026-03-31,Badminton,13:30
M00454,2026-08-21,Badminton,16:00
M00133,2026-03-06,Gym,17:15
M00454,2026-05-07,Swimming Pool,06:30
M00537,2026-06-06,Basketball,16:15
M00265,2026-03-27,Gym,13:45
M00358,2026-03-13,Football,07:45
M00538,2026-01-02,Badminton,13:15
M00204,2026-07-06,Football,17:45
M00595,2026-02-18,Swimming Pool,09:15
M00417,2026-06-03,Basketball,15:00
M00284,2026-07-27,Gym,21:15
M00470,2026-02-23,Gym,14:00
M00361,2026-01-01,Basketball,12:15
M00264,2026-08-03,Gym,16:00
M00047,2026-07-25,Swimming Pool,19:30
M00529,2026-02-28,Football,20:45
M00211,2026-02-21,Badminton,18:45
M00288,2026-06-15,Basketball,14:45
M00443,2026-07-10,Gym,13:15
M00140,2026-08-20,Basketball,12:45
M00271,2026-01-29,Badminton,10:00
M00590,2026-03-14,Gym,07:00
M00022,2026-02-15,Basketball,19:00
M00495,2026-07-25,Football,09:30
M00118,2026-04-11,Badminton,14:45
M00488,2026-05-25,Basketball,12:15
M00242,2026-08-09,Gym,19:00
M00270,2026-03-06,Swimming Pool,16:45
M00381,2026-03-11,Basketball,12:30
M00024,2026-08-31,Badminton,11:45
M00033,2026-02-17,Basketball,06:45
M00541,2026-05-01,Badminton,19:45
M00062,2026-05-04,Gym,09:15
M00187,2026-03-03,Basketball,09:15
M00584,2026-01-29,Swimming Pool,12:45
M00473,2026-03-06,Badminton,15:00
M00213,2026-08-21,Swimming Pool,21:45
M00513,2026-04-25,Gym,16:00
M00502,2026-05-29,Gym,07:45
M00373,2026-01-31,Gym,19:30
M00042,2026-05-07,Gym,20:15
M00551,2026-06-24,Badminton,20:30
M00525,2026-02-20,Gym,13:30
M00530,2026-08-04,Badminton,20:15
M00444,2026-08-27,Badminton,15:00
M00299,2026-08-13,Badminton,10:45
M00190,2026-05-12,Gym,06:15
M00121,2026-08-10,Basketball,13:45
M00263,2026-03-04,Gym,19:45
M00532,2026-03-25,Football,14:30
M00274,2026-08-16,Gym,16:15
M00025,2026-02-21,Swimming Pool,07:45
M00381,2026-04-22,Gym,16:15
M00434,2026-06-08,Football,07:00
M00371,2026-02-10,Swimming Pool,07:15
M00412,2026-04-08,Swimming Pool,13:00
M00170,2026-08-22,Swimming Pool,17:45
M00362,2026-03-09,Gym,13:00
M00451,2026-06-02,Football,09:30
M00282,2026-07-26,Gym,11:45
M00214,2026-08-25,Swimming Pool,06:00
M00150,2026-08-10,Football,17:15
M00096,2026-05-23,Badminton,06:00
M00300,2026-02-02,Swimming Pool,08:15
M00040,2026-07-14,Basketball,10:00
M00309,2026-05-16,Gym,07:15
M00058,2026-08-21,Badminton,15:30
M00460,2026-02-25,Football,17:45
M00498,2026-06-03,Basketball,12:15
M00278,2026-08-01,Badminton,16:15
M00539,2026-08-01,Gym,17:00
M00549,2026-02-10,Basketball,10:15
M00528,2026-08-11,Swimming Pool,19:30
M00135,2026-05-31,Badminton,09:30
M00190,2026-08-11,Badminton,17:45
M00429,2026-07-18,Football,08:30
M00347,2026-06-01,Gym,13:00
M00526,2026-02-01,Football,19:30
M00311,2026-03-09,Football,20:45
M00106,2026-06-22,Badminton,06:30
M00525,2026-05-22,Badminton,09:30
M00032,2026-05-11,Football,10:30
M00296,2026-04-15,Badminton,07:15
M00341,2026-01-07,Basketball,19:30
M00355,2026-07-20,Badminton,12:30
M00341,2026-05-11,Football,08:00
M00520,2026-07-13,Swimming Pool,10:45
M00450,2026-07-18,Badminton,15:45
M00463,2026-06-10,Basketball,21:30
M00382,2026-05-28,Swimming Pool,17:30
M00121,2026-02-02,Swimming Pool,20:15
M00296,2026-07-08,Football,13:45
M00482,2026-06-07,Gym,06:45
M00064,2026-07-01,Badminton,16:30
M00292,2026-05-21,Badminton,19:45
M00272,2026-08-25,Gym,19:45
M00136,2026-02-20,Football,16:45
M00501,2026-01-31,Swimming Pool,16:30
M00227,2026-03-29,Gym,11:45
M00442,2026-04-25,Badminton,06:45
M00309,2026-02-01,Swimming Pool,10:45
M00152,2026-06-23,Basketball,18:30
M00203,2026-07-26,Gym,15:30
M00116,2026-06-27,Swimming Pool,14:00
M00509,2026-08-21,Gym,07:30
M00290,2026-04-04,Badminton,13:30
M00362,2026-04-02,Football,16:30
M00446,2026-07-25,Swimming Pool,09:45
M00572,2026-06-19,Swimming Pool,12:30
M00496,2026-06-29,Basketball,19:00
M00574,2026-07-30,Football,17:00
M00309,2026-07-25,Football,08:00
M00515,2026-04-17,Gym,15:15
M00082,2026-05-02,Gym,17:30
M00483,2026-05-24,Badminton,11:00
M00593,2026-04-27,Football,13:15
M00401,2026-05-23,Basketball,07:15
M00071,2026-06-21,Basketball,07:30
M00026,2026-01-23,Gym,17:30
M00566,2026-02-20,Football,08:00
M00111,2026-04-05,Swimming Pool,11:00
M00166,2026-04-14,Badminton,07:00
M00195,2026-06-25,Swimming Pool,12:45
M00249,2026-05-08,Football,07:15
M00003,2026-06-20,Swimming Pool,20:15
M00065,2026-05-24,Football,12:30
M00291,2026-08-29,Basketball,09:45
M00464,2026-04-21,Basketball,13:30
M00139,2026-07-09,Gym,13:30
M00525,2026-06-29,Gym,11:30
M00191,2026-07-10,Basketball,19:30
M00493,2026-03-13,Swimming Pool,19:30
M00282,2026-08-06,Gym,14:45
M00573,2026-02-19,Swimming Pool,21:45
M00417,2026-03-03,Basketball,16:00
M00563,2026-05-02,Basketball,15:30
M00581,2026-02-13,Badminton,18:45
M00091,2026-03-20,Badminton,18:15
M00583,2026-06-07,Badminton,13:00
M00335,2026-03-26,Basketball,18:30
M00148,2026-02-20,Football,14:00
M00157,2026-06-10,Basketball,06:45
M00275,2026-07-16,Football,18:45
M00429,2026-06-20,Football,08:00
M00551,2026-02-16,Swimming Pool,10:15
M00140,2026-03-10,Basketball,21:15
M00191,2026-08-20,Gym,13:45
M00213,2026-02-28,Basketball,14:00
M00397,2026-06-22,Gym,12:45
M00504,2026-08-24,Badminton,16:45
M00514,2026-03-04,Gym,14:30
M00336,2026-05-30,Basketball,16:45
M00409,2026-06-16,Badminton,20:45
M00576,2026-06-23,Gym,07:30
M00346,2026-01-18,Swimming Pool,18:45
M00435,2026-03-08,Badminton,14:15
M00425,2026-08-23,Swimming Pool,11:45
M00038,2026-04-05,Basketball,09:30
M00445,2026-04-01,Swimming Pool,14:30
M00182,2026-01-11,Gym,15:15
M00090,2026-06-25,Football,19:45
M00257,2026-04-27,Gym,17:15
M00052,2026-03-05,Badminton,08:00
M00586,2026-05-16,Badminton,06:30
M00419,2026-04-06,Gym,13:15
M00325,2026-08-14,Football,16:00
M00557,2026-01-23,Badminton,12:15
M00191,2026-07-01,Football,21:45
M00421,2026-07-01,Swimming Pool,11:45
M00049,2026-07-19,Badminton,10:15
M00210,2026-05-21,Gym,06:45
M00042,2026-08-24,Football,08:45
M00045,2026-01-10,Badminton,10:15
M00084,2026-05-16,Badminton,17:45
M00303,2026-05-29,Basketball,17:00
M00342,2026-08-05,Swimming Pool,21:00
M00185,2026-03-31,Football,19:00
M00116,2026-07-25,Badminton,12:30
M00516,2026-07-30,Swimming Pool,07:30
M00007,2026-06-10,Basketball,21:30
M00127,2026-02-26,Gym,19:00
M00012,2026-06-02,Swimming Pool,10:00
M00412,2026-05-21,Football,20:30
M00348,2026-07-25,Swimming Pool,20:00
M00290,2026-04-25,Swimming Pool,10:00
M00291,2026-03-04,Gym,10:45
M00289,2026-03-05,Gym,11:45
M00436,2026-04-16,Badminton,18:00
M00180,2026-02-26,Swimming Pool,18:00
M00424,2026-04-02,Badminton,06:45
M00150,2026-03-06,Basketball,16:30
M00347,2026-02-08,Basketball,20:15
M00056,2026-06-22,Swimming Pool,18:45
M00059,2026-02-06,Basketball,16:00
M00008,2026-01-02,Badminton,19:45
M00043,2026-04-20,Football,06:30
M00474,2026-01-20,Gym,11:00
M00536,2026-01-24,Basketball,20:15
M00185,2026-03-03,Badminton,12:15
M00237,2026-01-05,Badminton,14:30
M00597,2026-06-29,Badminton,08:45
M00339,2026-05-02,Gym,20:30
M00193,2026-02-07,Gym,13:00
M00152,2026-03-11,Swimming Pool,18:30
M00423,2026-07-11,Football,16:30
M00114,2026-05-27,Gym,10:00
M00312,2026-01-18,Gym,16:30
M00558,2026-05-10,Gym,16:00
M00052,2026-06-05,Swimming Pool,12:30
M00401,2026-07-18,Badminton,13:15
M00427,2026-02-21,Swimming Pool,06:30
M00494,2026-07-01,Badminton,15:15
M00477,2026-06-29,Gym,06:30
M00123,2026-04-14,Badminton,13:45
M00460,2026-01-09,Swimming Pool,09:45
M00011,2026-08-01,Badminton,20:00
M00114,2026-07-29,Swimming Pool,16:15
M00566,2026-08-19,Swimming Pool,12:45
M00095,2026-04-25,Football,17:45
M00542,2026-01-28,Basketball,18:45
M00384,2026-01-10,Badminton,09:45
M00243,2026-06-26,Football,13:00
M00071,2026-01-15,Badminton,17:00
M00388,2026-06-05,Football,12:15
M00076,2026-05-05,Football,12:45
M00295,2026-06-14,Basketball,06:30
M00308,2026-01-12,Basketball,17:30
M00364,2026-07-31,Swimming Pool,16:15
M00378,2026-04-30,Gym,21:45
M00378,2026-01-02,Football,14:45
M00185,2026-08-11,Gym,21:30
M00436,2026-02-07,Swimming Pool,20:00
M00595,2026-06-19,Swimming Pool,19:00
M00132,2026-08-27,Basketball,08:00
M00575,2026-04-22,Football,06:00
M00028,2026-06-05,Swimming Pool,19:00
M00070,2026-05-31,Badminton,06:00
M00479,2026-01-13,Gym,12:15
M00512,2026-06-26,Basketball,11:00
M00353,2026-08-26,Football,20:45
M00503,2026-08-06,Basketball,07:00
M00285,2026-06-21,Football,20:15
M00395,2026-05-10,Swimming Pool,09:00
M00577,2026-03-27,Basketball,18:30
M00445,2026-01-08,Basketball,20:15
M00326,2026-06-02,Badminton,18:00
M00172,2026-02-08,Gym,17:00
M00210,2026-04-05,Basketball,13:45
M00290,2026-07-07,Football,11:30
M00046,2026-01-13,Basketball,17:00
M00435,2026-04-30,Badminton,19:45
M00194,2026-04-03,Football,09:15
M00116,2026-05-06,Basketball,14:45
M00289,2026-05-08,Basketball,13:30
M00342,2026-06-17,Football,15:15
M00550,2026-03-02,Badminton,18:45
M00128,2026-02-15,Badminton,10:00
M00083,2026-06-06,Swimming Pool,07:45
M00261,2026-04-20,Football,09:15
M00391,2026-07-27,Basketball,09:00
M00583,2026-04-18,Football,12:15
M00379,2026-03-03,Gym,12:00
M00252,2026-07-15,Football,21:15
M00041,2026-03-24,Basketball,10:45
M00383,2026-03-01,Swimming Pool,16:30
M00183,2026-04-19,Swimming Pool,07:15
M00284,2026-07-18,Football,21:30
M00492,2026-05-10,Gym,09:15
M00572,2026-02-10,Basketball,12:30
M00378,2026-02-01,Basketball,13:15
M00131,2026-02-05,Football,13:00
M00452,2026-06-15,Basketball,19:30
M00009,2026-07-23,Swimming Pool,14:45
M00383,2026-08-03,Gym,16:30
M00494,2026-06-27,Basketball,21:00
M00470,2026-03-18,Swimming Pool,08:15
M00309,2026-02-24,Badminton,16:15
M00359,2026-03-05,Football,08:00
M00339,2026-05-07,Badminton,07:15
M00471,2026-02-10,Gym,14:00
M00193,2026-04-08,Football,17:45
M00361,2026-04-17,Swimming Pool,14:15
M00205,2026-05-28,Gym,19:45
M00472,2026-01-02,Football,16:30
M00017,2026-04-13,Football,14:15
M00594,2026-06-14,Badminton,14:00
M00062,2026-07-21,Gym,06:30
M00150,2026-08-08,Basketball,21:30
M00198,2026-03-31,Badminton,10:00
M00002,2026-01-28,Football,08:45
M00117,2026-02-24,Swimming Pool,13:30
M00460,2026-03-24,Swimming Pool,15:00
M00104,2026-01-23,Badminton,21:00
M00194,2026-03-18,Basketball,17:45
M00055,2026-06-14,Gym,19:30
M00166,2026-04-09,Swimming Pool,15:30
M00332,2026-03-14,Basketball,11:00
M00183,2026-02-01,Swimming Pool,16:30
M00399,2026-06-09,Swimming Pool,10:15
M00584,2026-03-14,Gym,21:00
M00456,2026-03-05,Badminton,13:30
M00395,2026-04-09,Gym,16:30
M00484,2026-06-25,Gym,07:45
M00052,2026-07-23,Swimming Pool,08:00
M00453,2026-05-28,Badminton,09:45
M00195,2026-03-28,Swimming Pool,08:30
M00088,2026-07-09,Swimming Pool,06:15
M00170,2026-03-16,Gym,21:30
M00409,2026-01-18,Basketball,07:30
M00447,2026-03-06,Gym,16:30
M00125,2026-02-19,Swimming Pool,12:45
M00402,2026-04-03,Gym,10:30
M00069,2026-03-26,Basketball,16:00
M00450,2026-06-15,Football,09:30
M00485,2026-05-21,Swimming Pool,07:30
M00182,2026-07-08,Badminton,11:15
M00088,2026-07-28,Football,09:00
M00290,2026-02-10,Football,14:00
M00298,2026-01-29,Badminton,06:00
M00222,2026-07-28,Football,17:45
M00592,2026-05-29,Swimming Pool,09:30
M00173,2026-04-16,Badminton,10:00
M00124,2026-08-01,Swimming Pool,06:00
M00462,2026-03-19,Gym,10:00
M00519,2026-06-15,Badminton,15:45
M00516,2026-05-12,Football,18:45
M00373,2026-06-09,Badminton,08:15
M00475,2026-02-17,Football,09:15
M00395,2026-04-28,Badminton,09:45
M00320,2026-03-11,Football,09:30
M00196,2026-07-23,Swimming Pool,09:00
M00098,2026-01-26,Swimming Pool,07:30
M00141,2026-02-25,Gym,17:45
M00547,2026-07-16,Swimming Pool,13:30
M00188,2026-05-20,Badminton,06:15
M00152,2026-08-14,Badminton,18:15
M00403,2026-05-03,Gym,13:15
M00011,2026-02-05,Badminton,13:30
M00163,2026-03-03,Football,19:45
M00041,2026-07-28,Basketball,21:45
M00031,2026-03-21,Swimming Pool,12:45
M00437,2026-07-01,Basketball,21:30
M00054,2026-05-19,Basketball,21:15
M00077,2026-01-11,Basketball,16:15
M00300,2026-08-04,Gym,06:15
M00224,2026-06-28,Gym,17:00
M00020,2026-06-26,Football,21:15
M00291,2026-07-24,Basketball,10:30
M00284,2026-02-16,Basketball,17:30
M00067,2026-04-22,Football,12:15
M00498,2026-08-05,Basketball,13:30
M00190,2026-02-26,Football,09:15
M00524,2026-05-28,Swimming Pool,18:15
M00171,2026-07-18,Basketball,19:00
M00490,2026-08-15,Gym,14:15
M00238,2026-04-01,Basketball,13:00
M00534,2026-06-07,Football,17:15
M00073,2026-07-30,Gym,19:15
M00083,2026-06-16,Swimming Pool,16:15
M00320,2026-07-01,Basketball,07:30
M00008,2026-07-28,Basketball,06:45
M00491,2026-04-06,Gym,15:30
M00592,2026-06-06,Football,18:15
M00355,2026-04-27,Basketball,19:45
M00129,2026-07-16,Gym,13:00
M00334,2026-08-22,Football,17:00
M00264,2026-05-22,Badminton,17:30
M00176,2026-02-11,Badminton,16:30
M00104,2026-02-20,Swimming Pool,07:30
M00069,2026-03-31,Badminton,09:45
M00214,2026-06-18,Badminton,09:00
M00027,2026-06-02,Basketball,21:30
M00351,2026-01-28,Swimming Pool,19:15
M00412,2026-07-13,Badminton,06:30
M00032,2026-03-06,Gym,21:15
M00509,2026-08-15,Swimming Pool,10:15
M00268,2026-02-04,Basketball,21:45
M00041,2026-07-01,Swimming Pool,11:15
M00559,2026-01-29,Swimming Pool,08:45
M00065,2026-08-16,Football,13:30
M00315,2026-06-22,Basketball,16:15
M00123,2026-01-19,Swimming Pool,20:30
M00596,2026-04-19,Swimming Pool,21:15
M00073,2026-01-23,Badminton,12:15
M00108,2026-08-18,Gym,18:15
M00247,2026-01-14,Basketball,16:30
M00027,2026-01-07,Swimming Pool,09:00
M00250,2026-06-30,Basketball,15:30
M00095,2026-06-23,Gym,07:15
M00070,2026-05-09,Swimming Pool,15:00
M00259,2026-01-07,Football,08:45
M00047,2026-02-04,Football,14:45
M00065,2026-04-19,Football,21:45
M00197,2026-02-17,Gym,15:45
M00012,2026-02-23,Swimming Pool,06:30
M00193,2026-06-14,Badminton,21:30
M00219,2026-07-05,Swimming Pool,15:30
M00133,2026-01-27,Gym,19:30
M00068,2026-08-11,Gym,06:30
M00405,2026-01-01,Gym,06:30
M00114,2026-02-21,Gym,13:30
M00376,2026-03-27,Basketball,15:15
M00049,2026-07-04,Basketball,10:15
M00238,2026-06-02,Badminton,19:45
M00134,2026-06-18,Gym,21:45
M00079,2026-07-01,Football,21:45
M00503,2026-04-19,Basketball,20:30
M00066,2026-02-25,Football,21:45
M00079,2026-02-02,Swimming Pool,08:15
M00468,2026-06-14,Swimming Pool,07:30
M00519,2026-05-02,Swimming Pool,07:30
M00370,2026-01-30,Football,14:30
M00350,2026-07-09,Football,19:00
M00468,2026-08-01,Swimming Pool,14:00
M00552,2026-05-23,Gym,21:45
M00320,2026-07-06,Gym,13:00
M00357,2026-08-13,Basketball,16:30
M00198,2026-08-21,Football,09:30
M00245,2026-06-19,Basketball,10:00
M00371,2026-08-19,Badminton,15:15
M00242,2026-05-30,Swimming Pool,20:00
M00578,2026-03-22,Badminton,06:45
M00234,2026-05-13,Badminton,19:45
M00009,2026-02-05,Gym,20:00
M00364,2026-02-20,Basketball,14:15
M00057,2026-06-25,Badminton,17:30
M00345,2026-07-13,Swimming Pool,16:30
M00290,2026-08-28,Gym,20:45
M00467,2026-04-30,Football,11:15
M00109,2026-07-15,Gym,07:45
M00144,2026-06-23,Gym,14:00
M00318,2026-05-07,Gym,09:15
M00303,2026-04-14,Gym,20:30
M00504,2026-05-18,Gym,14:00
M00024,2026-06-27,Badminton,19:45
M00496,2026-01-21,Football,19:30
M00280,2026-02-08,Basketball,10:30
M00308,2026-07-30,Basketball,07:30
M00577,2026-05-21,Basketball,21:00
M00118,2026-07-26,Gym,09:45
M00478,2026-07-19,Gym,13:15
M00161,2026-03-25,Basketball,07:30
M00301,2026-02-27,Gym,20:15
M00138,2026-03-20,Basketball,19:45
M00263,2026-06-03,Gym,12:00
M00268,2026-07-24,Swimming Pool,09:45
M00453,2026-06-09,Football,10:30
M00414,2026-08-04,Football,11:30
M00479,2026-01-06,Badminton,09:00
M00197,2026-01-16,Gym,19:30
M00251,2026-02-04,Swimming Pool,08:30
M00366,2026-06-26,Basketball,17:00
M00523,2026-07-21,Gym,11:45
M00377,2026-06-02,Gym,21:00
M00023,2026-03-04,Badminton,13:45
M00278,2026-02-20,Swimming Pool,17:45
M00481,2026-03-17,Gym,16:15
M00390,2026-02-05,Badminton,08:15
M00211,2026-02-01,Gym,16:30
M00112,2026-06-13,Gym,09:00
M00141,2026-01-08,Basketball,06:45
M00105,2026-03-05,Basketball,12:00
M00034,2026-04-03,Swimming Pool,11:00
M00317,2026-03-09,Swimming Pool,19:45
M00251,2026-07-11,Badminton,12:30
M00140,2026-03-22,Basketball,09:00
M00420,2026-01-28,Badminton,15:30
M00146,2026-04-16,Gym,14:30
M00323,2026-02-23,Basketball,16:15
M00412,2026-05-16,Swimming Pool,17:00
M00547,2026-01-28,Badminton,15:00
M00188,2026-07-24,Swimming Pool,10:15
M00356,2026-05-23,Badminton,13:30
M00524,2026-01-15,Swimming Pool,16:15
M00521,2026-05-13,Gym,16:00
M00508,2026-03-22,Gym,21:00
M00600,2026-06-25,Basketball,12:30
M00266,2026-07-21,Badminton,10:30
M00186,2026-03-13,Basketball,21:45
M00495,2026-03-06,Badminton,14:45
M00271,2026-07-23,Football,13:00
M00314,2026-04-20,Badminton,07:00
M00446,2026-01-03,Basketball,10:45
M00305,2026-05-20,Basketball,10:45
M00373,2026-07-26,Badminton,12:45
M00474,2026-06-01,Swimming Pool,17:30
M00389,2026-01-06,Football,09:15
M00125,2026-01-06,Badminton,06:45
M00161,2026-08-09,Badminton,14:30
M00203,2026-06-04,Basketball,07:00
M00445,2026-01-16,Football,13:15
M00259,2026-04-30,Gym,20:15
M00407,2026-02-04,Badminton,09:45
M00304,2026-02-21,Gym,18:00
M00223,2026-02-03,Badminton,07:15
M00599,2026-03-18,Swimming Pool,14:30
M00159,2026-04-28,Football,17:15
M00249,2026-04-20,Gym,21:30
M00584,2026-04-17,Badminton,16:30
M00363,2026-07-02,Football,17:45
M00520,2026-08-13,Gym,11:45
M00198,2026-07-05,Gym,21:30
M00148,2026-04-23,Gym,13:15
M00149,2026-08-27,Badminton,06:15
M00219,2026-06-03,Swimming Pool,18:15
M00488,2026-04-10,Gym,20:45
M00278,2026-07-01,Gym,14:00
M00285,2026-07-06,Basketball,16:30
M00102,2026-01-21,Swimming Pool,18:15
M00517,2026-01-21,Gym,06:30
M00007,2026-08-29,Swimming Pool,10:15
M00039,2026-05-03,Badminton,16:30
M00174,2026-07-23,Football,10:45
M00431,2026-05-06,Basketball,14:15
M00212,2026-06-09,Swimming Pool,16:30
M00223,2026-08-22,Swimming Pool,20:15
M00137,2026-07-03,Basketball,12:45
M00593,2026-02-17,Gym,17:00
M00043,2026-01-04,Swimming Pool,18:00
M00502,2026-04-23,Swimming Pool,08:30
M00199,2026-08-17,Badminton,18:45
M00352,2026-02-25,Basketball,08:30
M00366,2026-05-02,Swimming Pool,09:00
M00365,2026-02-16,Gym,12:00
M00570,2026-04-27,Swimming Pool,06:30
M00053,2026-05-02,Football,12:15
M00479,2026-04-26,Swimming Pool,09:15
M00488,2026-02-19,Badminton,08:30
M00530,2026-03-29,Gym,11:45
M00383,2026-06-05,Gym,10:45
M00558,2026-07-03,Gym,06:00
M00484,2026-02-08,Swimming Pool,06:45
M00088,2026-08-12,Swimming Pool,09:30
M00356,2026-02-16,Swimming Pool,16:45
M00039,2026-02-03,Swimming Pool,12:00
M00336,2026-07-27,Football,20:30
M00118,2026-04-28,Badminton,20:00
M00203,2026-02-12,Swimming Pool,06:00
M00445,2026-08-10,Gym,15:00
M00477,2026-03-28,Gym,11:30
M00125,2026-08-31,Swimming Pool,06:00
M00455,2026-05-12,Football,19:45
M00358,2026-05-13,Basketball,16:30
M00555,2026-03-28,Gym,16:00
M00311,2026-03-27,Gym,15:45
M00181,2026-08-19,Swimming Pool,18:45
M00299,2026-06-23,Basketball,10:45
M00183,2026-05-09,Basketball,16:00
M00554,2026-08-22,Gym,15:15
M00041,2026-03-20,Swimming Pool,14:30
M00048,2026-06-24,Badminton,18:15
M00109,2026-05-05,Basketball,14:15
M00303,2026-06-04,Swimming Pool,15:00
M00436,2026-07-20,Basketball,20:30
M00035,2026-04-24,Football,19:30
M00546,2026-03-22,Basketball,14:00
M00089,2026-01-14,Basketball,19:45
M00155,2026-04-20,Badminton,08:45
M00242,2026-06-17,Football,20:30
M00222,2026-04-27,Basketball,07:00
M00164,2026-03-13,Football,12:00
M00442,2026-07-09,Badminton,17:15
M00265,2026-03-05,Basketball,06:30
M00451,2026-01-01,Badminton,07:45
M00206,2026-04-10,Badminton,08:45
M00383,2026-04-11,Football,11:45
M00143,2026-07-13,Gym,13:15
M00481,2026-02-23,Badminton,21:00
M00145,2026-04-04,Basketball,21:15
M00075,2026-02-09,Swimming Pool,06:00
M00566,2026-07-19,Badminton,20:30
M00118,2026-04-05,Swimming Pool,10:30
M00186,2026-03-29,Basketball,18:00
M00008,2026-05-29,Football,06:30
M00503,2026-07-27,Football,12:45
M00048,2026-06-28,Swimming Pool,06:15
M00276,2026-01-19,Swimming Pool,18:30
M00194,2026-02-02,Football,16:45
M00549,2026-03-10,Football,20:45
M00029,2026-07-08,Basketball,07:45
M00046,2026-01-07,Basketball,14:45
M00102,2026-08-01,Badminton,13:15
M00456,2026-01-09,Gym,14:00
M00500,2026-03-21,Badminton,12:45
M00574,2026-04-23,Gym,18:15
M00516,2026-08-22,Basketball,19:15
M00082,2026-08-21,Badminton,21:45
M00309,2026-08-02,Gym,16:30
M00384,2026-08-02,Football,19:45
M00125,2026-05-15,Swimming Pool,15:45
M00315,2026-01-18,Badminton,11:45
M00519,2026-04-03,Swimming Pool,08:30
M00112,2026-07-05,Football,21:15
M00429,2026-02-23,Badminton,11:00
M00165,2026-02-04,Swimming Pool,13:15
M00126,2026-03-22,Football,06:00
M00473,2026-06-28,Gym,12:15
M00007,2026-03-16,Badminton,14:30
M00430,2026-04-27,Basketball,08:30
M00273,2026-01-29,Basketball,18:45
M00008,2026-03-17,Badminton,19:15
M00591,2026-01-22,Gym,18:30
M00380,2026-04-23,Basketball,21:45
M00410,2026-08-27,Badminton,21:45
M00395,2026-04-13,Badminton,21:45
M00048,2026-05-24,Badminton,10:00
M00513,2026-06-21,Badminton,10:45
M00319,2026-03-26,Badminton,11:00
M00503,2026-04-04,Gym,15:45
M00542,2026-02-04,Football,21:15
M00480,2026-04-03,Badminton,14:15
M00171,2026-01-02,Basketball,08:30
M00042,2026-04-17,Football,11:45
M00238,2026-06-15,Football,19:30
M00036,2026-01-16,Basketball,21:15
M00313,2026-04-17,Basketball,12:00
M00252,2026-02-11,Gym,14:15
M00057,2026-02-19,Gym,12:15
M00248,2026-07-30,Gym,08:00
M00115,2026-07-25,Football,14:00
M00411,2026-04-01,Badminton,16:30
M00536,2026-05-08,Badminton,17:15
M00297,2026-04-02,Swimming Pool,18:00
M00352,2026-01-20,Badminton,12:45
M00469,2026-08-28,Badminton,17:45
M00536,2026-02-24,Badminton,08:45
M00586,2026-08-14,Football,12:45
M00092,2026-06-18,Swimming Pool,16:30
M00407,2026-04-19,Football,19:15
M00209,2026-07-26,Football,17:45
M00257,2026-01-18,Basketball,10:30
M00397,2026-08-20,Gym,09:00
M00443,2026-02-03,Badminton,19:30
M00482,2026-04-18,Swimming Pool,12:45
M00550,2026-03-14,Swimming Pool,19:30
M00120,2026-05-05,Football,20:15
M00445,2026-05-04,Football,07:00
M00005,2026-02-03,Basketball,08:00
M00321,2026-08-08,Swimming Pool,06:15
M00553,2026-06-19,Basketball,11:00
M00132,2026-02-01,Badminton,08:00
M00281,2026-08-19,Badminton,18:15
M00313,2026-07-28,Badminton,19:15
M00155,2026-01-10,Gym,18:30
M00436,2026-04-15,Swimming Pool,13:15
M00362,2026-01-10,Football,10:30
M00194,2026-07-07,Swimming Pool,18:15
M00331,2026-03-03,Football,08:30
M00015,2026-03-02,Gym,21:30
M00321,2026-08-30,Football,15:00
M00281,2026-08-17,Swimming Pool,07:15
M00290,2026-05-16,Badminton,12:30
M00051,2026-05-05,Badminton,17:00
M00218,2026-07-08,Swimming Pool,11:00
M00599,2026-06-13,Football,20:00
M00144,2026-03-09,Badminton,06:30
M00208,2026-01-23,Gym,06:45
M00496,2026-01-25,Football,11:15
M00337,2026-06-29,Swimming Pool,10:45
M00487,2026-06-11,Swimming Pool,21:45
M00364,2026-03-29,Badminton,20:45
M00067,2026-04-23,Swimming Pool,20:30
M00488,2026-08-31,Swimming Pool,16:30
M00318,2026-05-23,Gym,15:45
M00100,2026-02-16,Basketball,19:45
M00109,2026-03-28,Swimming Pool,12:15
M00273,2026-02-15,Basketball,07:15
M00071,2026-03-30,Gym,09:15
M00261,2026-08-01,Swimming Pool,13:00
M00448,2026-02-10,Basketball,16:15
M00295,2026-07-27,Basketball,21:15
M00221,2026-06-30,Football,08:15
M00045,2026-02-26,Basketball,09:00
M00152,2026-04-24,Badminton,13:30
M00323,2026-04-29,Gym,15:15
M00087,2026-07-22,Gym,19:15
M00182,2026-01-09,Basketball,16:00
M00047,2026-01-01,Badminton,14:15
M00404,2026-03-06,Swimming Pool,18:30
M00298,2026-03-06,Swimming Pool,11:45
M00096,2026-03-06,Swimming Pool,11:00
M00058,2026-04-29,Swimming Pool,11:45
M00408,2026-07-03,Football,13:30
M00161,2026-04-29,Football,07:45
M00559,2026-03-23,Basketball,09:00
M00224,2026-02-18,Football,17:15
M00041,2026-01-04,Gym,07:00
M00434,2026-02-24,Swimming Pool,16:45
M00488,2026-08-27,Basketball,16:30
M00413,2026-04-05,Football,19:00
M00491,2026-02-12,Football,15:45
M00029,2026-03-03,Badminton,14:45
M00222,2026-02-26,Swimming Pool,15:45
M00363,2026-06-16,Basketball,15:00
M00343,2026-03-17,Basketball,12:30
M00124,2026-04-30,Badminton,21:15
M00322,2026-07-13,Gym,17:00
M00512,2026-04-12,Football,18:30
M00580,2026-04-03,Football,19:30
M00422,2026-01-04,Gym,13:15
M00459,2026-07-10,Badminton,10:15
M00584,2026-08-04,Basketball,14:30
M00144,2026-01-23,Gym,11:15
M00131,2026-03-25,Gym,14:30
M00362,2026-05-03,Football,17:15
M00465,2026-06-14,Swimming Pool,13:45
M00407,2026-04-16,Gym,14:00
M00292,2026-02-06,Basketball,15:15
M00059,2026-02-17,Football,21:00
M00559,2026-01-20,Swimming Pool,21:15
M00184,2026-06-01,Football,10:00
M00017,2026-06-08,Swimming Pool,17:15
M00319,2026-08-17,Swimming Pool,10:15
M00379,2026-01-09,Gym,15:45
M00137,2026-05-23,Badminton,06:45
M00443,2026-06-23,Football,16:15
M00056,2026-08-24,Football,20:15
M00302,2026-07-12,Basketball,18:45
M00025,2026-01-13,Basketball,10:30
M00311,2026-04-13,Basketball,18:45
M00317,2026-06-26,Football,13:45
M00005,2026-06-24,Football,15:15
M00531,2026-04-15,Football,11:30
M00017,2026-05-16,Badminton,16:15
M00343,2026-07-21,Basketball,11:45
M00189,2026-04-07,Basketball,10:15
M00147,2026-03-25,Basketball,11:45
M00251,2026-06-11,Badminton,19:15
M00485,2026-01-15,Badminton,20:15
M00198,2026-07-19,Swimming Pool,14:30
M00441,2026-04-17,Basketball,09:00
M00362,2026-01-26,Badminton,18:00
M00560,2026-01-13,Basketball,18:15
M00515,2026-07-28,Football,18:45
M00174,2026-03-11,Badminton,14:00
M00252,2026-06-24,Football,17:00
M00533,2026-04-20,Football,16:45
M00089,2026-02-28,Badminton,14:00
M00575,2026-05-19,Swimming Pool,13:00
M00558,2026-03-05,Football,06:00
M00405,2026-05-29,Swimming Pool,14:45
M00431,2026-05-30,Gym,10:15
M00506,2026-05-07,Football,13:00
M00094,2026-07-18,Swimming Pool,11:00
M00079,2026-04-09,Swimming Pool,09:30
M00185,2026-01-08,Gym,10:15
M00594,2026-01-26,Badminton,10:15
M00075,2026-08-26,Swimming Pool,13:45
M00223,2026-06-23,Gym,15:00
M00567,2026-02-15,Gym,11:45
M00047,2026-02-16,Swimming Pool,09:45
M00496,2026-02-17,Gym,09:15
M00357,2026-06-04,Gym,13:00
M00468,2026-05-05,Badminton,18:00
M00008,2026-06-28,Gym,09:00
M00475,2026-04-07,Badminton,12:15
M00302,2026-08-06,Badminton,13:30
M00224,2026-07-20,Football,21:00
M00382,2026-08-22,Gym,16:30
M00505,2026-03-19,Basketball,09:00
M00477,2026-06-10,Gym,20:00
M00137,2026-05-04,Swimming Pool,11:00
M00261,2026-01-14,Gym,13:00
M00559,2026-08-27,Swimming Pool,15:00
M00184,2026-08-03,Swimming Pool,11:00
M00390,2026-06-20,Gym,06:30
M00220,2026-02-15,Badminton,08:15
M00143,2026-06-24,Badminton,11:45
M00394,2026-02-11,Badminton,10:00
M00168,2026-01-23,Swimming Pool,09:00
M00448,2026-04-30,Football,17:30
M00170,2026-05-16,Swimming Pool,11:45
M00506,2026-06-23,Gym,09:00
M00411,2026-04-25,Football,09:00
M00444,2026-08-25,Basketball,19:15
M00008,2026-02-15,Badminton,09:30
M00194,2026-05-10,Basketball,14:15
M00443,2026-04-24,Swimming Pool,06:15
M00176,2026-01-11,Football,15:00
M00495,2026-06-25,Badminton,12:00
M00290,2026-08-31,Gym,17:15
M00080,2026-06-05,Football,14:00
M00063,2026-06-20,Badminton,06:45
M00331,2026-07-23,Badminton,06:30
M00514,2026-03-23,Swimming Pool,15:45
M00502,2026-04-25,Gym,13:45
M00517,2026-03-06,Basketball,20:45
M00051,2026-07-07,Gym,13:00
M00461,2026-04-11,Badminton,15:00
M00348,2026-08-28,Football,13:30
M00336,2026-07-03,Gym,08:45
M00168,2026-04-24,Swimming Pool,20:45
M00249,2026-08-27,Swimming Pool,11:00
M00121,2026-08-05,Football,13:15
M00012,2026-04-03,Gym,08:15
M00065,2026-07-31,Swimming Pool,14:00
M00438,2026-08-18,Swimming Pool,18:00
M00075,2026-08-15,Football,07:30
M00031,2026-02-15,Badminton,07:45
M00323,2026-01-17,Gym,21:30
M00487,2026-07-25,Gym,08:45
M00051,2026-06-21,Basketball,14:30
M00451,2026-05-26,Basketball,18:15
M00092,2026-02-11,Badminton,07:45
M00026,2026-03-20,Badminton,08:15
M00556,2026-06-18,Football,09:00
M00128,2026-01-26,Badminton,16:45
M00512,2026-07-23,Basketball,20:45
M00427,2026-08-19,Gym,16:15
M00275,2026-05-25,Basketball,06:00
M00496,2026-01-10,Football,10:00
M00461,2026-04-19,Badminton,16:00
M00495,2026-08-11,Basketball,07:15
M00157,2026-06-20,Swimming Pool,06:30
M00359,2026-02-28,Badminton,20:15
M00451,2026-04-28,Swimming Pool,16:15
M00153,2026-01-16,Football,17:15
M00545,2026-03-10,Football,21:15
M00370,2026-07-01,Football,21:15
M00470,2026-02-13,Football,12:15
M00348,2026-06-29,Basketball,06:15
M00262,2026-01-08,Football,13:45
M00434,2026-02-20,Football,15:45
M00294,2026-05-17,Badminton,14:15
M00466,2026-03-05,Football,13:30
M00403,2026-07-23,Badminton,10:15
M00080,2026-05-22,Football,19:45
M00415,2026-02-12,Swimming Pool,21:15
M00342,2026-08-10,Swimming Pool,13:30
M00004,2026-08-29,Basketball,11:00
M00107,2026-04-16,Basketball,12:15
M00277,2026-07-19,Gym,09:30
M00137,2026-01-24,Badminton,18:15
M00262,2026-08-14,Badminton,11:45
M00217,2026-04-13,Swimming Pool,19:15
M00223,2026-02-19,Badminton,20:00
M00291,2026-03-12,Badminton,17:30
M00121,2026-07-09,Badminton,12:30
M00298,2026-08-28,Swimming Pool,08:00
M00108,2026-04-30,Badminton,14:30
M00301,2026-05-26,Badminton,21:30
M00171,2026-07-15,Gym,15:15
M00308,2026-04-07,Swimming Pool,09:30
M00077,2026-02-11,Football,09:00
M00418,2026-03-11,Basketball,11:30
M00397,2026-03-15,Swimming Pool,20:15
M00260,2026-04-23,Swimming Pool,16:15
M00541,2026-08-14,Basketball,17:00
M00369,2026-03-03,Gym,07:45
M00324,2026-07-27,Gym,14:30
M00078,2026-07-24,Football,13:30
M00492,2026-08-15,Football,11:15
M00050,2026-03-28,Basketball,11:30
M00333,2026-07-09,Swimming Pool,08:00
M00516,2026-01-24,Swimming Pool,14:45
M00308,2026-08-20,Swimming Pool,21:45
M00173,2026-03-20,Swimming Pool,07:00
M00276,2026-06-11,Basketball,06:45
M00431,2026-07-08,Football,18:00
M00028,2026-04-07,Football,19:15
M00457,2026-08-22,Badminton,09:15
M00066,2026-05-13,Basketball,07:45
M00347,2026-01-03,Basketball,08:30
M00449,2026-01-22,Badminton,06:00
M00111,2026-08-19,Swimming Pool,16:00
M00143,2026-07-06,Swimming Pool,08:45
M00046,2026-01-01,Badminton,07:15
M00493,2026-02-12,Football,19:15
M00137,2026-01-29,Swimming Pool,07:45
M00082,2026-03-09,Football,15:15
M00381,2026-01-10,Basketball,18:45
M00464,2026-05-10,Badminton,11:00
M00064,2026-06-15,Gym,15:00
M00285,2026-08-03,Badminton,10:30
M00402,2026-01-04,Basketball,13:45
M00174,2026-03-05,Football,19:00
M00363,2026-05-29,Badminton,11:30
M00280,2026-04-27,Badminton,21:45
M00219,2026-08-18,Basketball,11:15
M00030,2026-03-29,Badminton,21:45
M00589,2026-05-01,Football,12:45
M00455,2026-04-22,Gym,21:30
M00103,2026-01-11,Badminton,12:30
M00549,2026-01-27,Badminton,06:30
M00236,2026-05-26,Gym,13:30
M00445,2026-07-09,Gym,10:30
M00565,2026-06-11,Basketball,18:45
M00016,2026-08-07,Football,19:15
M00366,2026-03-20,Basketball,18:00
M00498,2026-03-25,Gym,11:00
M00059,2026-01-23,Football,15:15
M00399,2026-02-12,Swimming Pool,18:30
M00293,2026-08-23,Gym,06:15
M00285,2026-03-30,Football,15:00
M00514,2026-03-31,Football,13:30
M00416,2026-04-06,Swimming Pool,16:15
M00284,2026-06-14,Swimming Pool,21:45
M00339,2026-01-10,Basketball,19:30
M00331,2026-04-28,Swimming Pool,21:30
M00574,2026-07-27,Badminton,10:30
M00078,2026-02-13,Swimming Pool,16:30
M00430,2026-04-28,Football,07:00
M00504,2026-07-26,Badminton,11:15
M00492,2026-05-31,Swimming Pool,14:45
M00336,2026-08-13,Swimming Pool,12:45
M00509,2026-03-07,Football,07:15
M00062,2026-07-29,Swimming Pool,16:30
M00039,2026-04-23,Gym,07:30
M00092,2026-03-29,Football,08:15
M00290,2026-02-06,Basketball,16:45
M00328,2026-02-26,Football,16:00
M00207,2026-06-22,Football,21:45
M00254,2026-03-27,Swimming Pool,15:45
M00073,2026-03-21,Swimming Pool,19:15
M00023,2026-03-11,Gym,17:15
M00023,2026-04-12,Swimming Pool,12:30
M00418,2026-01-20,Gym,21:45
M00194,2026-04-25,Swimming Pool,11:45
M00358,2026-06-04,Swimming Pool,12:00
M00294,2026-01-27,Football,08:45
M00088,2026-07-25,Basketball,07:15
M00208,2026-08-01,Swimming Pool,07:30
M00299,2026-03-14,Gym,15:15
M00430,2026-06-17,Basketball,07:15
M00017,2026-06-11,Football,12:00
M00228,2026-05-01,Football,07:15
M00069,2026-01-09,Football,13:45
M00498,2026-07-05,Basketball,21:45
M00475,2026-04-27,Swimming Pool,19:30
M00468,2026-04-07,Badminton,17:30
M00306,2026-03-26,Football,07:15
M00257,2026-08-19,Football,09:30
M00257,2026-02-21,Badminton,09:00
M00052,2026-02-05,Basketball,12:30
M00381,2026-02-22,Swimming Pool,07:15
M00197,2026-06-26,Swimming Pool,12:00
M00211,2026-04-04,Gym,15:30
M00345,2026-07-11,Gym,20:00
M00147,2026-04-07,Badminton,06:45
M00142,2026-07-24,Basketball,06:45
M00451,2026-03-14,Gym,16:00
M00305,2026-03-20,Football,21:45
M00161,2026-01-28,Basketball,15:15
M00262,2026-06-19,Swimming Pool,20:45
M00256,2026-01-14,Swimming Pool,15:00
M00448,2026-05-26,Badminton,21:15
M00354,2026-02-12,Gym,11:15
M00370,2026-05-10,Football,12:45
M00474,2026-07-16,Gym,11:30
M00560,2026-02-16,Football,14:00
M00308,2026-08-01,Football,17:00
M00394,2026-06-23,Badminton,08:30
M00322,2026-08-03,Basketball,15:30
M00443,2026-03-06,Badminton,10:15
M00599,2026-01-02,Gym,14:00
M00380,2026-02-13,Badminton,10:45
M00508,2026-05-18,Badminton,16:30
M00506,2026-08-16,Gym,08:45
M00500,2026-06-03,Badminton,07:00
M00309,2026-04-07,Basketball,07:15
M00434,2026-05-06,Swimming Pool,16:00
M00132,2026-08-21,Football,06:00
M00318,2026-06-20,Gym,20:45
M00034,2026-08-01,Basketball,13:30
M00434,2026-01-11,Swimming Pool,09:45
M00101,2026-02-26,Badminton,06:45
M00131,2026-07-25,Gym,18:30
M00359,2026-05-04,Badminton,11:45
M00354,2026-03-15,Swimming Pool,12:15
M00576,2026-07-13,Basketball,21:30
M00093,2026-04-01,Gym,19:45
M00534,2026-08-28,Football,08:30
M00368,2026-07-10,Basketball,09:30
M00374,2026-08-02,Basketball,19:00
M00432,2026-04-17,Football,15:00
M00580,2026-03-03,Basketball,13:45
M00257,2026-04-15,Gym,16:30
M00322,2026-01-31,Basketball,09:00
M00225,2026-02-23,Football,16:45
M00193,2026-02-17,Swimming Pool,14:30
M00077,2026-05-11,Swimming Pool,17:45
M00414,2026-01-18,Football,10:00
M00149,2026-06-14,Basketball,20:30
M00572,2026-08-03,Basketball,21:30
M00539,2026-05-04,Football,19:15
M00088,2026-05-27,Basketball,13:00
M00356,2026-02-11,Basketball,07:30
M00210,2026-04-10,Football,11:15
M00356,2026-07-28,Football,08:45
M00257,2026-02-04,Swimming Pool,06:00
M00138,2026-05-04,Badminton,18:00
M00114,2026-05-05,Basketball,12:00
M00093,2026-05-27,Football,19:15
M00478,2026-06-24,Gym,17:30
M00232,2026-07-27,Basketball,06:45
M00154,2026-02-14,Swimming Pool,06:45
M00194,2026-03-31,Basketball,21:15
M00362,2026-05-06,Basketball,17:45
M00297,2026-02-12,Football,15:00
M00002,2026-07-24,Badminton,06:00
M00223,2026-08-07,Swimming Pool,21:15
M00019,2026-02-25,Swimming Pool,15:15
M00456,2026-03-19,Basketball,12:30
M00131,2026-06-24,Swimming Pool,16:45
M00083,2026-01-30,Football,10:00
M00249,2026-08-02,Football,06:45
M00597,2026-03-26,Football,19:15
M00069,2026-05-24,Badminton,12:00
M00106,2026-01-25,Swimming Pool,08:45
M00497,2026-07-23,Football,06:15
M00401,2026-04-19,Basketball,18:15
M00402,2026-06-16,Football,15:45
M00180,2026-05-10,Gym,13:15
M00425,2026-08-06,Badminton,14:30
M00011,2026-02-19,Swimming Pool,21:00
M00178,2026-06-20,Football,14:00
M00231,2026-05-06,Badminton,12:30
M00203,2026-06-20,Gym,12:15
M00257,2026-07-09,Badminton,10:45
M00338,2026-04-17,Basketball,09:30
M00049,2026-07-28,Swimming Pool,07:30
M00413,2026-05-09,Basketball,07:45
M00069,2026-02-02,Basketball,16:15
M00291,2026-08-06,Football,15:00
M00513,2026-04-02,Swimming Pool,13:15
M00005,2026-08-21,Gym,16:00
M00284,2026-05-31,Basketball,20:45
M00424,2026-03-10,Football,08:15
M00410,2026-07-05,Gym,19:30
M00452,2026-04-16,Badminton,10:15
M00138,2026-06-30,Basketball,09:30
M00276,2026-07-01,Football,06:15
M00577,2026-03-20,Football,14:30
M00195,2026-06-21,Badminton,16:45
M00492,2026-08-02,Basketball,18:00
M00244,2026-08-24,Football,19:30
M00349,2026-01-05,Gym,08:30
M00355,2026-07-04,Basketball,20:15
M00146,2026-08-31,Swimming Pool,17:15
M00393,2026-07-26,Gym,09:30
M00090,2026-02-09,Basketball,06:45
M00393,2026-01-28,Football,16:15
M00420,2026-01-09,Football,21:00
M00449,2026-02-04,Gym,10:00
M00229,2026-08-26,Swimming Pool,09:00
M00162,2026-01-03,Football,19:45
M00489,2026-04-20,Swimming Pool,20:15
M00018,2026-02-21,Basketball,13:30
M00257,2026-05-09,Swimming Pool,18:30
M00431,2026-05-04,Gym,20:00
M00594,2026-06-11,Gym,17:45
M00334,2026-05-06,Badminton,12:45
M00501,2026-05-03,Gym,16:30
M00401,2026-07-29,Basketball,12:15
M00078,2026-04-11,Badminton,06:30
M00278,2026-04-19,Football,21:15
M00052,2026-07-13,Badminton,19:00
M00060,2026-08-06,Swimming Pool,16:15
M00097,2026-02-04,Football,11:45
M00430,2026-02-02,Badminton,14:45
M00521,2026-08-18,Gym,07:30
M00529,2026-01-14,Badminton,06:00
M00301,2026-04-09,Gym,16:45
M00014,2026-01-11,Gym,08:00
M00036,2026-04-26,Swimming Pool,16:30
M00402,2026-04-23,Swimming Pool,15:45
M00290,2026-03-04,Basketball,13:00
M00568,2026-06-04,Badminton,09:15
M00110,2026-05-28,Football,16:45
M00510,2026-01-18,Football,13:15
M00112,2026-02-21,Gym,17:30
M00129,2026-08-27,Football,14:15
M00368,2026-06-11,Gym,09:00
M00597,2026-06-17,Gym,12:30
M00308,2026-08-09,Gym,15:15
M00592,2026-03-14,Gym,11:30
M00579,2026-04-25,Football,07:15
M00143,2026-03-05,Football,20:45
M00480,2026-04-10,Basketball,07:45
M00170,2026-08-04,Football,16:00
M00207,2026-07-19,Badminton,06:15
M00578,2026-06-06,Basketball,12:45
M00294,2026-03-16,Swimming Pool,06:00
M00523,2026-02-20,Basketball,13:15
M00583,2026-06-20,Swimming Pool,20:00
M00185,2026-04-09,Basketball,13:15
M00005,2026-05-01,Gym,17:30
M00573,2026-01-21,Football,16:00
M00228,2026-02-27,Gym,08:45
M00522,2026-04-17,Gym,16:45
M00460,2026-04-14,Basketball,21:00
M00140,2026-06-30,Football,10:00
M00234,2026-01-16,Swimming Pool,20:30
M00449,2026-03-11,Gym,17:15
M00244,2026-06-23,Gym,12:45
M00014,2026-04-07,Basketball,21:45
M00114,2026-06-02,Swimming Pool,14:45
M00180,2026-04-07,Badminton,16:45
M00066,2026-02-18,Basketball,15:45
M00489,2026-08-31,Badminton,17:00
M00317,2026-03-22,Swimming Pool,20:30
M00182,2026-04-01,Basketball,15:30
M00531,2026-05-17,Swimming Pool,16:15
M00430,2026-06-17,Football,07:00
M00534,2026-04-04,Gym,09:00
M00323,2026-07-08,Basketball,21:15
M00238,2026-05-20,Badminton,08:30
M00471,2026-04-20,Badminton,19:45
M00038,2026-06-16,Badminton,07:45
M00545,2026-01-03,Football,12:15
M00070,2026-08-09,Football,13:30
M00445,2026-03-24,Gym,11:45
M00328,2026-05-11,Basketball,07:15
M00307,2026-07-11,Badminton,18:15
M00247,2026-08-07,Swimming Pool,10:15
M00308,2026-06-09,Badminton,10:30
M00329,2026-04-26,Gym,16:00
M00325,2026-08-10,Badminton,21:15
M00413,2026-02-19,Football,06:15
M00171,2026-03-10,Swimming Pool,20:00
M00387,2026-01-29,Football,18:15
M00524,2026-08-21,Basketball,20:30
M00493,2026-04-17,Swimming Pool,12:45
M00026,2026-02-23,Football,17:30
M00481,2026-05-24,Basketball,11:45
M00540,2026-01-25,Football,12:00
M00159,2026-02-15,Football,14:00
M00180,2026-08-27,Swimming Pool,10:00
M00402,2026-02-17,Badminton,13:30
M00098,2026-08-22,Football,17:30
M00350,2026-04-05,Badminton,08:15
M00326,2026-05-18,Football,13:00
M00268,2026-07-16,Gym,07:15
M00356,2026-04-13,Swimming Pool,06:15
M00163,2026-05-10,Swimming Pool,19:45
M00196,2026-03-25,Badminton,06:30
M00458,2026-05-29,Football,18:30
M00454,2026-01-26,Basketball,19:15
M00095,2026-02-19,Swimming Pool,17:00
M00538,2026-04-17,Swimming Pool,19:30
M00396,2026-03-16,Swimming Pool,15:45
M00396,2026-01-13,Football,11:15
M00021,2026-05-28,Swimming Pool,17:45
M00182,2026-05-14,Football,15:45
M00479,2026-08-27,Swimming Pool,18:15
M00080,2026-04-12,Swimming Pool,13:00
M00568,2026-03-17,Basketball,07:00
M00481,2026-02-10,Basketball,10:00
M00242,2026-08-30,Swimming Pool,18:30
M00051,2026-05-12,Badminton,21:30
M00585,2026-01-21,Gym,19:15
M00261,2026-08-07,Swimming Pool,07:15
M00098,2026-01-16,Gym,18:45
M00241,2026-07-16,Basketball,19:15
M00148,2026-05-15,Badminton,17:30
M00314,2026-01-19,Badminton,06:30
M00465,2026-06-07,Basketball,10:15
M00589,2026-04-01,Gym,09:00
M00524,2026-03-21,Football,19:00
M00038,2026-04-08,Basketball,07:00
M00188,2026-08-10,Basketball,06:30
M00429,2026-06-01,Gym,09:45
M00269,2026-06-06,Badminton,12:00
M00389,2026-08-17,Swimming Pool,15:30
M00075,2026-01-07,Basketball,18:45
M00559,2026-05-20,Badminton,16:45
M00227,2026-08-06,Swimming Pool,08:45
M00358,2026-01-15,Swimming Pool,14:15
M00217,2026-07-18,Football,12:30
M00273,2026-07-10,Badminton,06:45
M00079,2026-07-24,Gym,06:45
M00176,2026-06-07,Football,17:00
M00173,2026-03-04,Gym,17:00
M00436,2026-04-22,Basketball,09:30
M00554,2026-03-28,Swimming Pool,13:15
M00125,2026-05-08,Gym,14:45
M00589,2026-07-14,Badminton,17:30
M00068,2026-02-13,Football,11:30
M00593,2026-02-15,Swimming Pool,06:15
M00520,2026-06-21,Football,08:30
M00186,2026-01-13,Football,17:15
M00114,2026-08-05,Basketball,18:00
M00124,2026-07-28,Swimming Pool,19:45
M00171,2026-03-27,Gym,16:00
M00489,2026-07-08,Swimming Pool,10:30
M00065,2026-03-01,Football,15:15
M00056,2026-03-05,Swimming Pool,17:00
M00173,2026-05-05,Badminton,18:15
M00246,2026-05-24,Swimming Pool,15:30
M00049,2026-07-14,Swimming Pool,21:45
M00364,2026-03-07,Swimming Pool,14:15
M00576,2026-07-13,Badminton,06:15
M00231,2026-01-07,Football,19:30
M00099,2026-03-15,Football,19:15
M00132,2026-06-01,Gym,16:00
M00341,2026-01-15,Badminton,21:00
M00343,2026-05-30,Gym,16:00
M00571,2026-02-02,Swimming Pool,20:45
M00175,2026-01-27,Gym,07:45
M00260,2026-03-15,Badminton,21:15
M00582,2026-01-28,Gym,21:00
M00497,2026-08-29,Badminton,06:00
M00206,2026-07-01,Badminton,17:45
M00541,2026-06-23,Football,14:45
M00338,2026-06-22,Basketball,12:45
M00301,2026-07-19,Badminton,18:45
M00387,2026-08-31,Gym,20:15
M00225,2026-04-11,Basketball,07:30
M00482,2026-03-09,Gym,10:00
M00572,2026-01-28,Football,06:15
M00447,2026-05-13,Football,12:15
M00365,2026-08-04,Swimming Pool,15:00
M00314,2026-02-25,Football,13:30
M00120,2026-04-13,Gym,10:45
M00337,2026-05-04,Basketball,17:15
M00441,2026-04-18,Football,15:00
M00223,2026-06-20,Gym,19:15
M00410,2026-05-01,Football,08:45
M00323,2026-02-08,Badminton,08:15
M00347,2026-03-04,Basketball,18:30
M00161,2026-06-06,Football,13:15
M00012,2026-02-23,Football,17:15
M00376,2026-02-04,Basketball,07:30
M00193,2026-02-16,Football,20:15
M00298,2026-06-30,Gym,08:00
M00261,2026-06-08,Football,21:30
M00467,2026-03-26,Badminton,21:15
M00461,2026-08-08,Basketball,07:30
M00041,2026-05-28,Basketball,20:00
M00318,2026-04-04,Basketball,16:45
M00462,2026-03-01,Football,18:00
M00033,2026-06-19,Swimming Pool,14:00
M00352,2026-05-01,Swimming Pool,18:00
M00053,2026-05-13,Gym,15:00
M00509,2026-08-15,Badminton,19:30
M00220,2026-01-09,Basketball,11:00
M00515,2026-06-19,Football,20:45
M00070,2026-06-23,Basketball,09:45
M00328,2026-05-10,Basketball,11:15
M00421,2026-03-05,Badminton,08:00
M00033,2026-03-09,Football,16:45
M00570,2026-08-23,Basketball,20:00
M00149,2026-04-09,Badminton,21:15
M00563,2026-08-01,Gym,10:00
M00171,2026-08-06,Basketball,17:15
M00265,2026-05-28,Football,08:45
M00027,2026-06-13,Football,15:00
M00357,2026-06-23,Football,16:30
M00198,2026-04-30,Swimming Pool,07:30
M00220,2026-04-27,Basketball,12:00
M00543,2026-03-24,Badminton,18:45
M00023,2026-05-07,Gym,19:30
M00262,2026-05-21,Gym,14:30
M00003,2026-01-02,Gym,14:00
M00456,2026-04-05,Basketball,07:15
M00245,2026-07-18,Gym,07:45
M00320,2026-07-18,Gym,20:45
M00163,2026-05-30,Basketball,11:15
M00576,2026-05-09,Badminton,15:15
M00465,2026-08-25,Swimming Pool,14:30
M00498,2026-05-28,Football,10:30
M00118,2026-07-24,Football,21:15
M00421,2026-04-15,Badminton,14:45
M00376,2026-05-11,Basketball,13:45
M00069,2026-08-22,Gym,16:15
M00147,2026-04-01,Football,07:45
M00508,2026-04-28,Gym,16:15
M00411,2026-01-01,Gym,21:30
M00230,2026-06-29,Gym,14:00
M00162,2026-03-31,Basketball,07:00
M00301,2026-01-31,Swimming Pool,09:45
M00407,2026-08-05,Basketball,20:30
M00152,2026-05-03,Gym,20:00
M00160,2026-08-14,Basketball,20:00
M00450,2026-04-21,Swimming Pool,16:00
M00421,2026-08-12,Badminton,11:45
M00162,2026-05-26,Football,06:30
M00216,2026-05-12,Football,09:45
M00417,2026-04-29,Basketball,10:15
M00449,2026-01-09,Swimming Pool,17:30
M00253,2026-01-19,Basketball,13:00
M00327,2026-05-11,Badminton,19:30
M00495,2026-02-02,Badminton,19:00
M00290,2026-04-09,Basketball,11:00
M00210,2026-04-22,Football,06:45
M00111,2026-03-23,Badminton,07:15
M00403,2026-08-22,Gym,13:30
M00031,2026-06-29,Football,21:15
M00096,2026-08-10,Swimming Pool,10:00
M00443,2026-04-09,Basketball,19:45
M00331,2026-03-15,Gym,16:15
M00184,2026-03-13,Swimming Pool,09:45
M00579,2026-03-13,Swimming Pool,16:15
M00171,2026-08-30,Football,19:00
M00478,2026-05-21,Gym,17:00
M00246,2026-05-13,Gym,16:45
M00230,2026-02-17,Gym,13:45
M00455,2026-08-08,Football,18:30
M00366,2026-03-27,Badminton,10:45
M00113,2026-03-22,Gym,06:45
M00012,2026-07-08,Badminton,17:45
M00009,2026-04-04,Swimming Pool,17:00
M00576,2026-04-13,Football,21:30
M00297,2026-01-24,Swimming Pool,12:30
M00597,2026-08-03,Football,19:15
M00326,2026-05-24,Basketball,10:45
M00253,2026-03-22,Basketball,06:00
M00393,2026-06-15,Swimming Pool,16:30
M00065,2026-04-04,Gym,21:45
M00372,2026-01-20,Football,12:45
M00534,2026-03-06,Football,16:15
M00069,2026-08-02,Swimming Pool,20:15
M00274,2026-07-15,Badminton,16:00
M00068,2026-06-09,Basketball,19:15
M00115,2026-02-20,Badminton,19:00
M00407,2026-03-12,Basketball,08:30
M00153,2026-08-29,Basketball,16:15
M00155,2026-07-27,Swimming Pool,10:30
M00461,2026-01-11,Football,09:00
M00110,2026-03-11,Football,09:15
M00597,2026-07-04,Basketball,08:30
M00045,2026-07-18,Football,14:15
M00459,2026-07-16,Badminton,09:15
M00412,2026-05-12,Gym,21:15
M00009,2026-07-06,Gym,06:30
M00528,2026-05-19,Football,06:30
M00521,2026-01-11,Football,09:30
M00017,2026-02-19,Swimming Pool,15:00
M00349,2026-01-09,Football,09:00
M00348,2026-04-07,Swimming Pool,16:45
M00039,2026-06-12,Swimming Pool,09:15
M00071,2026-01-25,Basketball,19:30
M00429,2026-01-06,Swimming Pool,08:15
M00298,2026-08-20,Basketball,20:45
M00265,2026-02-06,Football,09:15
M00356,2026-05-25,Football,12:45
M00163,2026-01-14,Basketball,14:30
M00599,2026-08-19,Badminton,08:15
M00399,2026-01-02,Football,10:00
M00251,2026-02-27,Gym,14:45
M00379,2026-04-17,Badminton,21:00
M00430,2026-04-11,Badminton,21:00
M00217,2026-01-06,Badminton,17:00
M00311,2026-03-02,Football,18:30
M00103,2026-04-12,Badminton,17:00
M00542,2026-04-09,Swimming Pool,16:15
M00134,2026-07-16,Swimming Pool,13:00
M00484,2026-02-07,Badminton,21:45
M00261,2026-01-25,Swimming Pool,19:00
M00223,2026-06-21,Football,17:30
M00502,2026-03-06,Badminton,18:00
M00517,2026-07-10,Gym,16:15
M00591,2026-03-04,Badminton,07:15
M00378,2026-03-11,Badminton,10:45
M00528,2026-05-16,Badminton,09:15
M00016,2026-04-21,Football,18:30
M00391,2026-06-06,Swimming Pool,11:30
M00425,2026-07-27,Swimming Pool,20:45
M00168,2026-02-05,Swimming Pool,19:15
M00085,2026-07-26,Swimming Pool,21:30
M00237,2026-08-20,Badminton,09:15
M00353,2026-03-28,Basketball,07:15
M00138,2026-08-17,Football,06:00
M00466,2026-05-08,Gym,06:45
M00134,2026-05-25,Badminton,17:00
M00137,2026-07-11,Basketball,15:30
M00466,2026-02-27,Badminton,12:30
M00098,2026-08-14,Badminton,13:00
M00032,2026-07-10,Swimming Pool,11:15
M00127,2026-07-31,Football,19:45
M00480,2026-08-08,Football,07:45
M00433,2026-06-13,Basketball,14:45
M00494,2026-06-15,Swimming Pool,07:00
M00082,2026-06-19,Gym,15:00
M00565,2026-02-28,Football,14:15
M00480,2026-08-05,Football,11:45
M00019,2026-07-22,Gym,20:45
M00488,2026-07-21,Football,17:15
M00193,2026-08-10,Badminton,10:15
M00333,2026-02-24,Football,13:15
M00138,2026-03-09,Swimming Pool,17:45
M00489,2026-04-26,Swimming Pool,20:45
M00259,2026-04-03,Basketball,16:00
M00169,2026-01-28,Football,17:15
M00096,2026-01-26,Badminton,15:45
M00036,2026-02-28,Basketball,12:15
M00597,2026-07-31,Basketball,21:30
M00181,2026-07-27,Gym,15:45
M00340,2026-08-19,Football,13:30
M00516,2026-07-22,Football,15:45
M00487,2026-01-15,Basketball,13:15
M00539,2026-03-29,Swimming Pool,10:00
M00154,2026-08-28,Badminton,15:45
M00084,2026-08-07,Basketball,21:30
M00422,2026-07-11,Basketball,20:00
M00533,2026-07-14,Football,19:15
M00425,2026-07-11,Gym,13:30
M00298,2026-07-19,Badminton,10:00
M00118,2026-07-02,Football,16:45
M00178,2026-02-28,Badminton,07:00
M00288,2026-04-28,Swimming Pool,21:45
M00585,2026-04-19,Swimming Pool,18:15
M00518,2026-08-23,Football,18:30
M00300,2026-07-16,Football,21:45
M00584,2026-01-22,Basketball,10:15
M00021,2026-01-12,Football,09:00
M00031,2026-01-25,Badminton,11:45
M00427,2026-06-02,Gym,18:15
M00328,2026-01-22,Badminton,21:30
M00349,2026-01-28,Badminton,07:45
M00456,2026-01-26,Gym,06:00
M00272,2026-06-11,Badminton,21:15
M00280,2026-02-10,Swimming Pool,21:30
M00404,2026-04-19,Badminton,10:30
M00529,2026-02-20,Gym,17:00
M00468,2026-02-01,Football,20:15
M00340,2026-01-17,Swimming Pool,12:30
M00211,2026-07-14,Swimming Pool,16:15
M00443,2026-04-29,Badminton,20:45
M00510,2026-04-24,Swimming Pool,14:15
M00398,2026-07-24,Badminton,21:30
M00050,2026-02-22,Gym,06:30
M00449,2026-06-03,Gym,14:00
M00482,2026-08-22,Basketball,08:15
M00523,2026-01-08,Basketball,08:00
M00493,2026-08-04,Badminton,18:45
M00423,2026-06-04,Basketball,14:45
M00156,2026-07-23,Gym,20:00
M00175,2026-03-16,Swimming Pool,17:45
M00434,2026-05-09,Swimming Pool,07:15
M00158,2026-03-31,Swimming Pool,18:30
M00148,2026-08-15,Badminton,16:45
M00389,2026-05-06,Swimming Pool,16:00
M00486,2026-05-24,Gym,07:45
M00181,2026-05-14,Swimming Pool,15:45
M00396,2026-03-10,Basketball,08:15
M00388,2026-01-23,Badminton,12:45
M00243,2026-01-28,Football,18:15
M00452,2026-03-27,Basketball,15:30
M00229,2026-05-29,Gym,16:00
M00345,2026-04-11,Basketball,12:00
M00064,2026-06-16,Basketball,12:45
M00149,2026-07-02,Gym,07:30
M00080,2026-04-10,Badminton,07:45
M00523,2026-04-29,Gym,15:00
M00093,2026-02-22,Badminton,12:45
M00253,2026-06-04,Basketball,17:15
M00495,2026-08-25,Swimming Pool,16:45
M00452,2026-04-28,Basketball,07:30
M00370,2026-03-18,Football,07:45
M00092,2026-02-16,Football,18:00
M00334,2026-03-16,Football,11:45
M00010,2026-01-13,Swimming Pool,13:15
M00108,2026-02-24,Swimming Pool,18:15
M00483,2026-07-28,Badminton,19:00
M00161,2026-01-17,Swimming Pool,19:30
M00078,2026-04-03,Basketball,21:00
M00139,2026-07-09,Football,08:30
M00177,2026-06-29,Badminton,08:30
M00424,2026-07-12,Gym,21:45
M00374,2026-03-28,Football,11:15
M00226,2026-06-27,Badminton,17:15
M00560,2026-03-24,Football,21:00
M00448,2026-02-19,Gym,10:15
M00561,2026-07-19,Swimming Pool,13:15
M00366,2026-02-06,Football,20:45
M00107,2026-04-06,Swimming Pool,17:45
M00308,2026-05-05,Swimming Pool,19:30
M00511,2026-03-10,Basketball,14:30
M00329,2026-01-09,Basketball,10:15
M00106,2026-07-14,Gym,09:30
M00051,2026-05-15,Football,07:45
M00324,2026-04-14,Badminton,17:00
M00347,2026-05-19,Gym,06:30
M00543,2026-01-03,Gym,06:45
M00499,2026-06-02,Basketball,14:30
M00512,2026-04-22,Gym,12:45
M00545,2026-07-27,Football,19:45
M00199,2026-08-01,Basketball,15:45
M00339,2026-03-04,Swimming Pool,13:30
M00455,2026-04-24,Badminton,19:15
M00204,2026-05-03,Football,10:15
M00441,2026-08-24,Swimming Pool,09:00
M00354,2026-01-01,Swimming Pool,12:45
M00298,2026-02-22,Football,21:15
M00296,2026-03-22,Gym,16:15
M00119,2026-06-03,Badminton,06:30
M00004,2026-03-06,Basketball,10:45
M00028,2026-06-09,Basketball,19:15
M00078,2026-03-11,Badminton,21:45
M00242,2026-04-15,Basketball,06:30
M00595,2026-01-30,Football,08:45
M00306,2026-05-05,Swimming Pool,18:45
M00374,2026-02-22,Football,20:30
M00537,2026-04-26,Badminton,17:30
M00464,2026-01-30,Swimming Pool,09:30
M00269,2026-03-09,Football,18:00
M00446,2026-03-04,Football,16:15
M00348,2026-05-03,Badminton,21:45
M00495,2026-03-13,Swimming Pool,20:15
M00082,2026-02-06,Swimming Pool,14:45
M00456,2026-04-05,Basketball,08:00
M00562,2026-07-13,Football,21:30
M00383,2026-05-07,Football,13:15
M00192,2026-07-28,Football,07:00
M00062,2026-03-24,Football,06:30
M00294,2026-03-31,Gym,20:15
M00389,2026-03-24,Football,17:30
M00034,2026-03-24,Football,08:15
M00284,2026-03-19,Swimming Pool,15:45
M00129,2026-08-09,Basketball,09:15
M00193,2026-06-06,Swimming Pool,13:00
M00417,2026-03-28,Swimming Pool,12:30
M00200,2026-08-13,Badminton,21:30
M00600,2026-06-21,Football,06:45
M00161,2026-05-09,Swimming Pool,09:45
M00001,2026-05-15,Basketball,21:30
M00482,2026-05-10,Football,10:45
M00195,2026-04-30,Basketball,13:00
M00481,2026-04-27,Swimming Pool,13:45
M00395,2026-04-16,Gym,21:45
M00516,2026-07-27,Badminton,16:00
M00057,2026-06-25,Badminton,14:30
M00048,2026-04-24,Swimming Pool,18:15
M00028,2026-06-25,Gym,06:45
M00237,2026-07-01,Swimming Pool,10:45
M00365,2026-02-07,Basketball,11:30
M00297,2026-04-09,Swimming Pool,06:30
M00312,2026-06-21,Gym,17:45
M00512,2026-01-31,Gym,20:45
M00328,2026-02-22,Football,20:15
M00285,2026-07-25,Badminton,08:45
M00036,2026-05-10,Football,15:00
M00507,2026-03-26,Badminton,12:00
M00374,2026-02-20,Basketball,16:45
M00146,2026-04-22,Football,12:30
M00035,2026-07-16,Basketball,06:30
M00085,2026-07-24,Swimming Pool,07:45
M00426,2026-04-25,Swimming Pool,08:15
M00548,2026-01-28,Badminton,18:15
M00567,2026-04-26,Gym,11:45
M00534,2026-08-28,Badminton,13:45
M00583,2026-08-13,Football,10:00
M00296,2026-07-05,Football,11:30
M00087,2026-02-27,Basketball,09:45
M00248,2026-01-01,Basketball,12:00
M00542,2026-04-06,Football,12:00
M00418,2026-05-24,Badminton,12:45
M00529,2026-08-26,Gym,19:45
M00166,2026-02-20,Football,18:45
M00345,2026-06-20,Basketball,07:45
M00487,2026-05-04,Badminton,17:30
M00460,2026-07-20,Swimming Pool,16:30
M00103,2026-07-27,Gym,16:45
M00493,2026-08-19,Swimming Pool,17:00
M00301,2026-01-11,Swimming Pool,16:00
M00027,2026-06-10,Football,16:30
M00542,2026-04-25,Swimming Pool,12:30
M00497,2026-05-09,Badminton,17:45
M00153,2026-01-12,Football,06:15
M00296,2026-08-29,Gym,06:30
M00088,2026-04-05,Gym,20:30
M00594,2026-03-04,Gym,18:45
M00015,2026-05-14,Gym,19:00
M00089,2026-03-29,Badminton,18:45
M00092,2026-03-01,Badminton,06:30
M00452,2026-06-19,Badminton,07:00
M00043,2026-08-12,Badminton,16:30
M00035,2026-08-31,Football,10:15
M00490,2026-01-06,Basketball,07:45
M00318,2026-06-05,Badminton,13:30
M00448,2026-06-16,Badminton,07:15
M00404,2026-02-24,Football,12:45
M00300,2026-05-05,Swimming Pool,11:30
M00372,2026-03-25,Football,09:45
M00040,2026-05-15,Swimming Pool,13:30
M00067,2026-07-20,Badminton,11:30
M00279,2026-06-15,Football,19:45
M00254,2026-06-21,Football,07:00
M00036,2026-03-08,Badminton,12:00
M00280,2026-06-29,Football,19:45
M00170,2026-08-04,Badminton,09:30
M00011,2026-06-25,Football,18:00
M00449,2026-01-14,Football,20:15
M00076,2026-05-08,Gym,09:45
M00417,2026-05-17,Football,09:15
M00019,2026-02-28,Football,15:45
M00112,2026-06-23,Swimming Pool,09:30
M00056,2026-01-26,Basketball,14:30
M00268,2026-08-26,Basketball,18:15
M00379,2026-04-23,Swimming Pool,09:15
M00358,2026-02-26,Basketball,09:15
M00452,2026-04-14,Football,20:45
M00177,2026-07-17,Swimming Pool,17:45
M00599,2026-08-30,Badminton,21:30
M00373,2026-01-10,Football,07:45
M00123,2026-04-30,Swimming Pool,13:00
M00345,2026-07-18,Basketball,09:45
M00038,2026-08-17,Badminton,11:45
M00085,2026-03-09,Badminton,20:00
M00428,2026-03-27,Gym,14:30
M00108,2026-04-05,Swimming Pool,19:30
M00291,2026-03-30,Football,10:45
M00293,2026-07-06,Badminton,14:00
M00588,2026-07-24,Gym,13:45
M00572,2026-01-12,Badminton,21:45
M00139,2026-01-06,Football,12:15
M00455,2026-03-05,Football,18:30
M00169,2026-03-21,Swimming Pool,21:45
M00003,2026-06-30,Basketball,15:00
M00319,2026-04-22,Badminton,14:00
M00175,2026-04-22,Gym,12:30
M00196,2026-03-14,Swimming Pool,16:30
M00350,2026-04-09,Gym,12:15
M00441,2026-07-04,Swimming Pool,08:15
M00547,2026-03-07,Gym,17:30
M00075,2026-08-04,Gym,17:30
M00136,2026-08-11,Badminton,10:45
M00348,2026-01-02,Badminton,18:00
M00523,2026-08-20,Badminton,11:00
M00450,2026-02-10,Basketball,08:15
M00401,2026-02-18,Swimming Pool,15:00
M00189,2026-06-18,Football,12:45
M00543,2026-08-28,Gym,13:15
M00417,2026-05-01,Swimming Pool,20:15
M00250,2026-02-09,Basketball,10:45
M00458,2026-08-23,Basketball,20:30
M00445,2026-08-14,Football,16:00
M00595,2026-06-12,Badminton,18:45
M00469,2026-07-12,Badminton,10:30
M00275,2026-06-05,Football,12:00
M00207,2026-04-17,Basketball,17:45
M00161,2026-08-10,Basketball,19:30
M00005,2026-08-21,Badminton,13:45
M00433,2026-08-18,Basketball,12:15
M00033,2026-02-18,Gym,18:00
M00212,2026-08-12,Gym,21:45
M00016,2026-03-29,Swimming Pool,15:00
M00213,2026-05-22,Football,13:15
M00205,2026-01-27,Badminton,09:00
M00108,2026-04-12,Basketball,14:00
M00162,2026-03-05,Basketball,10:00
M00123,2026-08-12,Football,13:30
M00199,2026-01-19,Gym,17:30
M00247,2026-05-25,Basketball,09:30
M00497,2026-03-04,Badminton,08:30
M00594,2026-07-25,Gym,06:45
M00437,2026-01-04,Football,19:15
M00242,2026-07-03,Basketball,17:00
M00297,2026-04-12,Gym,10:45
M00179,2026-07-27,Swimming Pool,15:45
M00566,2026-06-13,Football,10:15
M00345,2026-01-27,Football,10:45
M00102,2026-08-30,Swimming Pool,16:00
M00426,2026-02-02,Gym,07:30
M00034,2026-01-20,Badminton,21:45
M00019,2026-04-12,Swimming Pool,08:00
M00578,2026-06-06,Basketball,17:15
M00433,2026-05-16,Basketball,19:30
M00051,2026-05-17,Swimming Pool,19:00
M00401,2026-05-23,Swimming Pool,09:30
M00043,2026-04-24,Swimming Pool,21:15
M00056,2026-05-15,Basketball,08:30
M00203,2026-05-29,Gym,12:00
M00159,2026-01-07,Gym,16:45
M00182,2026-04-12,Gym,21:00
M00182,2026-06-16,Badminton,21:30
M00526,2026-07-31,Badminton,20:15
M00065,2026-03-01,Swimming Pool,20:15
M00546,2026-01-31,Badminton,11:15
M00213,2026-02-14,Swimming Pool,20:15
M00336,2026-03-07,Gym,09:30
M00255,2026-05-21,Badminton,21:30
M00299,2026-03-02,Gym,18:30
M00370,2026-06-03,Badminton,20:00
M00059,2026-05-02,Football,11:30
M00439,2026-02-25,Basketball,19:15
M00490,2026-08-04,Badminton,17:30
M00018,2026-03-13,Badminton,13:45
M00370,2026-01-10,Gym,21:45
M00033,2026-06-07,Football,07:15
M00119,2026-04-24,Swimming Pool,09:00
M00233,2026-07-16,Badminton,06:30
M00198,2026-02-23,Swimming Pool,09:30
M00431,2026-05-29,Basketball,14:00
M00119,2026-01-13,Gym,15:45
M00032,2026-01-24,Football,12:15
M00335,2026-02-17,Gym,19:15
M00179,2026-07-27,Basketball,07:15
M00080,2026-04-10,Badminton,10:45
M00409,2026-08-03,Swimming Pool,13:00
M00389,2026-01-25,Badminton,07:15
M00195,2026-01-27,Gym,08:45
M00088,2026-06-26,Basketball,09:30
M00325,2026-04-30,Badminton,07:30
M00113,2026-06-04,Football,17:00
M00115,2026-01-07,Badminton,13:15
M00143,2026-07-08,Gym,08:45
M00033,2026-01-08,Gym,12:15
M00518,2026-06-04,Gym,12:45
M00226,2026-04-25,Football,14:00
M00164,2026-06-28,Basketball,16:30
M00160,2026-02-25,Badminton,09:00
M00390,2026-01-25,Badminton,17:30
M00045,2026-07-06,Basketball,09:45
M00081,2026-05-22,Badminton,17:15
M00072,2026-01-12,Swimming Pool,15:00
M00239,2026-08-10,Gym,18:30
M00465,2026-06-12,Badminton,11:30
M00364,2026-02-23,Badminton,08:15
M00547,2026-07-06,Swimming Pool,11:45
M00389,2026-03-11,Football,13:30
M00058,2026-02-28,Gym,16:45
M00275,2026-01-17,Swimming Pool,16:15
M00512,2026-04-12,Basketball,10:30
M00143,2026-03-05,Football,14:45
M00598,2026-04-13,Badminton,13:15
M00522,2026-05-07,Gym,07:00
M00157,2026-06-10,Swimming Pool,19:00
M00395,2026-04-08,Football,20:30
M00567,2026-08-09,Gym,09:30
M00349,2026-01-29,Badminton,19:15
M00465,2026-01-01,Badminton,11:00
M00306,2026-08-04,Football,12:15
M00383,2026-07-15,Swimming Pool,06:30
M00501,2026-01-05,Gym,17:30
M00246,2026-01-15,Swimming Pool,08:00
M00498,2026-07-28,Gym,10:15
M00487,2026-08-31,Football,11:30
M00541,2026-08-12,Football,19:15
M00553,2026-07-13,Swimming Pool,15:45
M00383,2026-04-23,Football,20:00
M00254,2026-02-27,Gym,16:00
M00568,2026-02-28,Football,13:00
M00073,2026-07-01,Gym,13:00
M00033,2026-08-09,Badminton,08:15
M00286,2026-06-21,Basketball,12:15
M00585,2026-05-28,Basketball,13:45
M00417,2026-02-18,Gym,09:45
M00363,2026-04-19,Basketball,20:00
M00101,2026-01-16,Basketball,16:00
M00255,2026-02-19,Swimming Pool,20:15
M00433,2026-02-16,Badminton,20:15
M00078,2026-04-24,Football,09:00
M00554,2026-08-03,Gym,08:15
M00171,2026-04-15,Basketball,21:15
